#pragma once
#include "lvgl.h"

/* Auto-generated app launcher icons (112x112 RGB565)
 * Field order matches lv_image_header_t in LVGL v9:
 *   magic, cf, flags, w, h, stride, reserved_2
 */

/* camera */
static const uint8_t _icon_camera_data[25088] = {
    0xDF, 0xFF, 0x7D, 0xEF, 0xBB, 0xCE, 0x7B, 0xCE, 0x7B, 0xCE, 0x7B, 0xCE, 0x9B, 0xCE, 0x7B, 0xCE,
    0x7B, 0xC6, 0x7B, 0xC6, 0x1C, 0xDF, 0xDF, 0xF7, 0xFF, 0xFF, 0xFF, 0xFF, 0xDF, 0xFF, 0xFF, 0xFF,
    0xFF, 0xFF, 0xDF, 0xF7, 0x1C, 0xE7, 0x9B, 0xCE, 0x7B, 0xCE, 0x7B, 0xC6, 0x9B, 0xCE, 0x9B, 0xCE,
    0x9B, 0xCE, 0x9B, 0xCE, 0x7B, 0xCE, 0x7B, 0xCE, 0x9B, 0xCE, 0x9B, 0xCE, 0x9B, 0xCE, 0x9B, 0xCE,
    0x7B, 0xC6, 0x7B, 0xC6, 0x9B, 0xCE, 0x7B, 0xCE, 0x7A, 0xC6, 0x9B, 0xCE, 0x9B, 0xCE, 0x7B, 0xCE,
    0x9B, 0xCE, 0x9B, 0xCE, 0x7A, 0xC6, 0x9B, 0xCE, 0x9B, 0xCE, 0x9B, 0xCE, 0x9B, 0xCE, 0x9B, 0xCE,
    0x9B, 0xCE, 0x7A, 0xC6, 0x5A, 0xC6, 0x3A, 0xBE, 0x19, 0xB6, 0xD9, 0xB5, 0xB8, 0xAD, 0xB8, 0xAD,
    0x98, 0xAD, 0x98, 0xAD, 0xB8, 0xAD, 0xD9, 0xB5, 0xF9, 0xB5, 0x19, 0xBE, 0x3A, 0xBE, 0x5A, 0xC6,
    0x7B, 0xCE, 0x9B, 0xCE, 0x9B, 0xCE, 0x9B, 0xCE, 0x9B, 0xCE, 0x7B, 0xC6, 0x7A, 0xC6, 0x7A, 0xC6,
    0x7B, 0xC6, 0x7B, 0xC6, 0x7A, 0xC6, 0x7B, 0xCE, 0x7B, 0xCE, 0x9B, 0xCE, 0x7B, 0xCE, 0x7B, 0xCE,
    0x9B, 0xCE, 0x7B, 0xCE, 0x7B, 0xC6, 0x9B, 0xCE, 0x9B, 0xCE, 0x7B, 0xCE, 0x7B, 0xCE, 0x7B, 0xCE,
    0x7B, 0xCE, 0x7B, 0xCE, 0x7B, 0xCE, 0x7B, 0xCE, 0x9B, 0xCE, 0x7B, 0xCE, 0x7B, 0xCE, 0x7B, 0xC6,
    0x7B, 0xCE, 0x9B, 0xCE, 0x7B, 0xCE, 0x7B, 0xC6, 0x7A, 0xC6, 0x7B, 0xCE, 0x9B, 0xCE, 0x7B, 0xCE,
    0x7B, 0xCE, 0x7B, 0xC6, 0x7B, 0xCE, 0x7B, 0xCE, 0x7B, 0xC6, 0x9B, 0xCE, 0x9B, 0xCE, 0xFC, 0xD6,
    0x7E, 0xEF, 0xBB, 0xD6, 0x7A, 0xC6, 0x7A, 0xC6, 0x7A, 0xC6, 0x7B, 0xC6, 0x7B, 0xCE, 0x7A, 0xC6,
    0x9B, 0xCE, 0x3D, 0xE7, 0xFF, 0xF7, 0x3C, 0xF7, 0x14, 0xFD, 0x30, 0xFC, 0xF0, 0xFB, 0xF0, 0xFB,
    0xF3, 0xFC, 0x1C, 0xF7, 0xFF, 0xF7, 0x3D, 0xE7, 0x9B, 0xCE, 0x7B, 0xC6, 0x7A, 0xC6, 0x7A, 0xC6,
    0x7A, 0xC6, 0x7B, 0xC6, 0x7A, 0xC6, 0x7B, 0xCE, 0x7B, 0xCE, 0x7B, 0xCE, 0x7B, 0xCE, 0x7A, 0xC6,
    0x7A, 0xC6, 0x7B, 0xCE, 0x7A, 0xC6, 0x7A, 0xC6, 0x7A, 0xC6, 0x7B, 0xCE, 0x7B, 0xCE, 0x7A, 0xC6,
    0x7A, 0xC6, 0x7B, 0xCE, 0x9B, 0xCE, 0x9B, 0xCE, 0x7A, 0xC6, 0x3A, 0xBE, 0xD9, 0xB5, 0x78, 0xA5,
    0x37, 0x9D, 0xF6, 0x8C, 0xB5, 0x8C, 0x95, 0x84, 0x75, 0x84, 0x74, 0x7C, 0x74, 0x7C, 0x54, 0x7C,
    0x54, 0x7C, 0x54, 0x7C, 0x54, 0x7C, 0x74, 0x7C, 0x75, 0x7C, 0x95, 0x84, 0xB5, 0x84, 0xD6, 0x8C,
    0xF6, 0x94, 0x57, 0x9D, 0x98, 0xAD, 0x19, 0xB6, 0x5A, 0xC6, 0x7B, 0xCE, 0x9B, 0xCE, 0x7B, 0xCE,
    0x7A, 0xC6, 0x7A, 0xC6, 0x7A, 0xC6, 0x7A, 0xC6, 0x7A, 0xC6, 0x7A, 0xC6, 0x7B, 0xCE, 0x7B, 0xCE,
    0x7B, 0xCE, 0x7A, 0xC6, 0x7B, 0xCE, 0x7B, 0xCE, 0x7B, 0xC6, 0x7A, 0xC6, 0x7A, 0xC6, 0x7B, 0xC6,
    0x7A, 0xC6, 0x7B, 0xC6, 0x7A, 0xC6, 0x7A, 0xC6, 0x9B, 0xCE, 0x7A, 0xC6, 0x7A, 0xC6, 0x7B, 0xCE,
    0x7A, 0xC6, 0x7A, 0xC6, 0x7A, 0xC6, 0x7B, 0xCE, 0x7B, 0xC6, 0x7B, 0xCE, 0x7A, 0xC6, 0x7A, 0xC6,
    0x7B, 0xCE, 0x7A, 0xC6, 0x7A, 0xC6, 0x7A, 0xCE, 0x7A, 0xC6, 0x9B, 0xCE, 0x7B, 0xCE, 0x9B, 0xCE,
    0xDC, 0xD6, 0x7B, 0xC6, 0x7A, 0xC6, 0x7A, 0xC6, 0x7A, 0xC6, 0x7A, 0xC6, 0x7A, 0xC6, 0x7A, 0xC6,
    0xFC, 0xDE, 0xDF, 0xEF, 0xD7, 0xF5, 0x8E, 0xFB, 0xD4, 0xF4, 0x98, 0xED, 0x38, 0xE5, 0x56, 0xE4,
    0xF0, 0xDA, 0x4B, 0xEA, 0x75, 0xF5, 0xFF, 0xEF, 0x1C, 0xE7, 0x7A, 0xC6, 0x7A, 0xC6, 0x7A, 0xC6,
    0x7A, 0xC6, 0x7A, 0xC6, 0x7A, 0xC6, 0x7A, 0xC6, 0x7A, 0xC6, 0x7A, 0xC6, 0x7A, 0xC6, 0x7A, 0xC6,
    0x7B, 0xCE, 0x7A, 0xC6, 0x7A, 0xC6, 0x7A, 0xC6, 0x7A, 0xC6, 0x7A, 0xC6, 0x7A, 0xC6, 0x9B, 0xCE,
    0x9B, 0xCE, 0x5A, 0xC6, 0xD9, 0xB5, 0x57, 0xA5, 0xF6, 0x94, 0x95, 0x84, 0x74, 0x7C, 0x54, 0x7C,
    0x54, 0x7C, 0x54, 0x7C, 0x54, 0x7C, 0x54, 0x7C, 0x74, 0x7C, 0x74, 0x7C, 0x74, 0x7C, 0x74, 0x7C,
    0x74, 0x7C, 0x74, 0x7C, 0x74, 0x7C, 0x74, 0x7C, 0x74, 0x7C, 0x74, 0x7C, 0x54, 0x7C, 0x54, 0x7C,
    0x54, 0x7C, 0x54, 0x7C, 0x54, 0x7C, 0x75, 0x84, 0xB5, 0x8C, 0x17, 0x95, 0x98, 0xA5, 0x19, 0xBE,
    0x7A, 0xC6, 0x9B, 0xCE, 0x9B, 0xCE, 0x7A, 0xC6, 0x7A, 0xC6, 0x7A, 0xC6, 0x7A, 0xC6, 0x7A, 0xC6,
    0x7A, 0xC6, 0x7A, 0xC6, 0x7A, 0xC6, 0x7A, 0xC6, 0x7A, 0xC6, 0x7A, 0xC6, 0x7A, 0xC6, 0x7A, 0xC6,
    0x7A, 0xC6, 0x7A, 0xC6, 0x7A, 0xC6, 0x7A, 0xC6, 0x7B, 0xC6, 0x7A, 0xC6, 0x7A, 0xC6, 0x7B, 0xC6,
    0x7A, 0xC6, 0x7B, 0xC6, 0x7A, 0xC6, 0x7A, 0xC6, 0x7A, 0xC6, 0x7A, 0xC6, 0x7A, 0xC6, 0x7A, 0xC6,
    0x7A, 0xC6, 0x7A, 0xC6, 0x7A, 0xC6, 0x7A, 0xC6, 0x7A, 0xC6, 0x7A, 0xC6, 0x7A, 0xC6, 0x7A, 0xC6,
    0x7A, 0xC6, 0x7A, 0xC6, 0x7A, 0xC6, 0x7A, 0xC6, 0x7A, 0xC6, 0x7A, 0xC6, 0x5A, 0xC6, 0xBB, 0xD6,
    0xBF, 0xEF, 0xB7, 0xED, 0x4E, 0xF3, 0xFA, 0xED, 0x1C, 0xE6, 0x1A, 0xDD, 0x58, 0xD4, 0xD6, 0xCB,
    0x55, 0xCB, 0x51, 0xCA, 0x29, 0xE1, 0x55, 0xED, 0xBF, 0xEF, 0xBB, 0xD6, 0x5A, 0xC6, 0x7B, 0xCE,
    0x7A, 0xC6, 0x7A, 0xC6, 0x7A, 0xC6, 0x7A, 0xC6, 0x7A, 0xCE, 0x7A, 0xCE, 0x7A, 0xC6, 0x7A, 0xC6,
    0x7A, 0xC6, 0x7A, 0xC6, 0x7A, 0xC6, 0x7A, 0xC6, 0x7A, 0xC6, 0x9B, 0xCE, 0x7A, 0xC6, 0xF9, 0xB5,
    0x57, 0x9D, 0xD6, 0x8C, 0x75, 0x84, 0x54, 0x7C, 0x54, 0x7C, 0x74, 0x7C, 0x74, 0x7C, 0x75, 0x84,
    0x95, 0x84, 0x95, 0x84, 0x95, 0x84, 0xB6, 0x84, 0xB5, 0x84, 0xB5, 0x84, 0x95, 0x84, 0x95, 0x84,
    0x95, 0x84, 0x95, 0x84, 0x95, 0x84, 0xB5, 0x84, 0xB6, 0x84, 0xB6, 0x84, 0x95, 0x84, 0x95, 0x84,
    0x75, 0x84, 0x75, 0x84, 0x75, 0x84, 0x74, 0x7C, 0x74, 0x7C, 0x54, 0x7C, 0x54, 0x7C, 0x95, 0x84,
    0xF6, 0x94, 0x98, 0xA5, 0x3A, 0xBE, 0x7A, 0xCE, 0x9B, 0xCE, 0x7A, 0xC6, 0x7A, 0xC6, 0x7A, 0xC6,
    0x7A, 0xC6, 0x7A, 0xC6, 0x7A, 0xC6, 0x7A, 0xC6, 0x7A, 0xC6, 0x7A, 0xC6, 0x7A, 0xC6, 0x7A, 0xC6,
    0x7A, 0xC6, 0x7A, 0xC6, 0x7A, 0xC6, 0x7A, 0xCE, 0x7A, 0xC6, 0x7A, 0xC6, 0x7A, 0xC6, 0x7A, 0xC6,
    0x7A, 0xC6, 0x7A, 0xC6, 0x7A, 0xC6, 0x7A, 0xC6, 0x7A, 0xC6, 0x7A, 0xC6, 0x7A, 0xC6, 0x7A, 0xC6,
    0x7A, 0xC6, 0x7A, 0xC6, 0x7A, 0xC6, 0x7A, 0xC6, 0x7A, 0xC6, 0x7A, 0xC6, 0x7A, 0xC6, 0x7A, 0xC6,
    0x7A, 0xC6, 0x7A, 0xC6, 0x7A, 0xC6, 0x7A, 0xC6, 0x7A, 0xC6, 0x7A, 0xC6, 0x5A, 0xC6, 0x1D, 0xDF,
    0xFB, 0xE6, 0x0D, 0xF3, 0xD8, 0xE4, 0xD9, 0xD4, 0xD6, 0xD3, 0x55, 0xCB, 0xD3, 0xCA, 0x51, 0xC2,
    0xCF, 0xC1, 0x8F, 0xC1, 0xEC, 0xC8, 0x48, 0xE9, 0xBB, 0xE6, 0x3D, 0xDF, 0x5A, 0xC6, 0x7A, 0xC6,
    0x7A, 0xC6, 0x7A, 0xC6, 0x7A, 0xC6, 0x7A, 0xC6, 0x7A, 0xC6, 0x7A, 0xC6, 0x7A, 0xC6, 0x7A, 0xC6,
    0x5A, 0xC6, 0x7A, 0xC6, 0x7A, 0xC6, 0x7A, 0xC6, 0x3A, 0xBE, 0x98, 0xAD, 0xF6, 0x94, 0x75, 0x84,
    0x74, 0x7C, 0x74, 0x7C, 0x75, 0x84, 0x95, 0x84, 0x95, 0x84, 0xB6, 0x84, 0xB6, 0x84, 0x95, 0x84,
    0x74, 0x7C, 0x12, 0x74, 0xD0, 0x6B, 0x8F, 0x63, 0x4E, 0x63, 0x2E, 0x5B, 0x0D, 0x5B, 0xED, 0x52,
    0xED, 0x5A, 0xED, 0x5A, 0x0D, 0x5B, 0x2E, 0x5B, 0x6F, 0x63, 0x90, 0x6B, 0xD1, 0x6B, 0x33, 0x7C,
    0x74, 0x84, 0x95, 0x84, 0xB6, 0x84, 0x95, 0x84, 0x95, 0x84, 0x75, 0x84, 0x75, 0x84, 0x75, 0x84,
    0x74, 0x7C, 0x74, 0x7C, 0x95, 0x84, 0x37, 0x9D, 0xD9, 0xB5, 0x5A, 0xC6, 0x7B, 0xCE, 0x7A, 0xC6,
    0x5A, 0xC6, 0x7A, 0xC6, 0x7A, 0xC6, 0x7A, 0xC6, 0x7A, 0xC6, 0x7A, 0xC6, 0x7A, 0xC6, 0x7A, 0xC6,
    0x7A, 0xC6, 0x7A, 0xC6, 0x7A, 0xC6, 0x7A, 0xC6, 0x7A, 0xC6, 0x7A, 0xC6, 0x7A, 0xC6, 0x7A, 0xC6,
    0x7A, 0xC6, 0x7A, 0xC6, 0x7A, 0xC6, 0x7A, 0xC6, 0x5A, 0xC6, 0x7A, 0xC6, 0x7A, 0xC6, 0x7A, 0xC6,
    0x7A, 0xC6, 0x7A, 0xC6, 0x7A, 0xC6, 0x7A, 0xC6, 0x5A, 0xC6, 0x7A, 0xC6, 0x7A, 0xC6, 0x7A, 0xC6,
    0x5A, 0xC6, 0x5A, 0xC6, 0x5A, 0xC6, 0x5A, 0xC6, 0x5A, 0xC6, 0x5A, 0xC6, 0x5A, 0xCE, 0x5E, 0xDF,
    0xB3, 0xEC, 0xCF, 0xE2, 0xF7, 0xCB, 0x14, 0xCB, 0x92, 0xCA, 0x31, 0xC2, 0xAF, 0xC1, 0x4E, 0xC9,
    0x0C, 0xC9, 0xAA, 0xC8, 0x89, 0xC8, 0x04, 0xD8, 0xF0, 0xEB, 0x7E, 0xDF, 0x7A, 0xCE, 0x5A, 0xC6,
    0x5A, 0xC6, 0x5A, 0xC6, 0x7A, 0xC6, 0x5A, 0xC6, 0x5A, 0xC6, 0x5A, 0xC6, 0x7A, 0xC6, 0x7A, 0xC6,
    0x7A, 0xC6, 0x7A, 0xC6, 0x19, 0xBE, 0x77, 0xA5, 0xB5, 0x8C, 0x75, 0x7C, 0x75, 0x7C, 0x75, 0x84,
    0x95, 0x84, 0xB5, 0x84, 0xB6, 0x8C, 0x95, 0x84, 0x32, 0x74, 0x8F, 0x63, 0x0D, 0x5B, 0xAC, 0x52,
    0x4C, 0x4A, 0x2C, 0x4A, 0x0C, 0x4A, 0xEC, 0x49, 0xED, 0x49, 0xED, 0x49, 0xED, 0x49, 0xED, 0x49,
    0xED, 0x49, 0xED, 0x49, 0xED, 0x49, 0xED, 0x49, 0xED, 0x49, 0x0C, 0x4A, 0x0C, 0x4A, 0x2C, 0x4A,
    0x6C, 0x4A, 0xCC, 0x52, 0x4E, 0x5B, 0xD1, 0x6B, 0x54, 0x7C, 0xB5, 0x84, 0xB6, 0x84, 0x95, 0x84,
    0x95, 0x84, 0x95, 0x84, 0x75, 0x84, 0x75, 0x7C, 0x95, 0x84, 0x16, 0x95, 0xD8, 0xAD, 0x5A, 0xC6,
    0x7A, 0xCE, 0x7A, 0xC6, 0x5A, 0xC6, 0x7A, 0xC6, 0x7A, 0xC6, 0x7A, 0xC6, 0x5A, 0xC6, 0x5A, 0xC6,
    0x5A, 0xC6, 0x7A, 0xC6, 0x5A, 0xC6, 0x5A, 0xC6, 0x5A, 0xC6, 0x7A, 0xC6, 0x5A, 0xC6, 0x7A, 0xC6,
    0x5A, 0xC6, 0x7A, 0xC6, 0x7A, 0xC6, 0x5A, 0xC6, 0x7A, 0xC6, 0x5A, 0xC6, 0x7A, 0xC6, 0x7A, 0xC6,
    0x7A, 0xC6, 0x5A, 0xC6, 0x5A, 0xC6, 0x5A, 0xC6, 0x5A, 0xC6, 0x5A, 0xC6, 0x5A, 0xC6, 0x5A, 0xC6,
    0x5A, 0xC6, 0x5A, 0xC6, 0x5A, 0xC6, 0x5A, 0xC6, 0x5A, 0xC6, 0x5A, 0xC6, 0x5A, 0xC6, 0x1D, 0xD7,
    0x4E, 0xE3, 0x71, 0xCA, 0x92, 0xC2, 0xF0, 0xC1, 0x8E, 0xC1, 0x2D, 0xC9, 0xEB, 0xC8, 0x8A, 0xC8,
    0x68, 0xD0, 0x26, 0xD8, 0x25, 0xE0, 0x02, 0xE8, 0x09, 0xEA, 0x1D, 0xD7, 0x7A, 0xCE, 0x5A, 0xC6,
    0x5A, 0xC6, 0x5A, 0xC6, 0x5A, 0xC6, 0x5A, 0xC6, 0x5A, 0xC6, 0x5A, 0xC6, 0x5A, 0xC6, 0x7A, 0xC6,
    0x39, 0xBE, 0x77, 0xA5, 0xB5, 0x8C, 0x75, 0x84, 0x75, 0x84, 0x95, 0x84, 0xB5, 0x84, 0xB6, 0x8C,
    0x95, 0x84, 0x12, 0x74, 0x2E, 0x5B, 0x8C, 0x52, 0x2B, 0x4A, 0xEC, 0x49, 0xED, 0x49, 0x0E, 0x52,
    0x0E, 0x52, 0xED, 0x49, 0xCC, 0x49, 0xCB, 0x41, 0xA9, 0x39, 0x89, 0x39, 0x89, 0x31, 0x88, 0x31,
    0x88, 0x31, 0x88, 0x31, 0x89, 0x39, 0x89, 0x39, 0xAA, 0x39, 0xCB, 0x41, 0xEC, 0x49, 0xED, 0x49,
    0xEE, 0x51, 0xED, 0x49, 0x0D, 0x4A, 0x0C, 0x4A, 0x4B, 0x4A, 0xCC, 0x52, 0x8F, 0x63, 0x53, 0x7C,
    0xB6, 0x84, 0xB6, 0x8C, 0x95, 0x84, 0x95, 0x84, 0x95, 0x84, 0x75, 0x84, 0x95, 0x84, 0xF6, 0x94,
    0xD9, 0xB5, 0x5A, 0xC6, 0x7A, 0xC6, 0x5A, 0xC6, 0x5A, 0xC6, 0x5A, 0xC6, 0x5A, 0xC6, 0x5A, 0xC6,
    0x5A, 0xC6, 0x5A, 0xC6, 0x5A, 0xC6, 0x5A, 0xC6, 0x5A, 0xC6, 0x5A, 0xC6, 0x5A, 0xC6, 0x5A, 0xC6,
    0x5A, 0xC6, 0x5A, 0xC6, 0x7A, 0xC6, 0x5A, 0xC6, 0x5A, 0xC6, 0x5A, 0xC6, 0x5A, 0xC6, 0x5A, 0xC6,
    0x5A, 0xC6, 0x7A, 0xC6, 0x7A, 0xC6, 0x5A, 0xC6, 0x5A, 0xC6, 0x5A, 0xC6, 0x5A, 0xC6, 0x5A, 0xC6,
    0x5A, 0xC6, 0x5A, 0xC6, 0x5A, 0xC6, 0x5A, 0xC6, 0x7A, 0xC6, 0x5A, 0xC6, 0x5A, 0xC6, 0xDC, 0xD6,
    0x6C, 0xE2, 0x6E, 0xC1, 0x6E, 0xC1, 0x0C, 0xC9, 0xCB, 0xC8, 0x89, 0xD0, 0x47, 0xD0, 0x25, 0xD8,
    0x04, 0xE0, 0x03, 0xE8, 0x23, 0xE8, 0x02, 0xE8, 0x46, 0xE9, 0x9B, 0xD6, 0x7A, 0xC6, 0x3A, 0xC6,
    0x5A, 0xC6, 0x5A, 0xC6, 0x5A, 0xC6, 0x5A, 0xC6, 0x5A, 0xC6, 0x7A, 0xC6, 0x5A, 0xC6, 0xB8, 0xAD,
    0xD6, 0x8C, 0x75, 0x84, 0x95, 0x84, 0x95, 0x84, 0xB6, 0x8C, 0xD6, 0x8C, 0x53, 0x7C, 0x6F, 0x63,
    0x8B, 0x4A, 0x0B, 0x4A, 0xED, 0x49, 0x0E, 0x52, 0x0E, 0x52, 0xCB, 0x41, 0x89, 0x39, 0x67, 0x31,
    0x46, 0x29, 0x46, 0x29, 0x46, 0x29, 0x46, 0x29, 0x46, 0x29, 0x46, 0x29, 0x46, 0x29, 0x46, 0x29,
    0x46, 0x29, 0x46, 0x29, 0x46, 0x29, 0x46, 0x29, 0x46, 0x29, 0x46, 0x29, 0x46, 0x29, 0x46, 0x29,
    0x47, 0x29, 0x68, 0x31, 0xAA, 0x39, 0xEC, 0x49, 0x0F, 0x52, 0x0E, 0x52, 0xEC, 0x49, 0x2B, 0x4A,
    0xEC, 0x52, 0xD1, 0x6B, 0x95, 0x84, 0xD6, 0x8C, 0x95, 0x84, 0x95, 0x84, 0x95, 0x84, 0x95, 0x84,
    0x95, 0x84, 0x16, 0x95, 0xF9, 0xB5, 0x7A, 0xC6, 0x5A, 0xC6, 0x5A, 0xC6, 0x5A, 0xC6, 0x5A, 0xC6,
    0x5A, 0xC6, 0x5A, 0xC6, 0x5A, 0xC6, 0x5A, 0xC6, 0x5A, 0xC6, 0x5A, 0xC6, 0x5A, 0xC6, 0x5A, 0xC6,
    0x5A, 0xC6, 0x5A, 0xC6, 0x5A, 0xC6, 0x5A, 0xC6, 0x5A, 0xC6, 0x5A, 0xC6, 0x5A, 0xC6, 0x5A, 0xC6,
    0x5A, 0xC6, 0x5A, 0xC6, 0x5A, 0xC6, 0x5A, 0xC6, 0x5A, 0xC6, 0x5A, 0xC6, 0x5A, 0xC6, 0x5A, 0xC6,
    0x5A, 0xC6, 0x5A, 0xC6, 0x5A, 0xC6, 0x5A, 0xC6, 0x5A, 0xC6, 0x5A, 0xC6, 0x19, 0xBE, 0xBB, 0xCE,
    0x0B, 0xE2, 0x8A, 0xC8, 0xAA, 0xC8, 0x68, 0xD0, 0x27, 0xD8, 0x05, 0xD8, 0x04, 0xE0, 0x03, 0xE8,
    0x23, 0xE8, 0x23, 0xE8, 0x44, 0xE8, 0x23, 0xE8, 0x46, 0xE9, 0x5A, 0xCE, 0x3A, 0xBE, 0x39, 0xBE,
    0x5A, 0xC6, 0x5A, 0xC6, 0x5A, 0xC6, 0x5A, 0xC6, 0x7A, 0xC6, 0xF9, 0xB5, 0x16, 0x95, 0x95, 0x84,
    0x95, 0x84, 0x95, 0x84, 0xB6, 0x8C, 0xD6, 0x8C, 0x32, 0x74, 0x0D, 0x5B, 0x2B, 0x4A, 0xED, 0x49,
    0x0F, 0x52, 0x0E, 0x4A, 0xAA, 0x39, 0x67, 0x31, 0x46, 0x29, 0x46, 0x29, 0x46, 0x29, 0x47, 0x29,
    0x47, 0x29, 0x47, 0x31, 0x47, 0x31, 0x47, 0x29, 0x47, 0x31, 0x47, 0x29, 0x47, 0x29, 0x47, 0x29,
    0x47, 0x29, 0x47, 0x31, 0x47, 0x29, 0x47, 0x31, 0x47, 0x31, 0x47, 0x31, 0x67, 0x31, 0x67, 0x31,
    0x47, 0x29, 0x47, 0x29, 0x46, 0x29, 0x46, 0x29, 0x46, 0x29, 0x88, 0x31, 0xCB, 0x41, 0x0F, 0x52,
    0x0E, 0x52, 0xEB, 0x49, 0x6B, 0x4A, 0x8F, 0x63, 0x94, 0x84, 0xD6, 0x8C, 0xB5, 0x84, 0x95, 0x84,
    0xB5, 0x84, 0x95, 0x84, 0xB5, 0x8C, 0x77, 0xA5, 0x3A, 0xBE, 0x7A, 0xC6, 0x5A, 0xC6, 0x5A, 0xC6,
    0x5A, 0xC6, 0x5A, 0xC6, 0x5A, 0xC6, 0x5A, 0xC6, 0x5A, 0xC6, 0x5A, 0xC6, 0x5A, 0xC6, 0x5A, 0xC6,
    0x5A, 0xC6, 0x5A, 0xC6, 0x5A, 0xC6, 0x5A, 0xC6, 0x5A, 0xC6, 0x5A, 0xC6, 0x5A, 0xC6, 0x5A, 0xC6,
    0x5A, 0xC6, 0x5A, 0xC6, 0x5A, 0xC6, 0x5A, 0xC6, 0x5A, 0xC6, 0x5A, 0xC6, 0x5A, 0xC6, 0x5A, 0xC6,
    0x3A, 0xC6, 0x5A, 0xC6, 0x5A, 0xC6, 0x5A, 0xC6, 0x5A, 0xC6, 0x5A, 0xC6, 0xD8, 0xB5, 0x9B, 0xC6,
    0x8B, 0xE2, 0x06, 0xD8, 0x46, 0xD8, 0x04, 0xE0, 0x03, 0xE8, 0x03, 0xE8, 0x23, 0xE8, 0x23, 0xE8,
    0x43, 0xE8, 0x64, 0xE8, 0x84, 0xE8, 0x43, 0xF0, 0xE8, 0xE9, 0x7B, 0xC6, 0xD9, 0xB5, 0x39, 0xBE,
    0x5A, 0xC6, 0x5A, 0xC6, 0x5A, 0xC6, 0x5A, 0xC6, 0x98, 0xA5, 0xB5, 0x8C, 0x95, 0x84, 0x95, 0x84,
    0xB6, 0x8C, 0xF6, 0x8C, 0x12, 0x74, 0x6A, 0x42, 0xA9, 0x39, 0x0E, 0x52, 0x2F, 0x52, 0xCB, 0x41,
    0x68, 0x31, 0x46, 0x29, 0x46, 0x29, 0x47, 0x29, 0x47, 0x29, 0x47, 0x31, 0x47, 0x29, 0x47, 0x31,
    0x47, 0x31, 0x67, 0x31, 0x67, 0x31, 0x67, 0x31, 0x67, 0x31, 0x67, 0x31, 0x67, 0x31, 0x67, 0x31,
    0x87, 0x31, 0x87, 0x31, 0x87, 0x31, 0x67, 0x31, 0x67, 0x31, 0x67, 0x31, 0x67, 0x31, 0x67, 0x29,
    0x47, 0x31, 0x67, 0x31, 0x67, 0x31, 0x67, 0x31, 0x67, 0x31, 0x47, 0x29, 0x46, 0x29, 0x46, 0x29,
    0x89, 0x39, 0xED, 0x49, 0x2F, 0x52, 0x0C, 0x4A, 0x4B, 0x4A, 0x8F, 0x63, 0x95, 0x84, 0xD6, 0x8C,
    0xB5, 0x84, 0xB5, 0x84, 0xB5, 0x84, 0x95, 0x84, 0xF6, 0x94, 0xF9, 0xB5, 0x5A, 0xC6, 0x5A, 0xC6,
    0x5A, 0xC6, 0x5A, 0xC6, 0x5A, 0xC6, 0x5A, 0xC6, 0x5A, 0xC6, 0x5A, 0xC6, 0x5A, 0xC6, 0x5A, 0xC6,
    0x5A, 0xC6, 0x5A, 0xC6, 0x5A, 0xC6, 0x5A, 0xC6, 0x3A, 0xC6, 0x5A, 0xC6, 0x5A, 0xC6, 0x5A, 0xC6,
    0x5A, 0xC6, 0x5A, 0xC6, 0x5A, 0xC6, 0x5A, 0xC6, 0x5A, 0xC6, 0x5A, 0xC6, 0x5A, 0xC6, 0x5A, 0xC6,
    0x3A, 0xC6, 0x5A, 0xC6, 0x5A, 0xC6, 0x5A, 0xC6, 0x5A, 0xC6, 0x5A, 0xC6, 0xB7, 0xB5, 0x5B, 0xB6,
    0x11, 0xDC, 0x01, 0xE8, 0x23, 0xE8, 0x03, 0xE8, 0x23, 0xE8, 0x43, 0xE8, 0x44, 0xE8, 0x64, 0xE8,
    0x84, 0xF0, 0x84, 0xF0, 0xC5, 0xF0, 0x42, 0xF8, 0x6E, 0xDB, 0x7B, 0xB6, 0x97, 0xAD, 0x5A, 0xC6,
    0x5A, 0xC6, 0x5A, 0xC6, 0x19, 0xBE, 0x17, 0x9D, 0x95, 0x84, 0xB5, 0x84, 0xB5, 0x8C, 0xF6, 0x8C,
    0x74, 0x84, 0x8B, 0x4A, 0x07, 0x29, 0x2B, 0x39, 0xAD, 0x41, 0x89, 0x39, 0x47, 0x29, 0x46, 0x29,
    0x47, 0x29, 0x47, 0x31, 0x47, 0x29, 0x47, 0x29, 0x67, 0x31, 0x67, 0x31, 0x67, 0x31, 0x67, 0x31,
    0x67, 0x31, 0x67, 0x31, 0x67, 0x31, 0x67, 0x31, 0x87, 0x31, 0x87, 0x31, 0x87, 0x31, 0x87, 0x31,
    0x67, 0x31, 0x67, 0x31, 0x87, 0x31, 0x87, 0x31, 0xA8, 0x31, 0xA8, 0x39, 0xC8, 0x39, 0xA8, 0x31,
    0x88, 0x31, 0x67, 0x31, 0x47, 0x29, 0x27, 0x29, 0x47, 0x29, 0x47, 0x29, 0x67, 0x31, 0x67, 0x31,
    0x46, 0x29, 0x46, 0x29, 0x68, 0x31, 0xCC, 0x41, 0x30, 0x5A, 0x0D, 0x4A, 0x4A, 0x4A, 0xD0, 0x6B,
    0xD6, 0x8C, 0xD6, 0x8C, 0xB5, 0x8C, 0xB5, 0x8C, 0xB5, 0x84, 0xB5, 0x8C, 0x98, 0xA5, 0x5A, 0xC6,
    0x5A, 0xC6, 0x3A, 0xBE, 0x5A, 0xC6, 0x3A, 0xC6, 0x5A, 0xC6, 0x3A, 0xC6, 0x3A, 0xC6, 0x3A, 0xC6,
    0x3A, 0xBE, 0x3A, 0xC6, 0x5A, 0xC6, 0x5A, 0xC6, 0x5A, 0xC6, 0x5A, 0xC6, 0x5A, 0xC6, 0x5A, 0xC6,
    0x5A, 0xC6, 0x5A, 0xC6, 0x5A, 0xC6, 0x5A, 0xC6, 0x5A, 0xC6, 0x3A, 0xC6, 0x3A, 0xBE, 0x5A, 0xC6,
    0x3A, 0xC6, 0x3A, 0xC6, 0x5A, 0xC6, 0x5A, 0xC6, 0x5A, 0xC6, 0x5A, 0xC6, 0xD8, 0xB5, 0x98, 0xA5,
    0xF9, 0xC5, 0x25, 0xE9, 0x02, 0xE8, 0x64, 0xE8, 0x44, 0xE8, 0x64, 0xF0, 0x84, 0xF0, 0xA4, 0xF0,
    0xA4, 0xF0, 0xE5, 0xF0, 0xC4, 0xF8, 0x04, 0xF1, 0x97, 0xC5, 0xB8, 0xAD, 0xB8, 0xB5, 0x5A, 0xC6,
    0x5A, 0xC6, 0xD8, 0xB5, 0xF6, 0x8C, 0xB5, 0x84, 0xB5, 0x8C, 0xD6, 0x8C, 0xD6, 0x8C, 0x6F, 0x63,
    0x47, 0x29, 0x0A, 0x31, 0x2C, 0x39, 0xA6, 0x18, 0xA4, 0x18, 0x26, 0x29, 0x47, 0x29, 0x47, 0x31,
    0x47, 0x29, 0x47, 0x31, 0x67, 0x31, 0x67, 0x31, 0x67, 0x31, 0x67, 0x31, 0x67, 0x31, 0x67, 0x31,
    0x67, 0x31, 0x67, 0x31, 0x67, 0x31, 0x87, 0x31, 0x67, 0x31, 0x67, 0x31, 0x87, 0x31, 0xC8, 0x39,
    0x29, 0x42, 0xAB, 0x5A, 0x0D, 0x63, 0x6E, 0x6B, 0xAF, 0x73, 0xD0, 0x7B, 0xF0, 0x7B, 0xF0, 0x7B,
    0xD0, 0x7B, 0xAF, 0x73, 0x4E, 0x6B, 0xAC, 0x52, 0x0A, 0x42, 0x88, 0x31, 0x47, 0x29, 0x26, 0x29,
    0x47, 0x29, 0x67, 0x31, 0x47, 0x29, 0x46, 0x29, 0x67, 0x31, 0xEC, 0x49, 0x2F, 0x5A, 0x0C, 0x4A,
    0xCC, 0x52, 0x53, 0x7C, 0xF6, 0x8C, 0xB5, 0x8C, 0xB5, 0x8C, 0xB5, 0x8C, 0xB5, 0x84, 0x37, 0x9D,
    0x39, 0xBE, 0x5A, 0xC6, 0x5A, 0xC6, 0x3A, 0xC6, 0x3A, 0xBE, 0x5A, 0xC6, 0x3A, 0xC6, 0x3A, 0xBE,
    0x5A, 0xC6, 0x3A, 0xC6, 0x3A, 0xC6, 0x3A, 0xC6, 0x3A, 0xC6, 0x5A, 0xC6, 0x39, 0xBE, 0x5A, 0xC6,
    0x5A, 0xC6, 0x39, 0xBE, 0x5A, 0xC6, 0x3A, 0xC6, 0x3A, 0xC6, 0x3A, 0xBE, 0x3A, 0xBE, 0x5A, 0xC6,
    0x3A, 0xC6, 0x3A, 0xC6, 0x39, 0xBE, 0x3A, 0xC6, 0x3A, 0xC6, 0x39, 0xBE, 0x5A, 0xC6, 0x36, 0xA5,
    0xD9, 0xA5, 0x93, 0xCC, 0x62, 0xF0, 0x43, 0xF0, 0xA4, 0xF0, 0xA4, 0xF0, 0xC5, 0xF0, 0xE5, 0xF0,
    0x25, 0xF9, 0x04, 0xF9, 0xA2, 0xF8, 0xF1, 0xD3, 0xFA, 0xAD, 0x15, 0x9D, 0x39, 0xBE, 0x5A, 0xC6,
    0x98, 0xAD, 0xD6, 0x8C, 0xB5, 0x8C, 0xB5, 0x8C, 0xF7, 0x94, 0x74, 0x84, 0x29, 0x3A, 0xE8, 0x28,
    0x2C, 0x39, 0xC8, 0x20, 0x22, 0x08, 0x22, 0x08, 0xA4, 0x18, 0x26, 0x29, 0x47, 0x31, 0x67, 0x31,
    0x67, 0x31, 0x67, 0x31, 0x67, 0x31, 0x67, 0x31, 0x67, 0x31, 0x67, 0x31, 0x67, 0x31, 0x67, 0x31,
    0x67, 0x31, 0x67, 0x31, 0x67, 0x31, 0x67, 0x31, 0x87, 0x31, 0x29, 0x42, 0xCC, 0x5A, 0x4D, 0x6B,
    0x8F, 0x73, 0xCF, 0x7B, 0xF0, 0x7B, 0xF0, 0x83, 0x11, 0x84, 0x31, 0x84, 0x51, 0x8C, 0x72, 0x8C,
    0x93, 0x94, 0xB3, 0x94, 0xD4, 0x9C, 0xF4, 0x9C, 0xB3, 0x94, 0x72, 0x8C, 0x8F, 0x73, 0x6B, 0x52,
    0x88, 0x31, 0x26, 0x29, 0x46, 0x29, 0x67, 0x31, 0x67, 0x31, 0x46, 0x29, 0x68, 0x31, 0x0E, 0x52,
    0x2F, 0x52, 0x0A, 0x42, 0x8F, 0x6B, 0xF6, 0x8C, 0xD6, 0x8C, 0xB5, 0x8C, 0xD6, 0x8C, 0xB5, 0x8C,
    0x16, 0x95, 0x19, 0xBE, 0x5A, 0xC6, 0x3A, 0xBE, 0x39, 0xBE, 0x3A, 0xC6, 0x39, 0xBE, 0x3A, 0xBE,
    0x39, 0xBE, 0x39, 0xBE, 0x39, 0xBE, 0x39, 0xBE, 0x39, 0xBE, 0x3A, 0xC6, 0x39, 0xBE, 0x39, 0xBE,
    0x39, 0xBE, 0x3A, 0xC6, 0x3A, 0xC6, 0x3A, 0xC6, 0x39, 0xBE, 0x39, 0xBE, 0x3A, 0xC6, 0x3A, 0xC6,
    0x39, 0xBE, 0x39, 0xBE, 0x39, 0xBE, 0x3A, 0xBE, 0x39, 0xBE, 0x39, 0xBE, 0x5A, 0xC6, 0xD8, 0xB5,
    0xB5, 0x94, 0xD9, 0xA5, 0x52, 0xC4, 0xE4, 0xF0, 0x42, 0xF8, 0xA3, 0xF8, 0xC4, 0xF8, 0xE4, 0xF8,
    0xA3, 0xF8, 0x04, 0xF1, 0xF0, 0xCB, 0xF9, 0xAD, 0xD5, 0x94, 0xB7, 0xAD, 0x5A, 0xC6, 0x77, 0xA5,
    0xB6, 0x8C, 0xD5, 0x8C, 0xD6, 0x8C, 0x17, 0x95, 0xB0, 0x6B, 0x47, 0x29, 0x2C, 0x39, 0x0B, 0x31,
    0x43, 0x10, 0x01, 0x00, 0x22, 0x08, 0x43, 0x08, 0xA4, 0x18, 0x06, 0x29, 0x47, 0x29, 0x67, 0x31,
    0x66, 0x29, 0x66, 0x31, 0x67, 0x31, 0x67, 0x31, 0x67, 0x31, 0x67, 0x31, 0x67, 0x31, 0x67, 0x31,
    0x67, 0x31, 0x67, 0x31, 0x87, 0x31, 0x29, 0x42, 0xCC, 0x5A, 0x2D, 0x6B, 0x4E, 0x6B, 0x6E, 0x6B,
    0x6E, 0x6B, 0x8F, 0x73, 0xAF, 0x73, 0xAF, 0x7B, 0xD0, 0x7B, 0xF0, 0x7B, 0x10, 0x84, 0x31, 0x84,
    0x31, 0x84, 0x52, 0x8C, 0x72, 0x8C, 0x93, 0x94, 0xD3, 0x9C, 0x14, 0xA5, 0x35, 0xA5, 0x35, 0xA5,
    0x93, 0x94, 0x6E, 0x6B, 0x09, 0x42, 0x26, 0x29, 0x26, 0x29, 0x67, 0x31, 0x47, 0x29, 0x46, 0x29,
    0xAA, 0x39, 0x2F, 0x5A, 0x0C, 0x4A, 0xCC, 0x52, 0x94, 0x84, 0xF6, 0x94, 0xB5, 0x8C, 0xD6, 0x8C,
    0xB5, 0x8C, 0xF6, 0x94, 0xD8, 0xB5, 0x5A, 0xC6, 0x39, 0xBE, 0x3A, 0xC6, 0x39, 0xBE, 0x39, 0xBE,
    0x39, 0xBE, 0x39, 0xBE, 0x39, 0xBE, 0x39, 0xBE, 0x39, 0xBE, 0x39, 0xBE, 0x39, 0xBE, 0x39, 0xBE,
    0x39, 0xBE, 0x3A, 0xC6, 0x39, 0xC6, 0x39, 0xBE, 0x39, 0xBE, 0x39, 0xC6, 0x39, 0xBE, 0x39, 0xBE,
    0x39, 0xBE, 0x39, 0xBE, 0x39, 0xBE, 0x39, 0xBE, 0x39, 0xBE, 0x39, 0xBE, 0x39, 0xBE, 0x5A, 0xC6,
    0x76, 0xA5, 0x74, 0x8C, 0x78, 0x9D, 0x36, 0xB5, 0x4E, 0xD3, 0x09, 0xE2, 0xC7, 0xE9, 0x08, 0xE2,
    0x0D, 0xD3, 0xF5, 0xB4, 0x99, 0x9D, 0x94, 0x8C, 0x56, 0xA5, 0x5A, 0xC6, 0x57, 0xA5, 0xD6, 0x8C,
    0xD6, 0x8C, 0xD6, 0x8C, 0xF6, 0x94, 0xCC, 0x52, 0x08, 0x29, 0x4D, 0x39, 0xA7, 0x20, 0x01, 0x00,
    0x22, 0x08, 0x23, 0x08, 0x23, 0x08, 0x43, 0x08, 0x84, 0x18, 0xE5, 0x20, 0x46, 0x29, 0x66, 0x29,
    0x66, 0x29, 0x66, 0x31, 0x67, 0x31, 0x67, 0x31, 0x67, 0x29, 0x67, 0x31, 0x87, 0x31, 0x87, 0x31,
    0x87, 0x31, 0xE9, 0x41, 0x8B, 0x52, 0x0D, 0x63, 0x0D, 0x63, 0x0D, 0x63, 0x2D, 0x6B, 0x4E, 0x6B,
    0x6E, 0x6B, 0x6F, 0x73, 0x8F, 0x73, 0xAF, 0x7B, 0xB0, 0x7B, 0xD0, 0x7B, 0xF0, 0x83, 0x11, 0x84,
    0x31, 0x84, 0x31, 0x8C, 0x52, 0x8C, 0x72, 0x8C, 0x92, 0x94, 0xB3, 0x94, 0xD3, 0x9C, 0xF4, 0x9C,
    0x35, 0xA5, 0x76, 0xAD, 0x14, 0xA5, 0xB0, 0x73, 0x0A, 0x42, 0x26, 0x29, 0x47, 0x29, 0x67, 0x31,
    0x46, 0x29, 0x67, 0x31, 0x0E, 0x52, 0x2E, 0x52, 0x4A, 0x4A, 0x32, 0x7C, 0x17, 0x95, 0xD6, 0x8C,
    0xD6, 0x8C, 0xD6, 0x8C, 0xF6, 0x94, 0xD8, 0xB5, 0x3A, 0xC6, 0x39, 0xBE, 0x39, 0xBE, 0x39, 0xBE,
    0x39, 0xBE, 0x39, 0xBE, 0x39, 0xC6, 0x39, 0xBE, 0x39, 0xBE, 0x39, 0xBE, 0x39, 0xBE, 0x39, 0xBE,
    0x39, 0xBE, 0x39, 0xBE, 0x39, 0xBE, 0x39, 0xBE, 0x39, 0xC6, 0x39, 0xBE, 0x39, 0xBE, 0x39, 0xBE,
    0x39, 0xBE, 0x39, 0xBE, 0x39, 0xBE, 0x39, 0xBE, 0x39, 0xBE, 0x39, 0xBE, 0x39, 0xBE, 0x19, 0xBE,
    0x3A, 0xC6, 0x77, 0xAD, 0x53, 0x84, 0x95, 0x84, 0x37, 0x95, 0x78, 0x9D, 0x78, 0x9D, 0x78, 0x9D,
    0x57, 0x95, 0xB5, 0x84, 0x53, 0x84, 0x56, 0xA5, 0x39, 0xBE, 0x57, 0x9D, 0xD6, 0x8C, 0xD6, 0x8C,
    0xF6, 0x94, 0xD5, 0x8C, 0x29, 0x42, 0xE9, 0x28, 0x2D, 0x39, 0x64, 0x10, 0x01, 0x00, 0x23, 0x08,
    0x22, 0x08, 0x23, 0x08, 0x23, 0x08, 0x42, 0x08, 0x83, 0x10, 0xE5, 0x20, 0x26, 0x29, 0x66, 0x29,
    0x66, 0x31, 0x66, 0x29, 0x67, 0x31, 0x67, 0x31, 0x87, 0x31, 0xA8, 0x39, 0xA8, 0x39, 0xA8, 0x39,
    0x09, 0x42, 0xAB, 0x5A, 0xCC, 0x5A, 0xCC, 0x5A, 0xEC, 0x62, 0x0D, 0x63, 0x0D, 0x63, 0x2D, 0x6B,
    0x4E, 0x6B, 0x4E, 0x6B, 0x6E, 0x73, 0x8F, 0x73, 0x8F, 0x73, 0xB0, 0x7B, 0xD0, 0x7B, 0xF0, 0x83,
    0x11, 0x84, 0x11, 0x84, 0x31, 0x8C, 0x52, 0x8C, 0x72, 0x8C, 0x92, 0x94, 0xB3, 0x94, 0xD3, 0x94,
    0xD4, 0x9C, 0xF4, 0x9C, 0x35, 0xA5, 0x76, 0xAD, 0x15, 0xA5, 0x8F, 0x73, 0xA8, 0x39, 0x26, 0x29,
    0x67, 0x31, 0x47, 0x29, 0x46, 0x29, 0xCB, 0x41, 0x50, 0x5A, 0x2B, 0x4A, 0xD0, 0x6B, 0x17, 0x95,
    0xD6, 0x8C, 0xD6, 0x8C, 0xD6, 0x8C, 0xF6, 0x94, 0xD8, 0xAD, 0x39, 0xBE, 0x19, 0xBE, 0x19, 0xBE,
    0x39, 0xBE, 0x39, 0xBE, 0x39, 0xBE, 0x39, 0xBE, 0x39, 0xBE, 0x39, 0xBE, 0x39, 0xBE, 0x39, 0xBE,
    0x39, 0xBE, 0x39, 0xBE, 0x39, 0xBE, 0x39, 0xBE, 0x39, 0xBE, 0x39, 0xBE, 0x19, 0xBE, 0x39, 0xBE,
    0x39, 0xBE, 0x19, 0xBE, 0x19, 0xBE, 0x19, 0xBE, 0x39, 0xBE, 0x39, 0xBE, 0x39, 0xBE, 0x19, 0xBE,
    0x19, 0xBE, 0x3A, 0xC6, 0xD8, 0xB5, 0xF5, 0x9C, 0x73, 0x8C, 0x33, 0x84, 0x33, 0x7C, 0x33, 0x84,
    0x73, 0x8C, 0xD4, 0x94, 0xD8, 0xB5, 0x5A, 0xC6, 0x57, 0xA5, 0xD6, 0x8C, 0xD6, 0x8C, 0x17, 0x95,
    0x94, 0x84, 0xC8, 0x31, 0x0B, 0x31, 0x2B, 0x31, 0x22, 0x08, 0x22, 0x08, 0x23, 0x08, 0x23, 0x08,
    0x23, 0x08, 0x22, 0x08, 0x22, 0x08, 0x22, 0x08, 0x63, 0x10, 0xC4, 0x18, 0x26, 0x29, 0x46, 0x29,
    0x67, 0x31, 0x87, 0x31, 0xA8, 0x31, 0xA8, 0x39, 0xC8, 0x39, 0xC8, 0x39, 0xC8, 0x39, 0x09, 0x42,
    0x8B, 0x52, 0x8B, 0x52, 0xAB, 0x5A, 0xCC, 0x5A, 0xCC, 0x5A, 0xEC, 0x62, 0xED, 0x62, 0x0D, 0x63,
    0x2D, 0x6B, 0x2E, 0x6B, 0x4E, 0x6B, 0x6E, 0x73, 0x8F, 0x73, 0x8F, 0x73, 0xAF, 0x7B, 0xD0, 0x7B,
    0xF0, 0x7B, 0x11, 0x84, 0x11, 0x84, 0x31, 0x8C, 0x52, 0x8C, 0x72, 0x8C, 0x72, 0x94, 0x93, 0x94,
    0xB3, 0x94, 0xD3, 0x9C, 0xF4, 0x9C, 0x14, 0xA5, 0x55, 0xAD, 0x96, 0xB5, 0xD4, 0x9C, 0xCC, 0x5A,
    0x47, 0x29, 0x46, 0x29, 0x67, 0x31, 0x46, 0x29, 0x89, 0x39, 0x50, 0x5A, 0x0B, 0x4A, 0x6E, 0x63,
    0x17, 0x95, 0xD6, 0x8C, 0xD6, 0x8C, 0xD6, 0x8C, 0xF6, 0x94, 0xD8, 0xAD, 0x39, 0xBE, 0x19, 0xBE,
    0x19, 0xBE, 0x19, 0xBE, 0x39, 0xBE, 0x39, 0xBE, 0x39, 0xBE, 0x19, 0xBE, 0x19, 0xBE, 0x39, 0xBE,
    0x39, 0xBE, 0x39, 0xBE, 0x39, 0xBE, 0x19, 0xBE, 0x39, 0xBE, 0x39, 0xBE, 0x39, 0xBE, 0x39, 0xBE,
    0x19, 0xBE, 0x19, 0xBE, 0x19, 0xBE, 0x19, 0xBE, 0x39, 0xBE, 0x39, 0xBE, 0x19, 0xBE, 0x19, 0xBE,
    0x19, 0xBE, 0x19, 0xBE, 0x39, 0xBE, 0x3A, 0xC6, 0x19, 0xBE, 0xD8, 0xB5, 0xB7, 0xB5, 0xD8, 0xB5,
    0x19, 0xBE, 0x5A, 0xC6, 0x3A, 0xC6, 0x77, 0xA5, 0xD6, 0x8C, 0xD6, 0x8C, 0x17, 0x95, 0x94, 0x84,
    0x87, 0x31, 0x2C, 0x39, 0xE9, 0x28, 0x01, 0x00, 0x22, 0x08, 0x23, 0x08, 0x23, 0x08, 0x23, 0x08,
    0x22, 0x08, 0x22, 0x08, 0x22, 0x08, 0x22, 0x08, 0x63, 0x10, 0xA4, 0x18, 0x05, 0x21, 0x67, 0x31,
    0xA8, 0x39, 0xA8, 0x39, 0xC8, 0x39, 0xC8, 0x39, 0xC8, 0x39, 0xC8, 0x39, 0x09, 0x42, 0x6A, 0x52,
    0x6B, 0x52, 0x8B, 0x52, 0x8B, 0x52, 0xAB, 0x5A, 0xAC, 0x5A, 0xCC, 0x5A, 0xEC, 0x62, 0xED, 0x62,
    0x0D, 0x63, 0x2D, 0x63, 0x2E, 0x6B, 0x2E, 0x6B, 0x2E, 0x6B, 0x4E, 0x6B, 0x6E, 0x73, 0x6F, 0x73,
    0x8F, 0x73, 0xAF, 0x7B, 0xD0, 0x7B, 0xF0, 0x83, 0x11, 0x84, 0x32, 0x8C, 0x52, 0x8C, 0x72, 0x94,
    0x93, 0x94, 0xB3, 0x94, 0xD3, 0x94, 0xD4, 0x9C, 0xF4, 0x9C, 0x15, 0xA5, 0x76, 0xAD, 0x76, 0xAD,
    0xF1, 0x7B, 0xA8, 0x39, 0x26, 0x29, 0x67, 0x31, 0x46, 0x29, 0x67, 0x31, 0x50, 0x5A, 0x0C, 0x4A,
    0x4E, 0x63, 0x17, 0x95, 0xF6, 0x94, 0xF6, 0x94, 0xF6, 0x8C, 0xF6, 0x94, 0xD8, 0xB5, 0x39, 0xBE,
    0x19, 0xBE, 0x19, 0xBE, 0x19, 0xBE, 0x19, 0xBE, 0x19, 0xBE, 0x19, 0xBE, 0x39, 0xBE, 0x19, 0xBE,
    0x19, 0xBE, 0x19, 0xBE, 0x19, 0xBE, 0x19, 0xBE, 0x19, 0xBE, 0x19, 0xBE, 0x19, 0xBE, 0x19, 0xBE,
    0x19, 0xBE, 0x19, 0xBE, 0x19, 0xBE, 0x19, 0xBE, 0x19, 0xBE, 0x19, 0xBE, 0x19, 0xBE, 0x19, 0xBE,
    0x19, 0xBE, 0x19, 0xBE, 0x19, 0xBE, 0x19, 0xBE, 0x19, 0xBE, 0x39, 0xBE, 0x39, 0xBE, 0x39, 0xBE,
    0x19, 0xBE, 0x19, 0xBE, 0x98, 0xA5, 0xF6, 0x8C, 0xF6, 0x94, 0x17, 0x95, 0x94, 0x84, 0x87, 0x31,
    0x4C, 0x39, 0xC8, 0x20, 0x01, 0x00, 0x23, 0x08, 0x22, 0x08, 0x23, 0x08, 0x22, 0x08, 0x22, 0x08,
    0x22, 0x08, 0x22, 0x08, 0x22, 0x08, 0x22, 0x08, 0x63, 0x10, 0xC4, 0x18, 0x46, 0x29, 0x87, 0x31,
    0xA8, 0x39, 0xA8, 0x39, 0xC8, 0x39, 0xC8, 0x39, 0xC8, 0x39, 0xE9, 0x41, 0x4A, 0x4A, 0x4A, 0x4A,
    0x6A, 0x52, 0x6B, 0x52, 0x8B, 0x52, 0x8B, 0x52, 0xAB, 0x5A, 0xAC, 0x5A, 0xCC, 0x5A, 0xCC, 0x5A,
    0xED, 0x62, 0xED, 0x62, 0x0D, 0x63, 0x6F, 0x73, 0xF0, 0x83, 0x72, 0x8C, 0xB3, 0x9C, 0xF4, 0xA4,
    0xF4, 0xA4, 0xF4, 0x9C, 0xB3, 0x94, 0x52, 0x8C, 0x11, 0x84, 0xF0, 0x83, 0x11, 0x84, 0x52, 0x8C,
    0x72, 0x94, 0x93, 0x94, 0x93, 0x94, 0xB3, 0x94, 0xD3, 0x9C, 0xF4, 0x9C, 0x14, 0xA5, 0x35, 0xA5,
    0x96, 0xB5, 0xB3, 0x94, 0x2A, 0x4A, 0x26, 0x29, 0x67, 0x31, 0x46, 0x29, 0x47, 0x29, 0x4F, 0x5A,
    0x0C, 0x4A, 0x4E, 0x63, 0x17, 0x95, 0xF6, 0x94, 0xF6, 0x94, 0xF6, 0x94, 0x16, 0x95, 0xF9, 0xB5,
    0x39, 0xBE, 0x19, 0xBE, 0x19, 0xBE, 0x19, 0xBE, 0x19, 0xBE, 0x19, 0xBE, 0x19, 0xBE, 0x19, 0xBE,
    0x19, 0xBE, 0x19, 0xBE, 0x19, 0xBE, 0x19, 0xBE, 0x19, 0xBE, 0x19, 0xBE, 0x19, 0xBE, 0x19, 0xBE,
    0x19, 0xBE, 0x19, 0xBE, 0x19, 0xBE, 0x19, 0xBE, 0x19, 0xBE, 0x19, 0xBE, 0x19, 0xBE, 0x19, 0xBE,
    0x19, 0xBE, 0x19, 0xBE, 0x19, 0xBE, 0x19, 0xBE, 0x19, 0xBE, 0x19, 0xBE, 0x19, 0xBE, 0x19, 0xBE,
    0x19, 0xBE, 0xB8, 0xAD, 0xF6, 0x94, 0xF6, 0x94, 0x17, 0x95, 0xB5, 0x8C, 0xA7, 0x31, 0x4D, 0x39,
    0xC8, 0x20, 0x01, 0x00, 0x23, 0x08, 0x22, 0x08, 0x23, 0x08, 0x22, 0x08, 0x22, 0x08, 0x22, 0x08,
    0x22, 0x08, 0x22, 0x08, 0x22, 0x08, 0x42, 0x08, 0xA4, 0x18, 0x05, 0x21, 0x46, 0x29, 0x87, 0x31,
    0xA8, 0x39, 0xC8, 0x39, 0xC8, 0x39, 0xC8, 0x39, 0xC9, 0x41, 0x09, 0x42, 0x2A, 0x4A, 0x4A, 0x4A,
    0x4A, 0x4A, 0x6A, 0x52, 0x6B, 0x52, 0x8B, 0x52, 0x8B, 0x52, 0x8B, 0x5A, 0xAC, 0x5A, 0xAC, 0x5A,
    0xEC, 0x62, 0x6E, 0x6B, 0x31, 0x84, 0xD4, 0x9C, 0x55, 0xAD, 0x97, 0xB5, 0xF8, 0xBD, 0x39, 0xC6,
    0x7A, 0xCE, 0xBA, 0xD6, 0xBB, 0xDE, 0xBB, 0xD6, 0x59, 0xCE, 0x96, 0xB5, 0xB4, 0x9C, 0x31, 0x84,
    0x11, 0x84, 0x52, 0x8C, 0x73, 0x94, 0x93, 0x94, 0x93, 0x94, 0xB3, 0x94, 0xD4, 0x9C, 0xF4, 0x9C,
    0x14, 0xA5, 0x76, 0xAD, 0x35, 0xA5, 0xCD, 0x5A, 0x26, 0x29, 0x67, 0x31, 0x47, 0x29, 0x47, 0x29,
    0x4F, 0x5A, 0x0C, 0x4A, 0x6E, 0x63, 0x37, 0x95, 0xF6, 0x94, 0xF6, 0x94, 0xF6, 0x94, 0x37, 0x9D,
    0xF9, 0xBD, 0x19, 0xBE, 0x19, 0xBE, 0x19, 0xBE, 0x19, 0xBE, 0x19, 0xBE, 0x19, 0xBE, 0x19, 0xBE,
    0x19, 0xBE, 0x19, 0xBE, 0x19, 0xBE, 0x19, 0xBE, 0x19, 0xBE, 0x19, 0xBE, 0x19, 0xBE, 0x19, 0xBE,
    0x19, 0xBE, 0x19, 0xBE, 0x19, 0xBE, 0x19, 0xBE, 0x19, 0xBE, 0x19, 0xBE, 0x19, 0xBE, 0x19, 0xBE,
    0x19, 0xBE, 0x19, 0xBE, 0x19, 0xBE, 0x19, 0xBE, 0x19, 0xBE, 0x19, 0xBE, 0x19, 0xBE, 0x19, 0xBE,
    0xD8, 0xB5, 0x16, 0x95, 0xF6, 0x94, 0x17, 0x95, 0xF6, 0x94, 0xC8, 0x31, 0x2C, 0x39, 0xC8, 0x20,
    0x01, 0x00, 0x23, 0x08, 0x22, 0x08, 0x23, 0x08, 0x22, 0x08, 0x22, 0x08, 0x22, 0x08, 0x22, 0x08,
    0x22, 0x08, 0x22, 0x08, 0x43, 0x08, 0x84, 0x18, 0xC4, 0x18, 0xE5, 0x20, 0x26, 0x29, 0x87, 0x31,
    0xA8, 0x39, 0xC8, 0x39, 0xC8, 0x39, 0xC9, 0x39, 0xE9, 0x41, 0x29, 0x42, 0x29, 0x4A, 0x2A, 0x4A,
    0x4A, 0x4A, 0x4A, 0x4A, 0x4A, 0x4A, 0x6B, 0x52, 0x6B, 0x52, 0x8B, 0x52, 0x8B, 0x52, 0xCC, 0x5A,
    0x4E, 0x6B, 0xF0, 0x83, 0x52, 0x8C, 0x93, 0x94, 0xD3, 0x9C, 0x14, 0xA5, 0x55, 0xAD, 0x96, 0xB5,
    0xD7, 0xBD, 0x18, 0xC6, 0x59, 0xCE, 0xBA, 0xD6, 0xFC, 0xDE, 0x3C, 0xE7, 0x3C, 0xE7, 0x9A, 0xD6,
    0x55, 0xAD, 0x52, 0x8C, 0x11, 0x84, 0x72, 0x8C, 0x73, 0x94, 0x93, 0x94, 0xB3, 0x94, 0xD3, 0x9C,
    0xF4, 0x9C, 0x14, 0x9D, 0x35, 0xA5, 0x56, 0xAD, 0x2E, 0x63, 0x27, 0x29, 0x67, 0x31, 0x47, 0x29,
    0x46, 0x29, 0x4F, 0x5A, 0x0C, 0x4A, 0xAF, 0x6B, 0x37, 0x9D, 0xF6, 0x94, 0x16, 0x95, 0xF6, 0x94,
    0x57, 0xA5, 0x19, 0xBE, 0x19, 0xBE, 0x19, 0xBE, 0x19, 0xBE, 0x19, 0xBE, 0x19, 0xBE, 0x19, 0xBE,
    0x19, 0xBE, 0x19, 0xBE, 0x19, 0xBE, 0x19, 0xBE, 0x19, 0xBE, 0x19, 0xBE, 0xF9, 0xBD, 0x19, 0xBE,
    0x19, 0xBE, 0x19, 0xBE, 0x19, 0xBE, 0xF9, 0xBD, 0xF9, 0xBD, 0x19, 0xBE, 0x19, 0xBE, 0x19, 0xBE,
    0x19, 0xBE, 0x19, 0xBE, 0x19, 0xBE, 0x19, 0xBE, 0x19, 0xBE, 0xF9, 0xBD, 0x19, 0xBE, 0xF9, 0xB5,
    0x37, 0x9D, 0xF6, 0x94, 0x16, 0x95, 0x37, 0x9D, 0x29, 0x42, 0x2B, 0x39, 0xE9, 0x28, 0x01, 0x00,
    0x23, 0x08, 0x22, 0x08, 0x23, 0x08, 0x22, 0x08, 0x22, 0x08, 0x22, 0x08, 0x22, 0x08, 0x22, 0x08,
    0x22, 0x08, 0x63, 0x10, 0x84, 0x18, 0xA4, 0x18, 0xC4, 0x18, 0xE5, 0x20, 0x26, 0x29, 0x67, 0x31,
    0xA8, 0x39, 0xC8, 0x39, 0xC9, 0x41, 0xC9, 0x41, 0x09, 0x42, 0x09, 0x42, 0x09, 0x42, 0x2A, 0x4A,
    0x2A, 0x4A, 0x2A, 0x4A, 0x4A, 0x4A, 0x4A, 0x4A, 0x6A, 0x52, 0x6B, 0x52, 0x8B, 0x52, 0xCC, 0x5A,
    0x2D, 0x63, 0x6E, 0x73, 0xAF, 0x7B, 0xF1, 0x83, 0x52, 0x8C, 0x93, 0x94, 0xD4, 0x9C, 0x35, 0xA5,
    0x76, 0xAD, 0xB7, 0xB5, 0xF8, 0xBD, 0x39, 0xC6, 0x7A, 0xCE, 0x9A, 0xD6, 0xFB, 0xDE, 0x5D, 0xEF,
    0x7D, 0xEF, 0xDB, 0xDE, 0x56, 0xAD, 0x31, 0x8C, 0x32, 0x8C, 0x72, 0x94, 0x93, 0x94, 0x93, 0x94,
    0xB3, 0x94, 0xD4, 0x9C, 0xF4, 0x9C, 0x35, 0xA5, 0x55, 0xAD, 0x4E, 0x6B, 0x47, 0x29, 0x47, 0x31,
    0x47, 0x29, 0x47, 0x29, 0x50, 0x5A, 0x0B, 0x4A, 0x11, 0x74, 0x37, 0x9D, 0xF6, 0x94, 0x16, 0x95,
    0x16, 0x95, 0x98, 0xAD, 0x19, 0xBE, 0x19, 0xBE, 0x19, 0xBE, 0x19, 0xBE, 0xF9, 0xBD, 0xF9, 0xBD,
    0xF9, 0xBD, 0xF9, 0xBD, 0x19, 0xBE, 0x19, 0xBE, 0x19, 0xBE, 0x19, 0xBE, 0xF9, 0xBD, 0x19, 0xBE,
    0x19, 0xBE, 0xF9, 0xBD, 0xF9, 0xBD, 0xF9, 0xBD, 0x19, 0xBE, 0xF8, 0xBD, 0xF9, 0xB5, 0xF9, 0xBD,
    0xF9, 0xBD, 0xF9, 0xBD, 0xF9, 0xBD, 0xF9, 0xBD, 0xF9, 0xBD, 0xF9, 0xBD, 0xF8, 0xBD, 0x77, 0xA5,
    0x16, 0x95, 0x16, 0x95, 0x58, 0x9D, 0xEC, 0x52, 0x0A, 0x31, 0x2B, 0x31, 0x01, 0x00, 0x23, 0x08,
    0x22, 0x08, 0x23, 0x08, 0x22, 0x08, 0x22, 0x08, 0x22, 0x08, 0x22, 0x08, 0x22, 0x08, 0x42, 0x08,
    0x83, 0x10, 0xA4, 0x18, 0xA4, 0x18, 0xA4, 0x18, 0xC5, 0x18, 0xE5, 0x20, 0x26, 0x29, 0x67, 0x31,
    0x88, 0x39, 0xA8, 0x39, 0xC9, 0x39, 0xE9, 0x41, 0xE9, 0x41, 0x09, 0x42, 0x09, 0x42, 0x09, 0x42,
    0x09, 0x42, 0x2A, 0x4A, 0x2A, 0x4A, 0x2A, 0x4A, 0x4A, 0x4A, 0x4A, 0x4A, 0x6A, 0x52, 0x6B, 0x52,
    0x8B, 0x52, 0xCC, 0x62, 0x2D, 0x6B, 0x6F, 0x73, 0xD0, 0x7B, 0x11, 0x84, 0x72, 0x8C, 0xB3, 0x9C,
    0xF4, 0xA4, 0x35, 0xAD, 0x96, 0xB5, 0xD7, 0xBD, 0x18, 0xC6, 0x59, 0xCE, 0x7A, 0xD6, 0xBB, 0xD6,
    0xFC, 0xDE, 0x5D, 0xEF, 0x7D, 0xEF, 0x7A, 0xCE, 0xB3, 0x9C, 0x11, 0x84, 0x52, 0x8C, 0x73, 0x94,
    0x93, 0x94, 0xB3, 0x94, 0xD3, 0x9C, 0xF4, 0x9C, 0x14, 0xA5, 0x55, 0xAD, 0x4E, 0x6B, 0x26, 0x29,
    0x67, 0x31, 0x46, 0x29, 0x68, 0x31, 0x70, 0x5A, 0x2A, 0x4A, 0x94, 0x84, 0x37, 0x9D, 0x16, 0x95,
    0x17, 0x95, 0x17, 0x95, 0xD8, 0xB5, 0xF9, 0xBD, 0x19, 0xBE, 0xF9, 0xBD, 0xF9, 0xBD, 0xF9, 0xBD,
    0x19, 0xBE, 0x19, 0xBE, 0xF9, 0xBD, 0xF9, 0xBD, 0xF9, 0xBD, 0x19, 0xBE, 0xF9, 0xBD, 0xF8, 0xB5,
    0xF9, 0xBD, 0xF9, 0xBD, 0xF9, 0xBD, 0xF8, 0xB5, 0xF8, 0xB5, 0xF8, 0xBD, 0xF9, 0xBD, 0xF9, 0xBD,
    0xF8, 0xB5, 0xF8, 0xB5, 0xF9, 0xBD, 0xF9, 0xBD, 0xF8, 0xB5, 0x19, 0xBE, 0xB8, 0xAD, 0x17, 0x95,
    0x16, 0x95, 0x58, 0x9D, 0xB0, 0x6B, 0x08, 0x29, 0x4C, 0x39, 0x02, 0x00, 0x23, 0x08, 0x22, 0x08,
    0x23, 0x08, 0x22, 0x08, 0x22, 0x08, 0x22, 0x08, 0x22, 0x08, 0x22, 0x08, 0x42, 0x08, 0x83, 0x10,
    0xA4, 0x18, 0xA4, 0x18, 0xA4, 0x18, 0xA4, 0x18, 0xC5, 0x18, 0xE5, 0x20, 0x26, 0x29, 0x47, 0x31,
    0x88, 0x31, 0xA8, 0x39, 0xC8, 0x39, 0xE9, 0x41, 0xE9, 0x41, 0xE9, 0x41, 0xE9, 0x41, 0x09, 0x42,
    0x09, 0x42, 0x09, 0x42, 0x09, 0x42, 0x2A, 0x4A, 0x2A, 0x4A, 0x4A, 0x4A, 0x4B, 0x4A, 0x4B, 0x4A,
    0x6B, 0x52, 0x6B, 0x52, 0xAC, 0x5A, 0xED, 0x62, 0x4E, 0x6B, 0x8F, 0x73, 0xF0, 0x83, 0x31, 0x8C,
    0x72, 0x94, 0xD4, 0x9C, 0x15, 0xA5, 0x56, 0xAD, 0x97, 0xB5, 0xD8, 0xBD, 0x19, 0xC6, 0x59, 0xCE,
    0x9A, 0xD6, 0xDB, 0xDE, 0x1C, 0xE7, 0x7D, 0xEF, 0x3D, 0xE7, 0x76, 0xB5, 0x11, 0x84, 0x52, 0x8C,
    0x72, 0x94, 0x72, 0x94, 0x93, 0x94, 0xB3, 0x94, 0xD3, 0x9C, 0xF4, 0x9C, 0x35, 0xA5, 0x0D, 0x63,
    0x26, 0x29, 0x67, 0x31, 0x46, 0x29, 0xA9, 0x39, 0x70, 0x5A, 0x6B, 0x4A, 0x16, 0x95, 0x37, 0x9D,
    0x17, 0x95, 0x17, 0x95, 0x57, 0x9D, 0xF8, 0xB5, 0x19, 0xBE, 0xF8, 0xB5, 0xF8, 0xB5, 0xF9, 0xBD,
    0xF9, 0xBD, 0xF9, 0xBD, 0xF8, 0xB5, 0xF8, 0xBD, 0xF8, 0xBD, 0xF9, 0xBD, 0xF8, 0xBD, 0xF9, 0xBD,
    0xF9, 0xBD, 0xF9, 0xBD, 0xF8, 0xB5, 0xF8, 0xB5, 0xF8, 0xB5, 0xF9, 0xBD, 0xF8, 0xB5, 0xF8, 0xBD,
    0x19, 0xBE, 0xF8, 0xB5, 0xF8, 0xB5, 0xF8, 0xB5, 0xF9, 0xBD, 0xD8, 0xB5, 0x37, 0x9D, 0x17, 0x95,
    0x57, 0x9D, 0xB4, 0x8C, 0x47, 0x29, 0x6E, 0x41, 0x43, 0x08, 0x22, 0x08, 0x22, 0x08, 0x23, 0x08,
    0x22, 0x08, 0x22, 0x08, 0x22, 0x08, 0x22, 0x08, 0x22, 0x08, 0x42, 0x08, 0x83, 0x10, 0xA4, 0x18,
    0xA4, 0x18, 0xA4, 0x18, 0xA4, 0x18, 0xA4, 0x18, 0xC5, 0x18, 0xE5, 0x20, 0x06, 0x29, 0x47, 0x29,
    0x67, 0x31, 0xA8, 0x39, 0xC8, 0x39, 0xC8, 0x39, 0xC9, 0x41, 0xE9, 0x41, 0xE9, 0x41, 0xE9, 0x41,
    0xE9, 0x41, 0x0A, 0x42, 0x0A, 0x42, 0x2B, 0x4A, 0x2B, 0x4A, 0x2B, 0x4A, 0x4B, 0x4A, 0x4C, 0x4A,
    0x4C, 0x4A, 0x6C, 0x52, 0x6C, 0x52, 0x8C, 0x52, 0xCD, 0x5A, 0x0E, 0x63, 0x6F, 0x6B, 0xB0, 0x7B,
    0xF1, 0x83, 0x52, 0x8C, 0x93, 0x94, 0xF4, 0x9C, 0x35, 0xA5, 0x76, 0xAD, 0xB7, 0xB5, 0xF8, 0xC5,
    0x39, 0xCE, 0x7A, 0xCE, 0xBB, 0xD6, 0xDB, 0xDE, 0x3C, 0xE7, 0x7D, 0xEF, 0x19, 0xC6, 0x32, 0x8C,
    0x31, 0x8C, 0x52, 0x8C, 0x72, 0x94, 0x92, 0x94, 0xB3, 0x94, 0xD3, 0x94, 0xF4, 0x9C, 0x14, 0x9D,
    0x8C, 0x52, 0x26, 0x29, 0x67, 0x31, 0x26, 0x29, 0xEC, 0x41, 0x4F, 0x5A, 0x2D, 0x5B, 0x58, 0x9D,
    0x17, 0x95, 0x37, 0x9D, 0x17, 0x95, 0x98, 0xA5, 0xF9, 0xBD, 0xF8, 0xB5, 0xF8, 0xB5, 0xF9, 0xBD,
    0xF8, 0xB5, 0xF8, 0xB5, 0xF8, 0xB5, 0xF8, 0xB5, 0xF8, 0xB5, 0xF8, 0xB5, 0xF9, 0xBD, 0xF8, 0xBD,
    0xF8, 0xB5, 0xF8, 0xB5, 0xF8, 0xB5, 0xF8, 0xB5, 0xF8, 0xB5, 0xF8, 0xB5, 0xF8, 0xB5, 0xF8, 0xB5,
    0xF8, 0xBD, 0xF8, 0xB5, 0xF8, 0xB5, 0xF8, 0xB5, 0xF8, 0xBD, 0x77, 0xA5, 0x17, 0x95, 0x37, 0x9D,
    0x37, 0x9D, 0x09, 0x3A, 0x4D, 0x39, 0xA6, 0x18, 0x02, 0x00, 0x23, 0x08, 0x23, 0x08, 0x22, 0x08,
    0x22, 0x08, 0x22, 0x08, 0x22, 0x08, 0x22, 0x08, 0x42, 0x08, 0x83, 0x10, 0x84, 0x18, 0xA4, 0x18,
    0xA4, 0x18, 0xA4, 0x18, 0xA4, 0x18, 0xA4, 0x18, 0xC5, 0x18, 0xE5, 0x20, 0x06, 0x21, 0x26, 0x29,
    0x67, 0x31, 0x88, 0x31, 0xA8, 0x39, 0xC8, 0x39, 0xC8, 0x39, 0xC9, 0x41, 0xE9, 0x41, 0xEA, 0x41,
    0x0A, 0x42, 0x0A, 0x42, 0x0B, 0x42, 0x0B, 0x42, 0x2B, 0x4A, 0x2B, 0x4A, 0x2B, 0x4A, 0x2B, 0x4A,
    0x4C, 0x4A, 0x4C, 0x4A, 0x6C, 0x4A, 0x6C, 0x52, 0x6C, 0x52, 0xAD, 0x52, 0xEE, 0x5A, 0x2F, 0x6B,
    0x90, 0x73, 0xD1, 0x7B, 0x12, 0x84, 0x72, 0x8C, 0xB3, 0x9C, 0xF4, 0xA4, 0x55, 0xAD, 0x96, 0xB5,
    0xD7, 0xBD, 0x18, 0xC6, 0x59, 0xCE, 0x9A, 0xD6, 0xBB, 0xDE, 0xFC, 0xDE, 0x5D, 0xEF, 0x7A, 0xD6,
    0x52, 0x8C, 0x11, 0x84, 0x52, 0x8C, 0x52, 0x8C, 0x72, 0x8C, 0x93, 0x94, 0xB3, 0x94, 0xF4, 0x9C,
    0xB3, 0x94, 0x0A, 0x42, 0x26, 0x29, 0x67, 0x31, 0x46, 0x29, 0x2E, 0x52, 0x2C, 0x4A, 0x11, 0x74,
    0x58, 0x9D, 0x37, 0x9D, 0x37, 0x9D, 0x37, 0x9D, 0xD8, 0xB5, 0xF8, 0xBD, 0xF8, 0xB5, 0xF8, 0xB5,
    0xF8, 0xB5, 0xF8, 0xB5, 0xF8, 0xB5, 0xF8, 0xB5, 0xF8, 0xB5, 0xF8, 0xB5, 0xF8, 0xB5, 0xF8, 0xB5,
    0xF8, 0xB5, 0xF8, 0xB5, 0xF8, 0xB5, 0xD8, 0xB5, 0xD8, 0xB5, 0xF8, 0xB5, 0xF8, 0xB5, 0xF8, 0xB5,
    0xD8, 0xB5, 0xF8, 0xB5, 0xF8, 0xB5, 0xF8, 0xBD, 0xB8, 0xAD, 0x37, 0x9D, 0x37, 0x9D, 0x78, 0xA5,
    0x4E, 0x63, 0x2A, 0x31, 0x2A, 0x31, 0x01, 0x00, 0x23, 0x08, 0x23, 0x08, 0x23, 0x08, 0x22, 0x08,
    0x22, 0x08, 0x22, 0x08, 0x02, 0x08, 0x42, 0x08, 0x83, 0x10, 0xA4, 0x18, 0xA4, 0x18, 0xA4, 0x18,
    0xA4, 0x18, 0xA4, 0x18, 0xA4, 0x18, 0xC4, 0x18, 0xC5, 0x18, 0xE5, 0x20, 0xE5, 0x20, 0x26, 0x29,
    0x47, 0x31, 0x87, 0x31, 0x88, 0x39, 0xA8, 0x39, 0xC9, 0x39, 0xEA, 0x41, 0xEA, 0x41, 0xEA, 0x41,
    0xEA, 0x41, 0xEA, 0x41, 0xEA, 0x41, 0x0B, 0x42, 0x0B, 0x42, 0x0B, 0x42, 0x2B, 0x42, 0x2B, 0x4A,
    0x2B, 0x4A, 0x4C, 0x4A, 0x4C, 0x4A, 0x4C, 0x4A, 0x6C, 0x4A, 0x6C, 0x52, 0x8D, 0x52, 0xAD, 0x5A,
    0x0E, 0x63, 0x4F, 0x6B, 0x90, 0x73, 0xF1, 0x7B, 0x32, 0x8C, 0x73, 0x94, 0xD4, 0x9C, 0x15, 0xA5,
    0x56, 0xAD, 0x97, 0xB5, 0xD8, 0xBD, 0x19, 0xC6, 0x5A, 0xCE, 0x9A, 0xD6, 0xDB, 0xDE, 0x3D, 0xE7,
    0x7A, 0xD6, 0x52, 0x8C, 0x11, 0x84, 0x32, 0x8C, 0x52, 0x8C, 0x72, 0x8C, 0x92, 0x94, 0x93, 0x94,
    0xF4, 0x9C, 0x11, 0x84, 0x88, 0x31, 0x47, 0x29, 0x47, 0x29, 0x67, 0x31, 0x70, 0x5A, 0x4B, 0x4A,
    0xF5, 0x94, 0x57, 0x9D, 0x37, 0x9D, 0x37, 0x9D, 0x77, 0xA5, 0xF8, 0xB5, 0xF8, 0xB5, 0xD8, 0xB5,
    0xF8, 0xB5, 0xF8, 0xB5, 0xD8, 0xB5, 0xF8, 0xB5, 0xF8, 0xB5, 0xF8, 0xB5, 0xF8, 0xB5, 0xF8, 0xB5,
    0xF8, 0xB5, 0xD8, 0xB5, 0xF8, 0xB5, 0xF8, 0xB5, 0xD8, 0xB5, 0xF8, 0xB5, 0xF8, 0xB5, 0xD8, 0xB5,
    0xD8, 0xB5, 0xD8, 0xB5, 0xF8, 0xB5, 0xF8, 0xB5, 0x57, 0xA5, 0x37, 0x9D, 0x58, 0xA5, 0xB4, 0x8C,
    0x68, 0x31, 0x6D, 0x41, 0x22, 0x08, 0x22, 0x08, 0x22, 0x08, 0x23, 0x08, 0x22, 0x08, 0x22, 0x08,
    0x22, 0x08, 0x02, 0x00, 0x22, 0x08, 0x83, 0x10, 0xA4, 0x18, 0xA4, 0x18, 0xA4, 0x18, 0xA4, 0x18,
    0xA4, 0x18, 0xA4, 0x18, 0xC4, 0x18, 0xC4, 0x18, 0xC5, 0x18, 0xC5, 0x20, 0xE5, 0x20, 0x06, 0x21,
    0x46, 0x29, 0x68, 0x31, 0x89, 0x39, 0xA9, 0x39, 0xCA, 0x39, 0xCA, 0x41, 0xEA, 0x41, 0xEA, 0x41,
    0xEA, 0x41, 0xEA, 0x41, 0xEA, 0x41, 0x0B, 0x42, 0x0B, 0x42, 0x0B, 0x42, 0x0B, 0x42, 0x0B, 0x42,
    0x2B, 0x4A, 0x2B, 0x4A, 0x2C, 0x4A, 0x4C, 0x4A, 0x4C, 0x4A, 0x6C, 0x4A, 0x6C, 0x4A, 0x6D, 0x52,
    0x8D, 0x52, 0xCE, 0x5A, 0x0F, 0x63, 0x70, 0x6B, 0xB1, 0x73, 0xF2, 0x83, 0x52, 0x8C, 0x93, 0x94,
    0xD4, 0x9C, 0x35, 0xA5, 0x76, 0xB5, 0xB7, 0xBD, 0xF8, 0xC5, 0x39, 0xC6, 0x7A, 0xCE, 0x9A, 0xD6,
    0x1C, 0xE7, 0x7A, 0xCE, 0x32, 0x8C, 0xF1, 0x83, 0x32, 0x8C, 0x32, 0x8C, 0x52, 0x8C, 0x72, 0x8C,
    0x93, 0x94, 0xD4, 0x9C, 0x2E, 0x63, 0x47, 0x29, 0x67, 0x31, 0x46, 0x29, 0xCB, 0x41, 0x4F, 0x5A,
    0x0D, 0x5B, 0x78, 0xA5, 0x37, 0x9D, 0x37, 0x9D, 0x37, 0x9D, 0x98, 0xAD, 0xF8, 0xB5, 0xD8, 0xB5,
    0xF8, 0xB5, 0xF8, 0xB5, 0xF8, 0xB5, 0xF8, 0xB5, 0xF8, 0xB5, 0xF8, 0xB5, 0xF8, 0xB5, 0xF8, 0xB5,
    0xF8, 0xB5, 0xD8, 0xB5, 0xD8, 0xB5, 0xD8, 0xB5, 0xD8, 0xB5, 0xD8, 0xB5, 0xD8, 0xB5, 0xD8, 0xB5,
    0xD8, 0xB5, 0xD8, 0xB5, 0xF8, 0xB5, 0xB8, 0xAD, 0x37, 0x9D, 0x37, 0x9D, 0x78, 0xA5, 0x8B, 0x4A,
    0x4C, 0x39, 0xA6, 0x18, 0x02, 0x00, 0x23, 0x08, 0x23, 0x08, 0x22, 0x08, 0x22, 0x08, 0x22, 0x08,
    0x22, 0x08, 0x22, 0x08, 0x63, 0x10, 0xA4, 0x18, 0xA4, 0x18, 0xA4, 0x18, 0xA4, 0x18, 0xA4, 0x18,
    0xA4, 0x18, 0xC4, 0x18, 0xC4, 0x18, 0xC4, 0x18, 0xC5, 0x18, 0xC5, 0x18, 0xE5, 0x20, 0x06, 0x21,
    0x27, 0x29, 0x69, 0x31, 0x89, 0x39, 0xA9, 0x39, 0xAA, 0x39, 0xCA, 0x39, 0xCA, 0x41, 0xEA, 0x41,
    0xEA, 0x41, 0xEA, 0x41, 0xEA, 0x41, 0xEA, 0x41, 0xEB, 0x41, 0x0B, 0x42, 0x0B, 0x42, 0x0B, 0x42,
    0x0B, 0x42, 0x2B, 0x42, 0x2C, 0x4A, 0x2C, 0x4A, 0x4C, 0x4A, 0x4C, 0x4A, 0x4C, 0x4A, 0x6C, 0x4A,
    0x6D, 0x52, 0x8D, 0x52, 0x8D, 0x52, 0xEE, 0x5A, 0x2F, 0x6B, 0x90, 0x73, 0xD1, 0x7B, 0x12, 0x84,
    0x73, 0x8C, 0xB3, 0x9C, 0xF4, 0xA4, 0x55, 0xAD, 0x96, 0xB5, 0xD7, 0xBD, 0x18, 0xC6, 0x59, 0xCE,
    0x7A, 0xD6, 0xFC, 0xDE, 0x18, 0xC6, 0xF1, 0x83, 0xF1, 0x83, 0x11, 0x84, 0x31, 0x84, 0x52, 0x8C,
    0x72, 0x8C, 0x93, 0x94, 0x93, 0x8C, 0x4A, 0x4A, 0x46, 0x29, 0x67, 0x31, 0x26, 0x29, 0x4F, 0x52,
    0x2C, 0x52, 0x72, 0x84, 0x78, 0xA5, 0x37, 0x9D, 0x57, 0x9D, 0x57, 0xA5, 0xD8, 0xB5, 0xD8, 0xB5,
    0xF8, 0xB5, 0xD8, 0xB5, 0xD8, 0xB5, 0xF8, 0xB5, 0xD8, 0xB5, 0xD8, 0xB5, 0xD8, 0xB5, 0xF8, 0xB5,
    0xD8, 0xB5, 0xD8, 0xB5, 0xD8, 0xB5, 0xD8, 0xB5, 0xD8, 0xB5, 0xD8, 0xB5, 0xD8, 0xB5, 0xD8, 0xB5,
    0xD8, 0xB5, 0xD8, 0xB5, 0xD8, 0xB5, 0x77, 0xA5, 0x37, 0x9D, 0x98, 0xA5, 0x31, 0x7C, 0x29, 0x31,
    0x4C, 0x39, 0x01, 0x00, 0x23, 0x08, 0x23, 0x08, 0x22, 0x08, 0x22, 0x08, 0x22, 0x08, 0x22, 0x08,
    0x22, 0x08, 0x63, 0x10, 0xA4, 0x18, 0xA4, 0x18, 0xA4, 0x18, 0xA4, 0x18, 0xA4, 0x18, 0xA4, 0x18,
    0xA4, 0x18, 0xC4, 0x18, 0xC4, 0x18, 0xA4, 0x18, 0xC4, 0x18, 0xC5, 0x18, 0xE5, 0x20, 0x07, 0x29,
    0x28, 0x29, 0x69, 0x31, 0x69, 0x31, 0x89, 0x39, 0xAA, 0x39, 0xCA, 0x39, 0xCA, 0x39, 0xCA, 0x41,
    0xEA, 0x41, 0xEA, 0x41, 0xEA, 0x41, 0xEB, 0x41, 0xEB, 0x41, 0xEB, 0x41, 0x0B, 0x42, 0x0B, 0x42,
    0x0B, 0x42, 0x0B, 0x42, 0x0B, 0x42, 0x2C, 0x42, 0x2C, 0x4A, 0x2C, 0x4A, 0x4C, 0x4A, 0x4C, 0x4A,
    0x4C, 0x4A, 0x6D, 0x4A, 0x6D, 0x52, 0x8D, 0x52, 0xAE, 0x5A, 0x0F, 0x63, 0x50, 0x6B, 0x91, 0x73,
    0xF2, 0x7B, 0x32, 0x8C, 0x93, 0x94, 0xD4, 0x9C, 0x15, 0xA5, 0x56, 0xAD, 0xB7, 0xB5, 0xF8, 0xBD,
    0x19, 0xC6, 0x59, 0xCE, 0xDB, 0xDE, 0x76, 0xB5, 0xD0, 0x7B, 0xF1, 0x83, 0x11, 0x84, 0x11, 0x84,
    0x31, 0x84, 0x52, 0x8C, 0x93, 0x94, 0xD0, 0x7B, 0x88, 0x31, 0x47, 0x29, 0x47, 0x29, 0x88, 0x31,
    0x70, 0x5A, 0xCC, 0x52, 0x57, 0x9D, 0x57, 0x9D, 0x57, 0x9D, 0x57, 0x9D, 0x98, 0xAD, 0xF8, 0xB5,
    0xD8, 0xB5, 0xD8, 0xB5, 0xD8, 0xB5, 0xD8, 0xB5, 0xD8, 0xB5, 0xD8, 0xB5, 0xD8, 0xB5, 0xD8, 0xB5,
    0xD8, 0xB5, 0xD8, 0xB5, 0xD8, 0xB5, 0xD8, 0xB5, 0xD8, 0xB5, 0xD8, 0xB5, 0xD8, 0xB5, 0xD8, 0xB5,
    0xD8, 0xB5, 0xD8, 0xB5, 0xB8, 0xAD, 0x57, 0x9D, 0x57, 0x9D, 0x78, 0xA5, 0x09, 0x3A, 0x4D, 0x39,
    0x64, 0x10, 0x22, 0x08, 0x23, 0x08, 0x23, 0x08, 0x22, 0x08, 0x22, 0x08, 0x22, 0x08, 0x02, 0x00,
    0x42, 0x08, 0x84, 0x10, 0xA4, 0x18, 0xA4, 0x18, 0xA4, 0x18, 0xA4, 0x18, 0xA4, 0x18, 0xA4, 0x18,
    0xC4, 0x18, 0xC4, 0x18, 0xA4, 0x18, 0xA4, 0x18, 0xA4, 0x18, 0xC5, 0x20, 0xE7, 0x20, 0x07, 0x29,
    0x28, 0x29, 0x48, 0x31, 0x69, 0x31, 0x89, 0x31, 0xA9, 0x39, 0xAA, 0x39, 0xCA, 0x39, 0xCA, 0x39,
    0xCA, 0x41, 0xEA, 0x41, 0xEA, 0x41, 0xEA, 0x41, 0xEA, 0x41, 0xEA, 0x41, 0xEB, 0x41, 0xEB, 0x41,
    0x0B, 0x42, 0x0B, 0x42, 0x0B, 0x42, 0x0B, 0x42, 0x2B, 0x42, 0x2B, 0x42, 0x2C, 0x4A, 0x4C, 0x4A,
    0x4C, 0x4A, 0x4C, 0x4A, 0x6D, 0x4A, 0x6D, 0x4A, 0x6D, 0x52, 0x8D, 0x52, 0xCE, 0x5A, 0x0F, 0x63,
    0x70, 0x6B, 0xB1, 0x73, 0xF2, 0x83, 0x52, 0x8C, 0x93, 0x94, 0xF4, 0x9C, 0x35, 0xAD, 0x76, 0xB5,
    0xB7, 0xBD, 0xF8, 0xC5, 0x39, 0xC6, 0x9A, 0xD6, 0xB4, 0x9C, 0xB0, 0x7B, 0xF1, 0x83, 0xF1, 0x83,
    0x11, 0x84, 0x31, 0x84, 0x51, 0x84, 0x72, 0x8C, 0xAC, 0x52, 0x47, 0x29, 0x67, 0x31, 0x46, 0x29,
    0x0C, 0x4A, 0x2D, 0x52, 0x11, 0x7C, 0x98, 0xA5, 0x57, 0x9D, 0x57, 0x9D, 0x77, 0xA5, 0xD8, 0xB5,
    0xD8, 0xB5, 0xD8, 0xB5, 0xD8, 0xB5, 0xD8, 0xB5, 0xD8, 0xB5, 0xD8, 0xB5, 0xD8, 0xB5, 0xD8, 0xB5,
    0xD8, 0xB5, 0xD8, 0xB5, 0xD8, 0xB5, 0xD8, 0xB5, 0xD8, 0xB5, 0xD8, 0xB5, 0xD8, 0xB5, 0xD8, 0xB5,
    0xD8, 0xB5, 0xD8, 0xB5, 0x78, 0xA5, 0x57, 0x9D, 0x99, 0xAD, 0xF0, 0x73, 0x29, 0x31, 0x2A, 0x31,
    0x01, 0x00, 0x23, 0x08, 0x23, 0x08, 0x22, 0x08, 0x22, 0x08, 0x22, 0x08, 0x22, 0x08, 0x22, 0x08,
    0x83, 0x10, 0xA4, 0x18, 0xA4, 0x18, 0xA4, 0x18, 0xA4, 0x18, 0xA4, 0x18, 0xA4, 0x18, 0xC4, 0x18,
    0xC4, 0x18, 0xC4, 0x18, 0xA4, 0x18, 0xA4, 0x18, 0xC5, 0x18, 0xE7, 0x20, 0xE7, 0x20, 0x07, 0x29,
    0x08, 0x29, 0x48, 0x29, 0x69, 0x31, 0x89, 0x31, 0x89, 0x39, 0xAA, 0x39, 0xCA, 0x39, 0xCA, 0x39,
    0xCA, 0x39, 0xCA, 0x39, 0xCC, 0x39, 0xCD, 0x39, 0xCF, 0x39, 0xD0, 0x39, 0xD1, 0x39, 0xD1, 0x39,
    0xF2, 0x39, 0xF2, 0x39, 0xF1, 0x39, 0x10, 0x3A, 0x0F, 0x42, 0x0E, 0x42, 0x2C, 0x42, 0x2C, 0x4A,
    0x2C, 0x4A, 0x4C, 0x4A, 0x4C, 0x4A, 0x4D, 0x4A, 0x6D, 0x4A, 0x6D, 0x4A, 0x8D, 0x52, 0xAE, 0x52,
    0xEE, 0x5A, 0x30, 0x63, 0x91, 0x73, 0xD1, 0x7B, 0x11, 0x84, 0x72, 0x94, 0xB4, 0x9C, 0x15, 0xA5,
    0x56, 0xAD, 0x97, 0xB5, 0xD7, 0xBD, 0x19, 0xC6, 0xF8, 0xC5, 0xF1, 0x83, 0xB0, 0x7B, 0xD0, 0x7B,
    0xF0, 0x7B, 0x11, 0x7C, 0x11, 0x84, 0x52, 0x8C, 0xD0, 0x7B, 0xA9, 0x31, 0x47, 0x29, 0x47, 0x29,
    0x67, 0x31, 0x70, 0x5A, 0x8C, 0x52, 0x57, 0x9D, 0x78, 0xA5, 0x57, 0xA5, 0x57, 0x9D, 0x98, 0xAD,
    0xD8, 0xB5, 0xD8, 0xB5, 0xD8, 0xB5, 0xD8, 0xB5, 0xD8, 0xB5, 0xD8, 0xB5, 0xD8, 0xB5, 0xD8, 0xB5,
    0xD8, 0xB5, 0xD8, 0xB5, 0xD8, 0xB5, 0xD8, 0xB5, 0xB8, 0xB5, 0xD8, 0xB5, 0xD8, 0xB5, 0xB8, 0xB5,
    0xD8, 0xB5, 0xB8, 0xAD, 0x58, 0xA5, 0x78, 0xA5, 0x78, 0xA5, 0x2A, 0x42, 0x6D, 0x41, 0x44, 0x10,
    0x22, 0x08, 0x23, 0x08, 0x23, 0x08, 0x22, 0x08, 0x22, 0x08, 0x22, 0x08, 0x22, 0x08, 0x63, 0x10,
    0x84, 0x18, 0xA4, 0x18, 0xA4, 0x18, 0xA4, 0x18, 0xA4, 0x18, 0xA4, 0x18, 0xA4, 0x18, 0xC4, 0x18,
    0xA4, 0x18, 0xA4, 0x18, 0xA4, 0x18, 0xC5, 0x18, 0xC7, 0x20, 0xE7, 0x20, 0xE7, 0x20, 0xE7, 0x20,
    0x08, 0x29, 0x28, 0x29, 0x49, 0x31, 0x69, 0x31, 0x8A, 0x31, 0xAA, 0x39, 0xAA, 0x39, 0xAB, 0x39,
    0xAE, 0x39, 0xB0, 0x39, 0xB2, 0x39, 0xB3, 0x39, 0xB4, 0x39, 0xB4, 0x39, 0xD4, 0x39, 0xD4, 0x39,
    0xD4, 0x39, 0xF4, 0x39, 0xF4, 0x39, 0xF5, 0x39, 0x14, 0x3A, 0x14, 0x3A, 0x13, 0x3A, 0x31, 0x3A,
    0x2E, 0x42, 0x2C, 0x42, 0x2C, 0x4A, 0x4C, 0x4A, 0x4D, 0x4A, 0x6D, 0x4A, 0x6D, 0x4A, 0x6D, 0x52,
    0x8D, 0x52, 0xAE, 0x52, 0x0F, 0x63, 0x50, 0x6B, 0xB1, 0x73, 0xF1, 0x83, 0x32, 0x8C, 0x93, 0x94,
    0xD4, 0x9C, 0x15, 0xA5, 0x56, 0xAD, 0x97, 0xB5, 0x18, 0xC6, 0x15, 0xA5, 0x8F, 0x73, 0xB0, 0x7B,
    0xB0, 0x7B, 0xF0, 0x7B, 0xF0, 0x7B, 0x11, 0x84, 0x31, 0x84, 0xAC, 0x52, 0x47, 0x29, 0x67, 0x31,
    0x46, 0x29, 0x0C, 0x4A, 0x2D, 0x52, 0x11, 0x7C, 0x99, 0xAD, 0x57, 0xA5, 0x78, 0xA5, 0x78, 0xA5,
    0xB8, 0xB5, 0xD8, 0xB5, 0xD8, 0xB5, 0xD8, 0xB5, 0xD8, 0xB5, 0xD8, 0xB5, 0xD8, 0xB5, 0xD8, 0xB5,
    0xD8, 0xB5, 0xD8, 0xB5, 0xB8, 0xB5, 0xD8, 0xB5, 0xB8, 0xB5, 0xB7, 0xAD, 0xD8, 0xB5, 0xB8, 0xB5,
    0xD8, 0xB5, 0x98, 0xA5, 0x57, 0xA5, 0xB9, 0xAD, 0x11, 0x7C, 0x4A, 0x31, 0x2A, 0x31, 0x01, 0x00,
    0x23, 0x08, 0x23, 0x08, 0x22, 0x08, 0x22, 0x08, 0x22, 0x08, 0x22, 0x08, 0x42, 0x08, 0x84, 0x10,
    0xA4, 0x18, 0xA4, 0x18, 0xA4, 0x18, 0xA4, 0x18, 0xA4, 0x18, 0xA4, 0x18, 0xC4, 0x18, 0xA4, 0x18,
    0xA4, 0x18, 0xA4, 0x18, 0xC5, 0x18, 0xC7, 0x20, 0xC7, 0x20, 0xC7, 0x20, 0xE7, 0x20, 0xE7, 0x20,
    0x08, 0x29, 0x28, 0x29, 0x49, 0x29, 0x69, 0x31, 0x89, 0x31, 0x8B, 0x39, 0x6E, 0x39, 0x72, 0x39,
    0x73, 0x39, 0x94, 0x39, 0x93, 0x39, 0xB3, 0x39, 0xB3, 0x39, 0xB3, 0x39, 0xD4, 0x39, 0xD4, 0x39,
    0xD4, 0x39, 0xD4, 0x39, 0xF4, 0x39, 0xF4, 0x31, 0x14, 0x32, 0x15, 0x32, 0x15, 0x32, 0x35, 0x32,
    0x35, 0x32, 0x33, 0x3A, 0x2F, 0x42, 0x2C, 0x4A, 0x2C, 0x4A, 0x4D, 0x4A, 0x4D, 0x4A, 0x6D, 0x4A,
    0x6D, 0x4A, 0x8D, 0x52, 0x8E, 0x52, 0xCE, 0x5A, 0x10, 0x63, 0x70, 0x6B, 0xB0, 0x7B, 0x11, 0x84,
    0x52, 0x8C, 0xB3, 0x94, 0xF4, 0xA4, 0x35, 0xAD, 0x76, 0xB5, 0xB7, 0xB5, 0xF1, 0x83, 0x6F, 0x73,
    0xB0, 0x7B, 0xB0, 0x7B, 0xD0, 0x7B, 0xF0, 0x7B, 0x11, 0x84, 0x8F, 0x6B, 0xC9, 0x39, 0x47, 0x29,
    0x47, 0x29, 0x67, 0x31, 0x70, 0x5A, 0xAC, 0x52, 0x77, 0xA5, 0x78, 0xA5, 0x78, 0xA5, 0x78, 0xA5,
    0xB8, 0xAD, 0xB8, 0xB5, 0xD8, 0xB5, 0xD8, 0xB5, 0xB8, 0xB5, 0xD8, 0xB5, 0xB8, 0xB5, 0xD8, 0xB5,
    0xB8, 0xB5, 0xB8, 0xB5, 0xB8, 0xB5, 0xB8, 0xB5, 0xB8, 0xB5, 0xB7, 0xAD, 0xB7, 0xB5, 0xB7, 0xB5,
    0xB8, 0xAD, 0x78, 0xA5, 0x78, 0xA5, 0xB8, 0xAD, 0x6B, 0x4A, 0x4C, 0x39, 0x64, 0x10, 0x22, 0x08,
    0x23, 0x08, 0x23, 0x08, 0x22, 0x08, 0x22, 0x08, 0x22, 0x08, 0x22, 0x08, 0x83, 0x10, 0xA4, 0x18,
    0xA4, 0x18, 0xA4, 0x18, 0xA4, 0x18, 0xA4, 0x18, 0xA4, 0x18, 0xC4, 0x18, 0xA4, 0x18, 0xA4, 0x18,
    0xA4, 0x18, 0xA5, 0x18, 0xC7, 0x20, 0xC7, 0x20, 0xC7, 0x20, 0xC7, 0x20, 0xE7, 0x20, 0xE7, 0x20,
    0x08, 0x21, 0x08, 0x29, 0x28, 0x29, 0x49, 0x31, 0x4D, 0x31, 0x32, 0x39, 0x53, 0x39, 0x73, 0x39,
    0x73, 0x39, 0x93, 0x39, 0x94, 0x39, 0x94, 0x39, 0xB4, 0x39, 0xB4, 0x39, 0xB4, 0x39, 0xD4, 0x39,
    0xD4, 0x39, 0xD4, 0x31, 0xF4, 0x31, 0xF4, 0x31, 0xF4, 0x31, 0x15, 0x32, 0x15, 0x32, 0x15, 0x32,
    0x35, 0x32, 0x35, 0x32, 0x34, 0x32, 0x31, 0x3A, 0x2E, 0x42, 0x2C, 0x4A, 0x4D, 0x4A, 0x4D, 0x4A,
    0x6D, 0x4A, 0x6D, 0x4A, 0x6D, 0x4A, 0x8E, 0x52, 0xAE, 0x52, 0xEF, 0x5A, 0x30, 0x63, 0x8F, 0x73,
    0xF0, 0x7B, 0x32, 0x8C, 0x73, 0x94, 0xB4, 0x9C, 0xF5, 0xA4, 0x76, 0xAD, 0xB4, 0x9C, 0x4F, 0x73,
    0x8F, 0x73, 0x90, 0x73, 0xAF, 0x73, 0xD0, 0x73, 0xF0, 0x7B, 0xF0, 0x7B, 0x6B, 0x4A, 0x67, 0x29,
    0x67, 0x31, 0x26, 0x29, 0x0D, 0x4A, 0x4D, 0x52, 0x72, 0x84, 0xB9, 0xAD, 0x78, 0xA5, 0x78, 0xA5,
    0x98, 0xAD, 0xB8, 0xB5, 0xB7, 0xAD, 0xB8, 0xB5, 0xB8, 0xB5, 0xB8, 0xB5, 0xB8, 0xB5, 0xB8, 0xB5,
    0xB8, 0xB5, 0xB8, 0xB5, 0xB7, 0xB5, 0xB8, 0xB5, 0xB7, 0xAD, 0xB7, 0xAD, 0xB7, 0xAD, 0xB7, 0xB5,
    0x98, 0xAD, 0x78, 0xA5, 0xB9, 0xAD, 0xB4, 0x8C, 0x69, 0x31, 0x4C, 0x39, 0x01, 0x00, 0x23, 0x08,
    0x23, 0x08, 0x22, 0x08, 0x22, 0x08, 0x22, 0x08, 0x22, 0x00, 0x42, 0x08, 0xA4, 0x10, 0xA4, 0x18,
    0xA4, 0x18, 0xA4, 0x18, 0xA4, 0x18, 0xA4, 0x18, 0xA4, 0x18, 0xA4, 0x18, 0xA4, 0x18, 0xA4, 0x18,
    0xA4, 0x18, 0xC6, 0x20, 0xC7, 0x20, 0xC7, 0x20, 0xC7, 0x20, 0xC7, 0x20, 0xE7, 0x20, 0xE7, 0x20,
    0xE8, 0x20, 0x08, 0x29, 0x29, 0x29, 0xEF, 0x30, 0xF3, 0x38, 0x13, 0x39, 0x53, 0x39, 0x53, 0x39,
    0x74, 0x39, 0x94, 0x39, 0x94, 0x39, 0x94, 0x39, 0xB4, 0x39, 0xB4, 0x39, 0xD4, 0x39, 0xD4, 0x39,
    0xD4, 0x31, 0xD4, 0x31, 0xD4, 0x31, 0xF5, 0x31, 0xF5, 0x31, 0x15, 0x32, 0x15, 0x32, 0x15, 0x32,
    0x15, 0x32, 0x34, 0x32, 0x34, 0x32, 0x34, 0x32, 0x53, 0x3A, 0x2F, 0x42, 0x2C, 0x42, 0x2D, 0x4A,
    0x4D, 0x4A, 0x4D, 0x4A, 0x6D, 0x4A, 0x6D, 0x4A, 0x6E, 0x4A, 0x8E, 0x52, 0xAE, 0x52, 0x0F, 0x63,
    0x4F, 0x6B, 0xB0, 0x7B, 0xF1, 0x83, 0x52, 0x8C, 0x93, 0x94, 0xD4, 0x9C, 0x15, 0xA5, 0x90, 0x7B,
    0x4F, 0x6B, 0x6F, 0x73, 0x8F, 0x73, 0xAF, 0x73, 0xAF, 0x73, 0xF0, 0x7B, 0x0D, 0x5B, 0xA8, 0x31,
    0x47, 0x29, 0x47, 0x29, 0x88, 0x31, 0x70, 0x5A, 0x2D, 0x63, 0xB8, 0xAD, 0x78, 0xA5, 0x78, 0xA5,
    0x98, 0xA5, 0xB8, 0xAD, 0xB7, 0xAD, 0xB7, 0xAD, 0xB7, 0xAD, 0xB7, 0xB5, 0xB8, 0xB5, 0xB7, 0xAD,
    0xB7, 0xB5, 0xB7, 0xAD, 0xB7, 0xAD, 0xB7, 0xAD, 0xB7, 0xAD, 0xB7, 0xB5, 0xB7, 0xAD, 0xB7, 0xAD,
    0x98, 0xA5, 0x78, 0xA5, 0xD9, 0xAD, 0x2D, 0x63, 0x4B, 0x39, 0xA7, 0x20, 0x02, 0x00, 0x23, 0x08,
    0x23, 0x08, 0x22, 0x08, 0x22, 0x08, 0x22, 0x08, 0x22, 0x08, 0x83, 0x10, 0xA4, 0x18, 0xA4, 0x18,
    0xA4, 0x18, 0xA4, 0x18, 0xA4, 0x18, 0xC4, 0x18, 0xA4, 0x18, 0xA4, 0x18, 0xA4, 0x18, 0xA4, 0x18,
    0xC6, 0x20, 0xC7, 0x20, 0xC7, 0x20, 0xC7, 0x20, 0xC7, 0x20, 0xC7, 0x20, 0xE7, 0x20, 0xE7, 0x20,
    0xE7, 0x20, 0xEA, 0x28, 0xB0, 0x30, 0xB2, 0x30, 0xF2, 0x30, 0x13, 0x39, 0x33, 0x39, 0x54, 0x39,
    0x74, 0x39, 0x94, 0x39, 0x94, 0x39, 0xB4, 0x39, 0xB4, 0x39, 0xB4, 0x39, 0xB4, 0x39, 0xD5, 0x39,
    0xD5, 0x31, 0xD5, 0x31, 0xD5, 0x31, 0xF5, 0x31, 0xF5, 0x31, 0xF5, 0x31, 0x15, 0x32, 0x15, 0x32,
    0x15, 0x32, 0x14, 0x32, 0x34, 0x32, 0x33, 0x32, 0x33, 0x32, 0x53, 0x3A, 0x30, 0x3A, 0x2D, 0x42,
    0x2D, 0x4A, 0x4D, 0x4A, 0x4D, 0x4A, 0x4D, 0x4A, 0x6D, 0x4A, 0x6E, 0x4A, 0x8E, 0x52, 0x8E, 0x52,
    0xCE, 0x5A, 0x2E, 0x6B, 0x6F, 0x73, 0xD0, 0x7B, 0x11, 0x84, 0x52, 0x8C, 0xD4, 0x9C, 0xF1, 0x83,
    0x2E, 0x6B, 0x4F, 0x73, 0x6F, 0x73, 0x6F, 0x73, 0x8F, 0x73, 0xCF, 0x73, 0x6E, 0x6B, 0x0A, 0x3A,
    0x67, 0x31, 0x47, 0x31, 0x46, 0x29, 0x2E, 0x52, 0x6C, 0x52, 0x15, 0x95, 0x98, 0xAD, 0x78, 0xA5,
    0x98, 0xA5, 0x98, 0xAD, 0xB7, 0xB5, 0xB8, 0xB5, 0xB7, 0xAD, 0xB7, 0xAD, 0xB8, 0xB5, 0xB7, 0xAD,
    0xB7, 0xAD, 0xB7, 0xAD, 0xB7, 0xAD, 0x97, 0xAD, 0xB7, 0xAD, 0xB7, 0xAD, 0xB7, 0xAD, 0x97, 0xAD,
    0x98, 0xA5, 0x98, 0xAD, 0x77, 0xA5, 0xEA, 0x41, 0x6D, 0x39, 0x22, 0x08, 0x22, 0x08, 0x23, 0x08,
    0x22, 0x08, 0x22, 0x08, 0x22, 0x08, 0x22, 0x00, 0x42, 0x08, 0xA4, 0x18, 0xA4, 0x18, 0xA4, 0x18,
    0xA4, 0x18, 0xA4, 0x18, 0xC4, 0x18, 0xA4, 0x18, 0xA4, 0x18, 0xA4, 0x18, 0xA4, 0x18, 0xC5, 0x18,
    0xC7, 0x20, 0xC7, 0x20, 0xC7, 0x20, 0xC7, 0x20, 0xC7, 0x20, 0xC7, 0x20, 0xC7, 0x20, 0xE7, 0x20,
    0xCA, 0x20, 0x90, 0x28, 0x92, 0x30, 0xB2, 0x30, 0xD2, 0x30, 0x13, 0x31, 0x33, 0x31, 0x53, 0x39,
    0x74, 0x39, 0x74, 0x39, 0x94, 0x39, 0xB5, 0x39, 0xB5, 0x39, 0xB5, 0x39, 0xB5, 0x39, 0xD5, 0x31,
    0xD5, 0x31, 0xD5, 0x31, 0xD5, 0x31, 0xF6, 0x31, 0xF6, 0x31, 0xF5, 0x31, 0xF5, 0x31, 0x15, 0x32,
    0x15, 0x32, 0x14, 0x32, 0x14, 0x32, 0x33, 0x32, 0x33, 0x32, 0x32, 0x32, 0x52, 0x3A, 0x50, 0x3A,
    0x2D, 0x42, 0x2D, 0x42, 0x4D, 0x4A, 0x4D, 0x4A, 0x4D, 0x4A, 0x6D, 0x4A, 0x6E, 0x4A, 0x6E, 0x4A,
    0x8E, 0x52, 0xAD, 0x5A, 0xED, 0x62, 0x4E, 0x6B, 0x90, 0x7B, 0xF1, 0x83, 0x52, 0x8C, 0x11, 0x84,
    0x2E, 0x6B, 0x2E, 0x6B, 0x4E, 0x6B, 0x4F, 0x6B, 0x6E, 0x6B, 0x8F, 0x73, 0x8F, 0x6B, 0x6B, 0x4A,
    0xA8, 0x31, 0x47, 0x29, 0x46, 0x29, 0xCA, 0x41, 0x6F, 0x5A, 0xF0, 0x73, 0xD9, 0xAD, 0x98, 0xA5,
    0x98, 0xA5, 0x98, 0xAD, 0xB7, 0xAD, 0xB7, 0xB5, 0xB7, 0xAD, 0xB7, 0xAD, 0xB7, 0xAD, 0x97, 0xAD,
    0xB7, 0xAD, 0x97, 0xAD, 0xB7, 0xAD, 0x97, 0xAD, 0xB7, 0xAD, 0x97, 0xAD, 0xB7, 0xAD, 0x98, 0xAD,
    0x98, 0xA5, 0xD9, 0xB5, 0x52, 0x84, 0x6A, 0x39, 0x2B, 0x31, 0x01, 0x00, 0x23, 0x08, 0x23, 0x08,
    0x22, 0x08, 0x22, 0x08, 0x22, 0x08, 0x22, 0x08, 0x83, 0x10, 0xA4, 0x18, 0xA4, 0x18, 0xA4, 0x18,
    0xA4, 0x18, 0xA4, 0x18, 0xA4, 0x18, 0xA4, 0x18, 0xA4, 0x18, 0xA4, 0x18, 0xA4, 0x18, 0xC7, 0x20,
    0xC7, 0x20, 0xC7, 0x20, 0xC7, 0x20, 0xC7, 0x20, 0xC7, 0x20, 0xC7, 0x20, 0xE7, 0x20, 0xC9, 0x20,
    0x70, 0x28, 0x71, 0x28, 0x91, 0x28, 0xB2, 0x30, 0xD2, 0x30, 0xF3, 0x30, 0x13, 0x31, 0x33, 0x31,
    0x54, 0x39, 0x75, 0x39, 0x95, 0x39, 0x93, 0x39, 0xB1, 0x39, 0xAF, 0x39, 0xAE, 0x39, 0xAE, 0x39,
    0xAD, 0x39, 0xCE, 0x39, 0xCF, 0x39, 0xD0, 0x31, 0xD2, 0x31, 0xF5, 0x31, 0xF6, 0x29, 0x16, 0x2A,
    0x15, 0x32, 0x14, 0x32, 0x14, 0x32, 0x33, 0x32, 0x33, 0x32, 0x32, 0x32, 0x32, 0x32, 0x52, 0x3A,
    0x30, 0x3A, 0x2D, 0x42, 0x2D, 0x42, 0x2D, 0x42, 0x4D, 0x4A, 0x4D, 0x4A, 0x4D, 0x4A, 0x6E, 0x4A,
    0x6E, 0x4A, 0x8D, 0x52, 0x8C, 0x52, 0xCD, 0x5A, 0x0E, 0x6B, 0x6F, 0x73, 0xD0, 0x7B, 0xF1, 0x83,
    0x2E, 0x6B, 0x0E, 0x6B, 0x2E, 0x6B, 0x2E, 0x6B, 0x4E, 0x6B, 0x6E, 0x6B, 0x8F, 0x6B, 0xAC, 0x52,
    0xE9, 0x39, 0x67, 0x31, 0x47, 0x29, 0x67, 0x31, 0x70, 0x5A, 0xED, 0x5A, 0x98, 0xAD, 0x98, 0xAD,
    0x98, 0xAD, 0x98, 0xAD, 0xB7, 0xAD, 0xB7, 0xAD, 0x97, 0xAD, 0x97, 0xAD, 0x97, 0xAD, 0x97, 0xAD,
    0x97, 0xAD, 0x97, 0xAD, 0x97, 0xAD, 0x97, 0xAD, 0x97, 0xAD, 0x97, 0xAD, 0x97, 0xAD, 0x98, 0xAD,
    0x98, 0xAD, 0xF9, 0xB5, 0x0D, 0x5B, 0x4C, 0x39, 0x85, 0x18, 0x22, 0x08, 0x23, 0x08, 0x22, 0x08,
    0x22, 0x08, 0x22, 0x08, 0x22, 0x00, 0x42, 0x08, 0x84, 0x10, 0xA4, 0x18, 0xA4, 0x18, 0xA4, 0x18,
    0xA4, 0x18, 0xA4, 0x18, 0xA4, 0x18, 0xA4, 0x18, 0xA4, 0x18, 0xA4, 0x18, 0xC6, 0x18, 0xC7, 0x20,
    0xC7, 0x20, 0xC7, 0x20, 0xC7, 0x20, 0xC7, 0x20, 0xC7, 0x20, 0xE7, 0x20, 0xC9, 0x20, 0x4F, 0x28,
    0x51, 0x28, 0x71, 0x28, 0x91, 0x28, 0xB2, 0x28, 0xD2, 0x30, 0xF3, 0x30, 0x13, 0x31, 0x34, 0x31,
    0x54, 0x31, 0x71, 0x31, 0x8E, 0x31, 0x8C, 0x39, 0xAB, 0x39, 0xAB, 0x39, 0xAB, 0x39, 0xAB, 0x39,
    0xAB, 0x39, 0xAB, 0x39, 0xAB, 0x39, 0xAB, 0x39, 0xAB, 0x39, 0xCD, 0x39, 0xD0, 0x31, 0xF4, 0x31,
    0x16, 0x2A, 0x15, 0x32, 0x14, 0x32, 0x13, 0x32, 0x33, 0x32, 0x32, 0x32, 0x32, 0x32, 0x31, 0x32,
    0x51, 0x3A, 0x2F, 0x3A, 0x0D, 0x42, 0x2D, 0x42, 0x2D, 0x42, 0x2D, 0x42, 0x4D, 0x4A, 0x4E, 0x4A,
    0x6E, 0x4A, 0x6E, 0x4A, 0x6C, 0x52, 0x8C, 0x52, 0xAC, 0x5A, 0xED, 0x62, 0x2E, 0x6B, 0x90, 0x73,
    0x2E, 0x6B, 0xED, 0x62, 0x0E, 0x63, 0x0E, 0x6B, 0x2E, 0x6B, 0x4E, 0x63, 0x6E, 0x6B, 0xEC, 0x5A,
    0x0A, 0x3A, 0x88, 0x31, 0x47, 0x29, 0x46, 0x29, 0x2E, 0x52, 0x6D, 0x52, 0x15, 0x95, 0xB9, 0xAD,
    0x98, 0xAD, 0x98, 0xAD, 0x98, 0xAD, 0x97, 0xAD, 0x97, 0xAD, 0x97, 0xAD, 0x97, 0xAD, 0x97, 0xAD,
    0x97, 0xAD, 0x97, 0xAD, 0x97, 0xAD, 0x97, 0xAD, 0x97, 0xAD, 0x97, 0xAD, 0x97, 0xAD, 0xB8, 0xAD,
    0xB8, 0xAD, 0x98, 0xAD, 0x2B, 0x42, 0x6D, 0x39, 0x22, 0x08, 0x22, 0x08, 0x23, 0x08, 0x22, 0x08,
    0x22, 0x08, 0x22, 0x08, 0x22, 0x00, 0x63, 0x10, 0xA4, 0x18, 0xA4, 0x18, 0xA4, 0x18, 0xA4, 0x18,
    0xA4, 0x18, 0xA4, 0x18, 0xA4, 0x18, 0xA4, 0x18, 0xA4, 0x18, 0xA5, 0x18, 0xC7, 0x20, 0xC7, 0x20,
    0xC7, 0x20, 0xC7, 0x20, 0xC7, 0x20, 0xC7, 0x20, 0xC7, 0x20, 0xC7, 0x20, 0x6E, 0x28, 0x51, 0x28,
    0x51, 0x28, 0x71, 0x28, 0x91, 0x28, 0x92, 0x28, 0xB2, 0x28, 0xD3, 0x28, 0xF3, 0x30, 0x11, 0x31,
    0x4D, 0x31, 0x6A, 0x31, 0x6A, 0x31, 0x8B, 0x31, 0x8B, 0x39, 0xAC, 0x39, 0xAC, 0x39, 0xAC, 0x39,
    0xAC, 0x39, 0xAC, 0x39, 0xAC, 0x39, 0xAB, 0x39, 0xAB, 0x39, 0xAB, 0x39, 0xAB, 0x39, 0xCC, 0x39,
    0xF0, 0x31, 0x14, 0x32, 0x14, 0x2A, 0x13, 0x32, 0x13, 0x32, 0x32, 0x32, 0x32, 0x32, 0x31, 0x32,
    0x31, 0x32, 0x50, 0x3A, 0x2E, 0x3A, 0x0D, 0x42, 0x2D, 0x42, 0x2D, 0x42, 0x2D, 0x42, 0x4D, 0x42,
    0x4D, 0x4A, 0x4E, 0x4A, 0x6D, 0x4A, 0x6B, 0x52, 0x8C, 0x52, 0xAC, 0x5A, 0xCD, 0x5A, 0x0E, 0x63,
    0x0E, 0x63, 0xED, 0x62, 0xED, 0x62, 0x0E, 0x63, 0x0E, 0x63, 0x2D, 0x63, 0x4E, 0x63, 0xED, 0x5A,
    0x2A, 0x42, 0xC9, 0x39, 0x47, 0x29, 0x46, 0x29, 0xCB, 0x41, 0x6F, 0x5A, 0x11, 0x7C, 0xF9, 0xB5,
    0x98, 0xAD, 0xB8, 0xAD, 0x98, 0xAD, 0x97, 0xAD, 0x97, 0xAD, 0x97, 0xAD, 0x97, 0xAD, 0x97, 0xAD,
    0x97, 0xAD, 0x97, 0xAD, 0x97, 0xAD, 0x97, 0xAD, 0x97, 0xAD, 0x97, 0xAD, 0x98, 0xAD, 0xB8, 0xAD,
    0xD9, 0xB5, 0xD4, 0x94, 0xAB, 0x39, 0x2B, 0x31, 0x01, 0x00, 0x23, 0x08, 0x23, 0x08, 0x22, 0x08,
    0x22, 0x08, 0x22, 0x08, 0x22, 0x08, 0x83, 0x10, 0xA4, 0x18, 0xA4, 0x18, 0xA4, 0x18, 0xA4, 0x18,
    0xA4, 0x18, 0xA4, 0x18, 0xA4, 0x18, 0xA4, 0x18, 0xA4, 0x18, 0xC6, 0x18, 0xC7, 0x20, 0xC7, 0x20,
    0xC7, 0x20, 0xC7, 0x20, 0xC7, 0x20, 0xC7, 0x20, 0xE7, 0x20, 0x8C, 0x28, 0x31, 0x28, 0x50, 0x28,
    0x51, 0x28, 0x71, 0x28, 0x91, 0x28, 0x92, 0x28, 0xB2, 0x28, 0xD3, 0x28, 0xEF, 0x28, 0x2A, 0x29,
    0x2A, 0x29, 0x4A, 0x31, 0x6B, 0x31, 0x6B, 0x31, 0x8B, 0x31, 0x8B, 0x39, 0xAC, 0x39, 0xAC, 0x39,
    0xAC, 0x39, 0xAC, 0x39, 0xAC, 0x39, 0xAC, 0x39, 0xAB, 0x39, 0xAB, 0x39, 0xCB, 0x39, 0xCB, 0x39,
    0xCB, 0x39, 0xCD, 0x39, 0x12, 0x32, 0x14, 0x32, 0x13, 0x32, 0x12, 0x32, 0x32, 0x32, 0x31, 0x32,
    0x30, 0x32, 0x30, 0x32, 0x2F, 0x3A, 0x0D, 0x42, 0x0D, 0x42, 0x2D, 0x42, 0x2D, 0x42, 0x2D, 0x42,
    0x2D, 0x42, 0x4E, 0x42, 0x4E, 0x4A, 0x6C, 0x4A, 0x6B, 0x52, 0x8C, 0x52, 0xAC, 0x5A, 0xAD, 0x5A,
    0xCD, 0x5A, 0xCD, 0x62, 0xCD, 0x62, 0xED, 0x62, 0xED, 0x62, 0x0D, 0x63, 0x2D, 0x63, 0x0D, 0x5B,
    0x4A, 0x42, 0x0A, 0x3A, 0x67, 0x29, 0x47, 0x29, 0x88, 0x31, 0x70, 0x5A, 0x2E, 0x63, 0xD9, 0xAD,
    0xB8, 0xAD, 0xB8, 0xAD, 0xB8, 0xAD, 0x97, 0xAD, 0x97, 0xAD, 0x97, 0xAD, 0x97, 0xAD, 0x97, 0xAD,
    0x97, 0xAD, 0x97, 0xAD, 0x97, 0xAD, 0x97, 0xAD, 0x97, 0xAD, 0x97, 0xAD, 0xB8, 0xAD, 0xB8, 0xAD,
    0x1A, 0xB6, 0xD0, 0x73, 0x6B, 0x39, 0xC7, 0x20, 0x02, 0x00, 0x23, 0x08, 0x23, 0x08, 0x22, 0x08,
    0x22, 0x08, 0x22, 0x08, 0x42, 0x08, 0xA4, 0x10, 0xA4, 0x18, 0xA4, 0x18, 0xA4, 0x18, 0xA4, 0x18,
    0xA4, 0x18, 0xA4, 0x18, 0xA4, 0x18, 0xA4, 0x18, 0xA4, 0x18, 0xC7, 0x20, 0xC7, 0x20, 0xC7, 0x20,
    0xC7, 0x20, 0xC7, 0x20, 0xC7, 0x20, 0xE7, 0x20, 0xA9, 0x20, 0x50, 0x28, 0x50, 0x28, 0x50, 0x28,
    0x51, 0x28, 0x71, 0x28, 0x71, 0x28, 0x92, 0x28, 0xB2, 0x28, 0xCD, 0x20, 0x09, 0x21, 0x0A, 0x29,
    0x2A, 0x29, 0x4A, 0x29, 0x4B, 0x31, 0x6B, 0x31, 0x8B, 0x31, 0x8B, 0x31, 0x8B, 0x39, 0x8B, 0x39,
    0xAB, 0x39, 0xAC, 0x39, 0xAC, 0x39, 0xAC, 0x39, 0xAC, 0x39, 0xAC, 0x39, 0xAB, 0x39, 0xCB, 0x39,
    0xCC, 0x39, 0xCB, 0x39, 0xCC, 0x39, 0xF1, 0x31, 0x13, 0x32, 0x12, 0x32, 0x12, 0x32, 0x31, 0x32,
    0x30, 0x32, 0x30, 0x32, 0x30, 0x32, 0x2E, 0x3A, 0x0D, 0x42, 0x0D, 0x42, 0x0D, 0x42, 0x2D, 0x42,
    0x2D, 0x42, 0x2D, 0x42, 0x4E, 0x42, 0x4D, 0x4A, 0x4B, 0x52, 0x6C, 0x52, 0x8C, 0x52, 0x8C, 0x5A,
    0xAD, 0x5A, 0xAD, 0x5A, 0xCD, 0x5A, 0xCD, 0x62, 0xCD, 0x62, 0xED, 0x62, 0x0D, 0x5B, 0xED, 0x5A,
    0x4A, 0x42, 0x2A, 0x42, 0x88, 0x31, 0x47, 0x29, 0x46, 0x29, 0x4F, 0x5A, 0x8D, 0x52, 0x77, 0xA5,
    0xD9, 0xAD, 0xB9, 0xAD, 0xB9, 0xAD, 0x97, 0xAD, 0x97, 0xAD, 0x97, 0xAD, 0x97, 0xAD, 0x97, 0xAD,
    0x97, 0xAD, 0x97, 0xAD, 0x97, 0xAD, 0x97, 0xAD, 0x97, 0xAD, 0x97, 0xAD, 0xB8, 0xAD, 0xB8, 0xAD,
    0xFA, 0xB5, 0xEC, 0x5A, 0x4C, 0x39, 0x64, 0x10, 0x22, 0x08, 0x23, 0x08, 0x22, 0x08, 0x22, 0x08,
    0x22, 0x08, 0x22, 0x08, 0x63, 0x10, 0xA4, 0x18, 0xA4, 0x18, 0xA4, 0x18, 0xA4, 0x18, 0xA4, 0x18,
    0xA4, 0x18, 0xA4, 0x18, 0xA4, 0x18, 0xA4, 0x18, 0xC6, 0x18, 0xC7, 0x20, 0xC7, 0x20, 0xC7, 0x20,
    0xC7, 0x20, 0xC7, 0x20, 0xC7, 0x20, 0xC7, 0x20, 0x6D, 0x28, 0x30, 0x30, 0x50, 0x28, 0x51, 0x28,
    0x51, 0x28, 0x71, 0x28, 0x71, 0x28, 0x92, 0x28, 0xAD, 0x20, 0xE8, 0x20, 0xE9, 0x20, 0x0A, 0x29,
    0x0A, 0x29, 0x2A, 0x29, 0x4A, 0x31, 0x4A, 0x31, 0x6B, 0x31, 0x8B, 0x31, 0xAC, 0x39, 0xAC, 0x39,
    0xCC, 0x39, 0xCC, 0x39, 0xCC, 0x39, 0xAC, 0x39, 0xAC, 0x39, 0xAC, 0x39, 0xCC, 0x39, 0xAC, 0x39,
    0xCC, 0x39, 0xCC, 0x39, 0xCB, 0x39, 0xCC, 0x39, 0x11, 0x32, 0x12, 0x32, 0x11, 0x32, 0x11, 0x32,
    0x30, 0x32, 0x30, 0x32, 0x2F, 0x32, 0x2F, 0x32, 0x0D, 0x3A, 0x0D, 0x42, 0x0D, 0x42, 0x0D, 0x42,
    0x0D, 0x42, 0x2D, 0x42, 0x2E, 0x42, 0x2E, 0x42, 0x4B, 0x4A, 0x4B, 0x52, 0x6C, 0x52, 0x8C, 0x52,
    0x8C, 0x5A, 0xAC, 0x5A, 0xAD, 0x5A, 0xAD, 0x5A, 0xCD, 0x5A, 0xCD, 0x5A, 0xED, 0x5A, 0xEC, 0x5A,
    0x4A, 0x42, 0x4A, 0x42, 0xA8, 0x31, 0x47, 0x29, 0x46, 0x29, 0x0D, 0x4A, 0x6D, 0x52, 0xD4, 0x94,
    0xFA, 0xB5, 0xB8, 0xAD, 0xD9, 0xAD, 0x97, 0xAD, 0x76, 0xAD, 0x97, 0xAD, 0x97, 0xAD, 0x97, 0xAD,
    0x77, 0xAD, 0x77, 0xAD, 0x76, 0xAD, 0x97, 0xAD, 0x97, 0xAD, 0x97, 0xAD, 0xB9, 0xAD, 0xD9, 0xAD,
    0xD8, 0xAD, 0x2B, 0x4A, 0x4C, 0x39, 0x22, 0x08, 0x22, 0x08, 0x23, 0x08, 0x22, 0x08, 0x22, 0x08,
    0x22, 0x08, 0x22, 0x08, 0x83, 0x10, 0xA4, 0x18, 0xA4, 0x18, 0xA4, 0x18, 0xA4, 0x18, 0xA4, 0x18,
    0xA4, 0x18, 0xA4, 0x18, 0xA4, 0x18, 0xA4, 0x18, 0xC7, 0x20, 0xC7, 0x20, 0xC7, 0x20, 0xC7, 0x20,
    0xC7, 0x20, 0xC7, 0x20, 0xE7, 0x20, 0xAA, 0x20, 0x30, 0x30, 0x50, 0x28, 0x50, 0x28, 0x51, 0x28,
    0x51, 0x28, 0x71, 0x28, 0x72, 0x28, 0xAE, 0x20, 0xC8, 0x20, 0xC9, 0x20, 0xE9, 0x20, 0xE9, 0x20,
    0x0A, 0x29, 0x2A, 0x29, 0x2A, 0x29, 0x4B, 0x31, 0xAC, 0x39, 0xEC, 0x41, 0x0C, 0x42, 0x2D, 0x4A,
    0x2D, 0x4A, 0x2D, 0x4A, 0x2D, 0x4A, 0x2D, 0x42, 0xED, 0x41, 0xCC, 0x39, 0xAC, 0x39, 0xCC, 0x39,
    0xCC, 0x39, 0xAC, 0x39, 0xCC, 0x39, 0xCB, 0x39, 0xCC, 0x39, 0x11, 0x32, 0x12, 0x32, 0x11, 0x32,
    0x10, 0x32, 0x30, 0x32, 0x2F, 0x32, 0x2F, 0x32, 0x2E, 0x3A, 0x0D, 0x3A, 0x0D, 0x3A, 0x0D, 0x42,
    0x0D, 0x42, 0x0D, 0x42, 0x2D, 0x42, 0x2E, 0x42, 0x2C, 0x4A, 0x4B, 0x4A, 0x4B, 0x52, 0x6C, 0x52,
    0x8C, 0x52, 0x8C, 0x5A, 0x8C, 0x5A, 0xAD, 0x5A, 0xAD, 0x5A, 0xAD, 0x5A, 0xCC, 0x5A, 0xCC, 0x52,
    0x4A, 0x42, 0x4A, 0x42, 0xE9, 0x39, 0x47, 0x29, 0x46, 0x29, 0xCA, 0x41, 0x6F, 0x5A, 0x31, 0x7C,
    0x1A, 0xB6, 0xB8, 0xAD, 0xD9, 0xAD, 0xB8, 0xAD, 0x76, 0xAD, 0x97, 0xAD, 0x97, 0xAD, 0x77, 0xAD,
    0x76, 0xA5, 0x76, 0xAD, 0x77, 0xAD, 0x77, 0xAD, 0x76, 0xAD, 0x97, 0xAD, 0xD9, 0xB5, 0xF9, 0xB5,
    0x56, 0x9D, 0xCB, 0x41, 0x4B, 0x31, 0x01, 0x00, 0x23, 0x08, 0x23, 0x08, 0x22, 0x08, 0x22, 0x08,
    0x22, 0x08, 0x42, 0x08, 0x84, 0x10, 0xA4, 0x18, 0xA4, 0x18, 0xA4, 0x18, 0xA4, 0x18, 0xA4, 0x18,
    0xA4, 0x18, 0xA4, 0x18, 0xA4, 0x18, 0xA5, 0x18, 0xC7, 0x20, 0xC7, 0x20, 0xC7, 0x20, 0xC7, 0x20,
    0xC7, 0x20, 0xC7, 0x20, 0xC7, 0x20, 0x6D, 0x28, 0x30, 0x30, 0x50, 0x28, 0x51, 0x28, 0x51, 0x28,
    0x51, 0x28, 0x72, 0x28, 0x90, 0x20, 0xA9, 0x18, 0xC9, 0x20, 0xC9, 0x20, 0xC9, 0x20, 0xE9, 0x20,
    0x09, 0x21, 0x0A, 0x29, 0x6B, 0x31, 0xCC, 0x39, 0x0C, 0x42, 0x0C, 0x42, 0x0C, 0x42, 0x2C, 0x42,
    0x2C, 0x4A, 0x2C, 0x4A, 0x4C, 0x4A, 0x4D, 0x4A, 0x6D, 0x4A, 0x4E, 0x4A, 0xED, 0x41, 0xAC, 0x39,
    0xCC, 0x39, 0xCC, 0x39, 0xAC, 0x39, 0xCC, 0x39, 0xAB, 0x39, 0xED, 0x39, 0x12, 0x32, 0x11, 0x32,
    0x30, 0x32, 0x30, 0x32, 0x2F, 0x32, 0x2F, 0x32, 0x2E, 0x32, 0x0D, 0x3A, 0xED, 0x39, 0x0D, 0x3A,
    0x0D, 0x3A, 0x0D, 0x42, 0x0D, 0x42, 0x0E, 0x42, 0x2D, 0x42, 0x2B, 0x4A, 0x4B, 0x4A, 0x4B, 0x52,
    0x6C, 0x52, 0x6C, 0x52, 0x8C, 0x5A, 0x8C, 0x5A, 0x8C, 0x5A, 0xAC, 0x5A, 0xAC, 0x5A, 0xCC, 0x52,
    0x4A, 0x42, 0x4A, 0x42, 0x0A, 0x3A, 0x67, 0x29, 0x47, 0x29, 0x88, 0x31, 0x90, 0x62, 0x8F, 0x6B,
    0xFA, 0xB5, 0xD9, 0xAD, 0xD9, 0xB5, 0xB8, 0xAD, 0x76, 0xAD, 0x76, 0xA5, 0x77, 0xAD, 0x76, 0xAD,
    0x76, 0xAD, 0x76, 0xA5, 0x77, 0xAD, 0x77, 0xAD, 0x76, 0xA5, 0x98, 0xAD, 0xD9, 0xB5, 0x1A, 0xBE,
    0x93, 0x8C, 0x8B, 0x39, 0x09, 0x29, 0x01, 0x00, 0x23, 0x08, 0x23, 0x08, 0x22, 0x08, 0x22, 0x08,
    0x22, 0x00, 0x42, 0x08, 0xA4, 0x18, 0xA4, 0x18, 0xA4, 0x18, 0xA4, 0x18, 0xA4, 0x18, 0xA4, 0x18,
    0xA4, 0x18, 0xA4, 0x18, 0xA4, 0x10, 0xC6, 0x18, 0xC7, 0x20, 0xC7, 0x20, 0xC7, 0x20, 0xC7, 0x20,
    0xC7, 0x20, 0xE7, 0x20, 0xC9, 0x20, 0x4F, 0x30, 0x30, 0x30, 0x50, 0x28, 0x51, 0x28, 0x51, 0x28,
    0x71, 0x28, 0x71, 0x28, 0x8B, 0x20, 0xA8, 0x18, 0xA9, 0x18, 0xC9, 0x20, 0xC9, 0x20, 0xE9, 0x20,
    0xEA, 0x20, 0x6B, 0x31, 0xCB, 0x39, 0xCB, 0x39, 0xEB, 0x41, 0x2C, 0x42, 0x6D, 0x4A, 0x8D, 0x4A,
    0x8D, 0x52, 0x8C, 0x52, 0x6C, 0x52, 0x4D, 0x4A, 0x2C, 0x4A, 0x4D, 0x4A, 0x6E, 0x4A, 0x0E, 0x42,
    0xCC, 0x39, 0xCC, 0x39, 0xCC, 0x39, 0xCC, 0x39, 0xCC, 0x39, 0xCB, 0x39, 0xEF, 0x31, 0x31, 0x32,
    0x30, 0x32, 0x30, 0x32, 0x2F, 0x32, 0x2E, 0x32, 0x2E, 0x32, 0x0D, 0x3A, 0xED, 0x39, 0xED, 0x39,
    0x0D, 0x3A, 0x0D, 0x3A, 0x0D, 0x3A, 0x0E, 0x42, 0x0E, 0x42, 0x2B, 0x42, 0x2B, 0x4A, 0x4B, 0x4A,
    0x6B, 0x52, 0x6C, 0x52, 0x6C, 0x52, 0x8C, 0x52, 0x8C, 0x52, 0x8C, 0x5A, 0xAC, 0x5A, 0xAC, 0x52,
    0x4A, 0x42, 0x4A, 0x42, 0x2A, 0x42, 0x67, 0x31, 0x47, 0x29, 0x47, 0x29, 0x70, 0x5A, 0x0E, 0x63,
    0xD9, 0xB5, 0xD9, 0xB5, 0xD9, 0xB5, 0xD9, 0xB5, 0x77, 0xAD, 0x76, 0xA5, 0x76, 0xA5, 0x77, 0xAD,
    0x76, 0xA5, 0x76, 0xA5, 0x76, 0xA5, 0x76, 0xA5, 0x76, 0xA5, 0xB8, 0xAD, 0xD9, 0xB5, 0x3B, 0xBE,
    0xF0, 0x73, 0x6C, 0x39, 0xC7, 0x20, 0x01, 0x00, 0x23, 0x08, 0x23, 0x08, 0x22, 0x08, 0x22, 0x08,
    0x22, 0x08, 0x63, 0x10, 0xA4, 0x18, 0xA4, 0x18, 0xA4, 0x18, 0xA4, 0x18, 0xA4, 0x18, 0xA4, 0x18,
    0xA4, 0x18, 0xA4, 0x18, 0x84, 0x10, 0xC6, 0x20, 0xC7, 0x20, 0xC7, 0x20, 0xC7, 0x20, 0xC7, 0x20,
    0xC8, 0x20, 0xE7, 0x20, 0x8B, 0x28, 0x30, 0x30, 0x50, 0x28, 0x50, 0x28, 0x51, 0x28, 0x51, 0x28,
    0x72, 0x28, 0x6E, 0x20, 0xA8, 0x18, 0xA9, 0x18, 0xA9, 0x18, 0xC9, 0x20, 0xC9, 0x20, 0xE9, 0x20,
    0x4B, 0x31, 0xAB, 0x39, 0xAA, 0x39, 0xEC, 0x41, 0x6F, 0x4A, 0x8F, 0x4A, 0x8E, 0x4A, 0x8D, 0x4A,
    0x8D, 0x4A, 0x8C, 0x4A, 0x8C, 0x52, 0xED, 0x5A, 0xEE, 0x62, 0x6D, 0x4A, 0x4C, 0x4A, 0x6E, 0x4A,
    0x2E, 0x42, 0xAC, 0x39, 0xCC, 0x39, 0xCC, 0x39, 0xCC, 0x39, 0xCB, 0x39, 0xCC, 0x39, 0x11, 0x32,
    0x10, 0x32, 0x30, 0x32, 0x2F, 0x32, 0x2E, 0x32, 0x2E, 0x32, 0x2D, 0x32, 0xED, 0x39, 0xED, 0x39,
    0xED, 0x39, 0xED, 0x39, 0x0E, 0x3A, 0x0E, 0x3A, 0x0E, 0x3A, 0x0C, 0x42, 0x2A, 0x4A, 0x2B, 0x4A,
    0x4B, 0x52, 0x4C, 0x52, 0x6C, 0x52, 0x6C, 0x52, 0x6C, 0x52, 0x8C, 0x52, 0x8C, 0x52, 0x8B, 0x4A,
    0x4A, 0x42, 0x4A, 0x42, 0x4B, 0x42, 0x88, 0x31, 0x47, 0x29, 0x46, 0x29, 0x4E, 0x52, 0xCD, 0x5A,
    0x97, 0xA5, 0xF9, 0xB5, 0xD9, 0xB5, 0xD9, 0xB5, 0x97, 0xAD, 0x76, 0xA5, 0x76, 0xA5, 0x76, 0xA5,
    0x76, 0xA5, 0x76, 0xA5, 0x76, 0xA5, 0x76, 0xAD, 0x76, 0xA5, 0xB8, 0xAD, 0xD9, 0xB5, 0x3A, 0xBE,
    0x6E, 0x63, 0x6C, 0x39, 0x85, 0x18, 0x22, 0x08, 0x23, 0x08, 0x22, 0x08, 0x22, 0x08, 0x22, 0x08,
    0x22, 0x08, 0x63, 0x10, 0xA4, 0x18, 0xA4, 0x18, 0xA4, 0x18, 0xA4, 0x18, 0xA4, 0x18, 0xA4, 0x18,
    0xA4, 0x18, 0xA4, 0x18, 0xA4, 0x18, 0xC7, 0x20, 0xC7, 0x20, 0xC7, 0x20, 0xC7, 0x20, 0xC7, 0x20,
    0xC8, 0x20, 0xC7, 0x20, 0x6E, 0x28, 0x30, 0x30, 0x50, 0x28, 0x51, 0x28, 0x51, 0x28, 0x51, 0x28,
    0x71, 0x28, 0x8B, 0x18, 0xA8, 0x18, 0xA9, 0x18, 0xA9, 0x18, 0xC9, 0x18, 0xC9, 0x18, 0x2A, 0x29,
    0xAA, 0x39, 0x8A, 0x31, 0x0D, 0x42, 0x91, 0x4A, 0x70, 0x42, 0x2F, 0x42, 0x0E, 0x3A, 0x0D, 0x3A,
    0x0C, 0x3A, 0x0B, 0x3A, 0xEE, 0x5A, 0x77, 0xAD, 0x7A, 0xCE, 0xD5, 0x9C, 0x8D, 0x52, 0x4C, 0x4A,
    0x6E, 0x4A, 0x0E, 0x3A, 0xAC, 0x39, 0xCC, 0x39, 0xCC, 0x39, 0xCC, 0x39, 0xAB, 0x39, 0x0F, 0x32,
    0x11, 0x32, 0x10, 0x32, 0x2F, 0x32, 0x2E, 0x32, 0x2E, 0x32, 0x2D, 0x32, 0x0D, 0x3A, 0xED, 0x39,
    0xED, 0x39, 0xED, 0x39, 0xEE, 0x39, 0x0E, 0x3A, 0x0E, 0x3A, 0x0C, 0x42, 0x0A, 0x42, 0x2B, 0x4A,
    0x2B, 0x4A, 0x4B, 0x52, 0x4C, 0x52, 0x6C, 0x52, 0x6C, 0x52, 0x6C, 0x52, 0x6C, 0x52, 0x6B, 0x4A,
    0x4A, 0x42, 0x4A, 0x42, 0x4B, 0x42, 0xA8, 0x31, 0x47, 0x29, 0x46, 0x29, 0x2D, 0x4A, 0x8D, 0x5A,
    0x36, 0x9D, 0x1A, 0xBE, 0xD9, 0xB5, 0xF9, 0xB5, 0x97, 0xAD, 0x76, 0xA5, 0x76, 0xA5, 0x76, 0xA5,
    0x76, 0xA5, 0x56, 0xA5, 0x76, 0xA5, 0x56, 0xA5, 0x56, 0xA5, 0xD9, 0xB5, 0xF9, 0xB5, 0x3A, 0xBE,
    0xED, 0x5A, 0x6C, 0x39, 0x44, 0x10, 0x22, 0x08, 0x23, 0x08, 0x22, 0x08, 0x22, 0x08, 0x22, 0x08,
    0x22, 0x08, 0x83, 0x10, 0xA4, 0x18, 0xA4, 0x18, 0xA4, 0x18, 0xA4, 0x18, 0xA4, 0x18, 0xA4, 0x18,
    0xA4, 0x18, 0x84, 0x10, 0xA5, 0x18, 0xC7, 0x20, 0xC7, 0x20, 0xC7, 0x20, 0xC7, 0x20, 0xC8, 0x20,
    0xC7, 0x20, 0xC9, 0x20, 0x4F, 0x30, 0x30, 0x30, 0x50, 0x28, 0x51, 0x28, 0x51, 0x28, 0x51, 0x28,
    0x70, 0x20, 0xA9, 0x18, 0xA8, 0x18, 0xA8, 0x18, 0xA9, 0x18, 0xA8, 0x18, 0xEA, 0x20, 0x8B, 0x31,
    0x8A, 0x31, 0xED, 0x39, 0x93, 0x42, 0x32, 0x3A, 0xF0, 0x31, 0xCF, 0x31, 0xCE, 0x31, 0xAD, 0x31,
    0xAD, 0x31, 0xAB, 0x31, 0x54, 0x8C, 0x7F, 0xEF, 0x9F, 0xF7, 0x1D, 0xDF, 0xD1, 0x7B, 0x2C, 0x4A,
    0x4D, 0x4A, 0x6E, 0x42, 0xCC, 0x39, 0xAC, 0x39, 0xCC, 0x39, 0xCC, 0x39, 0xCC, 0x39, 0xED, 0x39,
    0x30, 0x32, 0x30, 0x32, 0x2F, 0x32, 0x2E, 0x32, 0x2E, 0x32, 0x2D, 0x32, 0x0D, 0x32, 0xED, 0x39,
    0xED, 0x39, 0xEE, 0x39, 0xEE, 0x39, 0xEE, 0x39, 0x0E, 0x3A, 0x0D, 0x3A, 0x0A, 0x42, 0x0A, 0x4A,
    0x2B, 0x4A, 0x4B, 0x4A, 0x4B, 0x52, 0x4C, 0x52, 0x6C, 0x52, 0x6C, 0x52, 0x6C, 0x52, 0x4B, 0x4A,
    0x4A, 0x42, 0x4A, 0x42, 0x6B, 0x42, 0xC9, 0x39, 0x47, 0x29, 0x46, 0x29, 0xEC, 0x49, 0x8E, 0x5A,
    0xF4, 0x94, 0x3A, 0xBE, 0xF9, 0xB5, 0xF9, 0xB5, 0x97, 0xAD, 0x56, 0xA5, 0x76, 0xA5, 0x56, 0xA5,
    0x56, 0xA5, 0x56, 0xA5, 0x56, 0xA5, 0x56, 0xA5, 0x76, 0xA5, 0xF9, 0xB5, 0xF9, 0xB5, 0x3A, 0xBE,
    0x6B, 0x4A, 0x6C, 0x39, 0x43, 0x08, 0x22, 0x08, 0x23, 0x08, 0x22, 0x08, 0x22, 0x08, 0x22, 0x08,
    0x42, 0x08, 0x84, 0x10, 0xA4, 0x18, 0xA4, 0x18, 0xA4, 0x18, 0xC5, 0x18, 0xC5, 0x18, 0xA5, 0x18,
    0xA4, 0x18, 0xA4, 0x18, 0xA6, 0x18, 0xE8, 0x20, 0xE8, 0x20, 0xE8, 0x20, 0xE8, 0x20, 0xE8, 0x20,
    0xE8, 0x20, 0xAA, 0x20, 0x50, 0x30, 0x50, 0x30, 0x51, 0x28, 0x71, 0x28, 0x71, 0x28, 0x72, 0x28,
    0x8D, 0x20, 0xA8, 0x18, 0xA9, 0x18, 0xA9, 0x18, 0xA9, 0x18, 0xC9, 0x18, 0x4B, 0x29, 0x8A, 0x31,
    0xAB, 0x31, 0x73, 0x42, 0x53, 0x3A, 0xF2, 0x31, 0xB1, 0x29, 0x90, 0x29, 0x8F, 0x29, 0x6E, 0x29,
    0x6D, 0x29, 0x6C, 0x29, 0x95, 0x8C, 0x7F, 0xEF, 0x7F, 0xEF, 0x3E, 0xE7, 0x11, 0x84, 0x6C, 0x4A,
    0x4C, 0x4A, 0x4D, 0x4A, 0x0E, 0x3A, 0xAB, 0x39, 0xAC, 0x39, 0xCC, 0x39, 0xCC, 0x39, 0xCC, 0x39,
    0x10, 0x32, 0x30, 0x32, 0x2F, 0x32, 0x2E, 0x32, 0x2E, 0x32, 0x2D, 0x32, 0x2D, 0x32, 0xED, 0x39,
    0xEE, 0x39, 0xEE, 0x39, 0xEE, 0x39, 0xEE, 0x39, 0xEE, 0x39, 0xED, 0x39, 0xEA, 0x41, 0x0A, 0x42,
    0x2B, 0x4A, 0x2B, 0x4A, 0x4B, 0x4A, 0x4B, 0x52, 0x4B, 0x52, 0x4B, 0x52, 0x4B, 0x52, 0x2B, 0x4A,
    0x4A, 0x42, 0x4A, 0x42, 0x6B, 0x42, 0xE9, 0x39, 0x47, 0x29, 0x46, 0x29, 0xCB, 0x41, 0x6E, 0x5A,
    0x93, 0x8C, 0x3A, 0xBE, 0xF9, 0xB5, 0x19, 0xB6, 0xB8, 0xAD, 0x56, 0xA5, 0x56, 0xA5, 0x56, 0xA5,
    0x56, 0xA5, 0x56, 0xA5, 0x56, 0xA5, 0x56, 0xA5, 0x76, 0xA5, 0xF9, 0xB5, 0xF9, 0xB5, 0x19, 0xBE,
    0x2B, 0x4A, 0x6C, 0x39, 0x22, 0x08, 0x23, 0x08, 0x23, 0x08, 0x23, 0x08, 0x23, 0x08, 0x43, 0x08,
    0x43, 0x10, 0xA5, 0x18, 0xC5, 0x20, 0xC6, 0x20, 0xC6, 0x20, 0xC6, 0x20, 0xC6, 0x20, 0xC6, 0x20,
    0xC6, 0x20, 0xA6, 0x20, 0xC8, 0x20, 0xE9, 0x28, 0xE9, 0x28, 0xEA, 0x28, 0xEA, 0x28, 0xEA, 0x28,
    0x09, 0x29, 0xAD, 0x30, 0x72, 0x38, 0x71, 0x30, 0x72, 0x30, 0x92, 0x30, 0x92, 0x30, 0x93, 0x28,
    0xCD, 0x20, 0xCA, 0x20, 0xCA, 0x20, 0xCA, 0x20, 0xCA, 0x20, 0x0B, 0x21, 0x8C, 0x31, 0x8A, 0x31,
    0x31, 0x3A, 0x76, 0x3A, 0x14, 0x32, 0xD3, 0x29, 0x92, 0x21, 0x71, 0x21, 0x50, 0x21, 0x4F, 0x21,
    0x4E, 0x21, 0x4D, 0x21, 0xB0, 0x52, 0x1A, 0xBE, 0x1D, 0xE7, 0x77, 0xAD, 0xCD, 0x52, 0xAC, 0x52,
    0x4D, 0x4A, 0x4C, 0x4A, 0x2E, 0x42, 0xAC, 0x39, 0xAC, 0x39, 0xAC, 0x39, 0xAC, 0x39, 0xAC, 0x39,
    0x0F, 0x32, 0x30, 0x32, 0x2F, 0x32, 0x2E, 0x32, 0x2E, 0x32, 0x2D, 0x32, 0x2D, 0x32, 0xED, 0x39,
    0xEE, 0x39, 0xEE, 0x39, 0xEE, 0x39, 0xEE, 0x39, 0xEE, 0x39, 0xEE, 0x39, 0xEB, 0x41, 0x0A, 0x42,
    0x0A, 0x4A, 0x2B, 0x4A, 0x2B, 0x4A, 0x2B, 0x4A, 0x4B, 0x4A, 0x4B, 0x4A, 0x2B, 0x4A, 0x2B, 0x42,
    0x4A, 0x42, 0x4A, 0x42, 0x6B, 0x42, 0x0A, 0x3A, 0x47, 0x29, 0x46, 0x29, 0xAA, 0x39, 0x6F, 0x5A,
    0x52, 0x84, 0x3B, 0xBE, 0xF9, 0xB5, 0x1A, 0xBE, 0xB8, 0xB5, 0x56, 0xA5, 0x56, 0xA5, 0x56, 0xA5,
    0x56, 0xA5, 0x56, 0xA5, 0x56, 0xA5, 0x56, 0xA5, 0x76, 0xA5, 0xF9, 0xB5, 0x1A, 0xBE, 0xF9, 0xB5,
    0x2B, 0x4A, 0x6C, 0x39, 0x23, 0x10, 0x44, 0x18, 0x45, 0x18, 0x45, 0x18, 0x65, 0x18, 0x65, 0x18,
    0x86, 0x20, 0xC8, 0x28, 0xE8, 0x30, 0xE8, 0x30, 0xE9, 0x30, 0xE9, 0x30, 0xE9, 0x30, 0xE9, 0x30,
    0xE9, 0x30, 0xE9, 0x28, 0x0B, 0x31, 0x2C, 0x39, 0x2C, 0x31, 0x2C, 0x31, 0x2D, 0x31, 0x2D, 0x31,
    0x2C, 0x31, 0xF1, 0x38, 0xB4, 0x40, 0xB3, 0x38, 0xD4, 0x38, 0xD4, 0x38, 0xD4, 0x38, 0xD4, 0x30,
    0x0E, 0x29, 0x0D, 0x29, 0x0D, 0x29, 0x0D, 0x29, 0x0C, 0x21, 0x6E, 0x29, 0xAD, 0x39, 0xCE, 0x39,
    0x97, 0x42, 0x57, 0x3A, 0x16, 0x2A, 0xB5, 0x29, 0x94, 0x21, 0x73, 0x21, 0x72, 0x21, 0x52, 0x21,
    0x50, 0x21, 0x4F, 0x21, 0x4D, 0x21, 0x4F, 0x42, 0x31, 0x63, 0x6D, 0x42, 0x0B, 0x3A, 0x8C, 0x4A,
    0x8D, 0x52, 0x2C, 0x42, 0x4D, 0x42, 0xCD, 0x39, 0x8B, 0x39, 0xAC, 0x39, 0xAC, 0x39, 0xAB, 0x39,
    0xEE, 0x31, 0x30, 0x32, 0x2F, 0x32, 0x2E, 0x32, 0x2E, 0x32, 0x2D, 0x32, 0x2C, 0x32, 0xED, 0x39,
    0xCE, 0x39, 0xCE, 0x39, 0xEE, 0x39, 0xEE, 0x39, 0xEE, 0x39, 0xEE, 0x39, 0xEB, 0x39, 0xEA, 0x41,
    0x0A, 0x42, 0x0B, 0x4A, 0x2B, 0x4A, 0x2B, 0x4A, 0x2B, 0x4A, 0x2B, 0x4A, 0x2B, 0x4A, 0x2B, 0x4A,
    0x4A, 0x42, 0x4A, 0x42, 0x6B, 0x42, 0x0A, 0x3A, 0x47, 0x29, 0x46, 0x29, 0xA9, 0x39, 0x6F, 0x5A,
    0x31, 0x7C, 0x5B, 0xC6, 0xF9, 0xB5, 0x1A, 0xBE, 0xD8, 0xB5, 0x56, 0xA5, 0x56, 0xA5, 0x56, 0xA5,
    0x56, 0xA5, 0x56, 0xA5, 0x56, 0xA5, 0x36, 0xA5, 0x77, 0xA5, 0x19, 0xBE, 0x3A, 0xBE, 0xD8, 0xAD,
    0x2C, 0x4A, 0x6D, 0x41, 0x44, 0x18, 0x67, 0x20, 0x88, 0x28, 0x88, 0x28, 0x89, 0x30, 0xA9, 0x30,
    0xAA, 0x38, 0x0C, 0x41, 0x0C, 0x41, 0x0D, 0x49, 0x2D, 0x49, 0x2D, 0x49, 0x2E, 0x49, 0x2E, 0x49,
    0x2E, 0x41, 0x2E, 0x41, 0x50, 0x49, 0x51, 0x49, 0x71, 0x49, 0x71, 0x49, 0x71, 0x49, 0x71, 0x49,
    0x71, 0x41, 0x34, 0x49, 0x16, 0x49, 0x36, 0x49, 0x36, 0x49, 0x36, 0x41, 0x37, 0x41, 0x56, 0x41,
    0x71, 0x39, 0x71, 0x31, 0x71, 0x31, 0x71, 0x31, 0x71, 0x31, 0xD2, 0x39, 0xF0, 0x39, 0x33, 0x42,
    0xBA, 0x42, 0x59, 0x3A, 0x18, 0x32, 0xD7, 0x29, 0xB6, 0x21, 0x95, 0x21, 0x95, 0x21, 0x74, 0x29,
    0x73, 0x29, 0x51, 0x21, 0x4F, 0x21, 0x2D, 0x21, 0x4C, 0x21, 0xAB, 0x29, 0x0C, 0x3A, 0x6C, 0x4A,
    0xAD, 0x52, 0x2C, 0x42, 0x2D, 0x42, 0xCD, 0x39, 0x8B, 0x31, 0xAC, 0x39, 0xAC, 0x39, 0xAB, 0x39,
    0xCD, 0x31, 0x30, 0x32, 0x2F, 0x32, 0x2E, 0x32, 0x2E, 0x32, 0x2D, 0x32, 0x2C, 0x32, 0xED, 0x31,
    0xCE, 0x39, 0xCE, 0x39, 0xCE, 0x39, 0xCE, 0x39, 0xCE, 0x39, 0xEE, 0x39, 0xEB, 0x39, 0xE9, 0x41,
    0x0A, 0x42, 0x0B, 0x4A, 0x0B, 0x4A, 0x2B, 0x4A, 0x2B, 0x4A, 0x2B, 0x4A, 0x2B, 0x4A, 0x2B, 0x4A,
    0x4A, 0x42, 0x4A, 0x42, 0x4B, 0x42, 0x2A, 0x3A, 0x47, 0x29, 0x26, 0x29, 0x89, 0x39, 0x90, 0x5A,
    0x11, 0x7C, 0x5B, 0xC6, 0xF9, 0xB5, 0x1A, 0xBE, 0xD8, 0xB5, 0x56, 0xA5, 0x56, 0xA5, 0x56, 0xA5,
    0x56, 0xA5, 0x56, 0xA5, 0x56, 0xA5, 0x35, 0xA5, 0x77, 0xA5, 0x1A, 0xBE, 0x3A, 0xBE, 0xB7, 0xAD,
    0x2D, 0x52, 0x6E, 0x49, 0x46, 0x20, 0x89, 0x30, 0xAB, 0x38, 0xAC, 0x40, 0xCD, 0x48, 0xEE, 0x48,
    0x0F, 0x51, 0x30, 0x59, 0x51, 0x61, 0x51, 0x61, 0x72, 0x61, 0x72, 0x61, 0x73, 0x61, 0x73, 0x61,
    0x73, 0x61, 0x73, 0x59, 0x95, 0x61, 0xB5, 0x61, 0xB5, 0x61, 0xB6, 0x59, 0xB6, 0x59, 0xB6, 0x59,
    0xD6, 0x59, 0x98, 0x59, 0x99, 0x59, 0x99, 0x59, 0x99, 0x51, 0xB9, 0x51, 0xBA, 0x51, 0xB9, 0x49,
    0xD6, 0x41, 0xD5, 0x41, 0xD5, 0x41, 0xD5, 0x41, 0xD5, 0x39, 0x16, 0x42, 0x14, 0x42, 0x78, 0x42,
    0xBC, 0x42, 0x7B, 0x3A, 0x5A, 0x32, 0x19, 0x2A, 0xF8, 0x29, 0xD8, 0x29, 0xB7, 0x29, 0xB6, 0x29,
    0x95, 0x29, 0x74, 0x29, 0x51, 0x21, 0x4F, 0x21, 0x6E, 0x21, 0x8D, 0x29, 0xEC, 0x31, 0x4D, 0x42,
    0xAD, 0x52, 0x2C, 0x42, 0x2C, 0x42, 0xCD, 0x39, 0x8B, 0x31, 0x8B, 0x31, 0x8B, 0x31, 0x8B, 0x39,
    0xCD, 0x31, 0x2F, 0x32, 0x2F, 0x32, 0x2E, 0x32, 0x2D, 0x32, 0x2D, 0x32, 0x2C, 0x32, 0xED, 0x31,
    0xCE, 0x39, 0xCE, 0x39, 0xCE, 0x39, 0xCE, 0x31, 0xCE, 0x31, 0xCE, 0x39, 0xCB, 0x39, 0xE9, 0x41,
    0xEA, 0x41, 0x0A, 0x4A, 0x0B, 0x4A, 0x0B, 0x4A, 0x2B, 0x4A, 0x2B, 0x4A, 0x2B, 0x4A, 0x2B, 0x4A,
    0x4A, 0x42, 0x4A, 0x42, 0x4B, 0x42, 0x2A, 0x3A, 0x47, 0x29, 0x26, 0x29, 0x88, 0x31, 0x90, 0x5A,
    0xF0, 0x7B, 0x5B, 0xC6, 0x19, 0xBE, 0x3A, 0xBE, 0xD9, 0xB5, 0x56, 0xA5, 0x56, 0xA5, 0x36, 0xA5,
    0x56, 0xA5, 0x56, 0xA5, 0x56, 0xA5, 0x35, 0x9D, 0x77, 0xAD, 0x1A, 0xBE, 0x3A, 0xBE, 0xB7, 0xAD,
    0x0D, 0x52, 0x6F, 0x49, 0x68, 0x28, 0xAB, 0x40, 0xCD, 0x48, 0xEF, 0x50, 0xF0, 0x58, 0x11, 0x61,
    0x32, 0x69, 0x73, 0x69, 0x74, 0x71, 0x95, 0x71, 0x95, 0x71, 0x96, 0x71, 0x96, 0x71, 0x96, 0x71,
    0xB6, 0x71, 0xB7, 0x69, 0xB8, 0x71, 0xD8, 0x69, 0xD8, 0x69, 0xD8, 0x69, 0xF9, 0x69, 0xF9, 0x61,
    0xF9, 0x61, 0xDA, 0x61, 0xDB, 0x61, 0xDB, 0x61, 0xFB, 0x59, 0xFB, 0x59, 0xFB, 0x59, 0xFA, 0x51,
    0x18, 0x52, 0x18, 0x4A, 0x18, 0x4A, 0x18, 0x4A, 0x18, 0x42, 0x58, 0x4A, 0x57, 0x42, 0x9A, 0x4A,
    0xBE, 0x42, 0x9C, 0x3A, 0x7C, 0x32, 0x3B, 0x32, 0x1A, 0x2A, 0x1A, 0x2A, 0xF9, 0x29, 0xD8, 0x29,
    0xB7, 0x29, 0x95, 0x29, 0x73, 0x29, 0x51, 0x21, 0x6F, 0x21, 0x8E, 0x29, 0xCD, 0x31, 0x2E, 0x42,
    0xAE, 0x4A, 0x2C, 0x42, 0x0C, 0x42, 0xCD, 0x39, 0x6B, 0x31, 0x8B, 0x31, 0x8B, 0x31, 0x8B, 0x31,
    0xAC, 0x31, 0x0F, 0x2A, 0x0E, 0x32, 0x2E, 0x32, 0x2D, 0x32, 0x2D, 0x32, 0x2C, 0x32, 0xED, 0x31,
    0xCE, 0x39, 0xCE, 0x31, 0xCE, 0x31, 0xCE, 0x31, 0xCE, 0x31, 0xCE, 0x31, 0xCB, 0x39, 0xC9, 0x39,
    0xEA, 0x41, 0xEA, 0x41, 0x0B, 0x4A, 0x0B, 0x4A, 0x0B, 0x4A, 0x2C, 0x4A, 0x0B, 0x4A, 0x0B, 0x4A,
    0x4A, 0x42, 0x4A, 0x42, 0x4B, 0x42, 0x2A, 0x3A, 0x47, 0x29, 0x26, 0x29, 0x68, 0x31, 0x70, 0x5A,
    0xF0, 0x7B, 0x7B, 0xC6, 0x1A, 0xBE, 0x3A, 0xBE, 0xF9, 0xB5, 0x56, 0xA5, 0x56, 0xA5, 0x36, 0xA5,
    0x36, 0xA5, 0x56, 0xA5, 0x35, 0x9D, 0x35, 0x9D, 0x77, 0xAD, 0x3A, 0xBE, 0x3A, 0xC6, 0xB8, 0xAD,
    0x0D, 0x52, 0x6F, 0x49, 0x68, 0x30, 0xAC, 0x40, 0xCE, 0x50, 0xEF, 0x58, 0x10, 0x61, 0x11, 0x61,
    0x32, 0x69, 0x54, 0x71, 0x74, 0x71, 0x75, 0x71, 0x96, 0x71, 0x96, 0x71, 0x96, 0x71, 0x96, 0x71,
    0xB7, 0x71, 0xB7, 0x71, 0xD8, 0x71, 0xD8, 0x71, 0xD9, 0x69, 0xD9, 0x69, 0xF9, 0x69, 0xF9, 0x69,
    0xF9, 0x61, 0xDB, 0x61, 0xDB, 0x61, 0xDB, 0x61, 0xFB, 0x59, 0xFB, 0x59, 0xFB, 0x59, 0xFB, 0x51,
    0x19, 0x52, 0x18, 0x4A, 0x18, 0x4A, 0x18, 0x4A, 0x18, 0x42, 0x58, 0x4A, 0x57, 0x42, 0x9A, 0x42,
    0xBE, 0x42, 0x9D, 0x3A, 0x7C, 0x32, 0x5B, 0x32, 0x3B, 0x2A, 0x1A, 0x2A, 0xF9, 0x29, 0xD9, 0x29,
    0xB8, 0x31, 0x97, 0x29, 0x75, 0x29, 0x53, 0x29, 0x71, 0x29, 0x8F, 0x29, 0xCE, 0x31, 0x2F, 0x3A,
    0x8F, 0x4A, 0x0C, 0x42, 0x0C, 0x42, 0xAC, 0x39, 0x6B, 0x31, 0x8B, 0x31, 0x8B, 0x31, 0x8B, 0x31,
    0xAC, 0x31, 0x0F, 0x2A, 0x0E, 0x2A, 0x0D, 0x32, 0x2D, 0x32, 0x2C, 0x32, 0x2C, 0x32, 0xED, 0x31,
    0xCF, 0x31, 0xCE, 0x31, 0xCE, 0x31, 0xCE, 0x31, 0xCE, 0x31, 0xCF, 0x31, 0xCB, 0x39, 0xC9, 0x39,
    0xEA, 0x41, 0xEA, 0x41, 0x0B, 0x42, 0x0B, 0x4A, 0x2C, 0x4A, 0x0B, 0x4A, 0x0B, 0x4A, 0x0B, 0x42,
    0x4A, 0x42, 0x4A, 0x42, 0x4B, 0x42, 0x0A, 0x3A, 0x47, 0x29, 0x26, 0x29, 0x68, 0x31, 0x70, 0x5A,
    0xF0, 0x7B, 0x7B, 0xC6, 0x1A, 0xBE, 0x3A, 0xBE, 0xF9, 0xB5, 0x36, 0xA5, 0x36, 0xA5, 0x36, 0xA5,
    0x36, 0xA5, 0x35, 0x9D, 0x35, 0x9D, 0x35, 0x9D, 0x76, 0xA5, 0x3A, 0xBE, 0x5A, 0xC6, 0xD8, 0xB5,
    0x2D, 0x52, 0x6E, 0x49, 0x47, 0x20, 0x8A, 0x38, 0xAB, 0x40, 0xCD, 0x48, 0xCE, 0x50, 0xEF, 0x50,
    0x10, 0x59, 0x51, 0x61, 0x52, 0x61, 0x52, 0x61, 0x73, 0x61, 0x73, 0x61, 0x74, 0x61, 0x74, 0x61,
    0x94, 0x61, 0x94, 0x61, 0x96, 0x61, 0xB6, 0x61, 0xB6, 0x61, 0xB6, 0x61, 0xB7, 0x61, 0xD7, 0x59,
    0xD7, 0x59, 0xB9, 0x59, 0x9A, 0x59, 0xBA, 0x59, 0xBA, 0x59, 0xBA, 0x51, 0xBA, 0x51, 0xD9, 0x49,
    0xD6, 0x49, 0xD6, 0x41, 0xD6, 0x41, 0xD6, 0x41, 0xD6, 0x39, 0x36, 0x42, 0x35, 0x42, 0x78, 0x42,
    0xBE, 0x42, 0x9D, 0x3A, 0x5C, 0x32, 0x3B, 0x2A, 0x1B, 0x22, 0xDA, 0x21, 0xD9, 0x21, 0xB8, 0x29,
    0x98, 0x29, 0x77, 0x29, 0x76, 0x29, 0x74, 0x29, 0x72, 0x29, 0x91, 0x29, 0xF0, 0x31, 0x50, 0x42,
    0x8F, 0x4A, 0x0C, 0x42, 0x0C, 0x42, 0x8C, 0x31, 0x6B, 0x29, 0x6B, 0x31, 0x6B, 0x31, 0x6B, 0x31,
    0xAC, 0x31, 0x0E, 0x2A, 0x0E, 0x2A, 0x0D, 0x2A, 0x0D, 0x2A, 0x0C, 0x32, 0x2B, 0x32, 0xED, 0x31,
    0xCF, 0x31, 0xCF, 0x31, 0xCF, 0x31, 0xCF, 0x31, 0xCE, 0x31, 0xCF, 0x31, 0xCB, 0x39, 0xC9, 0x39,
    0xEA, 0x41, 0xEA, 0x41, 0xEB, 0x41, 0x0B, 0x4A, 0x0B, 0x4A, 0x0B, 0x4A, 0x0B, 0x4A, 0x0B, 0x42,
    0x4A, 0x42, 0x4A, 0x42, 0x4A, 0x42, 0x0A, 0x3A, 0x26, 0x29, 0x26, 0x29, 0x68, 0x31, 0x70, 0x5A,
    0xF1, 0x7B, 0x7B, 0xC6, 0x3A, 0xBE, 0x5A, 0xBE, 0xF9, 0xB5, 0x35, 0x9D, 0x35, 0x9D, 0x35, 0x9D,
    0x35, 0xA5, 0x35, 0x9D, 0x35, 0xA5, 0x15, 0x9D, 0x56, 0xA5, 0x3A, 0xBE, 0x5A, 0xC6, 0x19, 0xB6,
    0x2C, 0x4A, 0x6D, 0x41, 0x45, 0x18, 0x67, 0x28, 0x88, 0x30, 0x89, 0x30, 0xAA, 0x38, 0xAA, 0x38,
    0xCB, 0x40, 0x0D, 0x49, 0x0D, 0x49, 0x2E, 0x49, 0x2E, 0x49, 0x2E, 0x49, 0x2F, 0x49, 0x2F, 0x49,
    0x2F, 0x49, 0x2F, 0x49, 0x51, 0x49, 0x72, 0x51, 0x72, 0x49, 0x72, 0x49, 0x72, 0x49, 0x72, 0x49,
    0x92, 0x49, 0x55, 0x49, 0x37, 0x49, 0x57, 0x49, 0x57, 0x49, 0x57, 0x41, 0x58, 0x41, 0x57, 0x41,
    0x73, 0x39, 0x72, 0x39, 0x72, 0x31, 0x72, 0x31, 0x71, 0x31, 0xD3, 0x39, 0xF1, 0x39, 0x13, 0x3A,
    0xBD, 0x42, 0x9D, 0x3A, 0x5C, 0x32, 0x1B, 0x22, 0xDA, 0x21, 0xB9, 0x19, 0x99, 0x19, 0x98, 0x21,
    0x78, 0x29, 0x77, 0x29, 0x76, 0x29, 0x75, 0x29, 0x94, 0x29, 0xB3, 0x31, 0xF1, 0x39, 0x71, 0x42,
    0x6F, 0x4A, 0xEB, 0x39, 0xEC, 0x39, 0x6B, 0x31, 0x4A, 0x29, 0x6B, 0x29, 0x6B, 0x31, 0x6B, 0x31,
    0xAD, 0x29, 0xEE, 0x29, 0xED, 0x29, 0x0D, 0x2A, 0x0C, 0x2A, 0x0C, 0x2A, 0x0B, 0x32, 0xCD, 0x31,
    0xAF, 0x31, 0xCE, 0x31, 0xCF, 0x31, 0xCF, 0x31, 0xCF, 0x31, 0xCF, 0x31, 0xAB, 0x39, 0xC9, 0x39,
    0xCA, 0x41, 0xEA, 0x41, 0x0B, 0x4A, 0x0B, 0x4A, 0x0B, 0x4A, 0x0B, 0x4A, 0x0B, 0x4A, 0x0B, 0x42,
    0x2A, 0x42, 0x2A, 0x42, 0x4A, 0x42, 0xEA, 0x39, 0x26, 0x29, 0x05, 0x21, 0x68, 0x31, 0x6F, 0x52,
    0x31, 0x7C, 0x9B, 0xCE, 0x3A, 0xBE, 0x5A, 0xC6, 0xD8, 0xB5, 0x35, 0x9D, 0x36, 0xA5, 0x35, 0x9D,
    0x35, 0x9D, 0x15, 0x9D, 0x35, 0x9D, 0x15, 0x9D, 0x56, 0xA5, 0x3A, 0xBE, 0x5A, 0xC6, 0x5A, 0xBE,
    0x4B, 0x4A, 0x6D, 0x39, 0x23, 0x10, 0x45, 0x18, 0x46, 0x18, 0x66, 0x18, 0x66, 0x20, 0x66, 0x20,
    0x87, 0x20, 0xC8, 0x30, 0xE9, 0x30, 0xE9, 0x30, 0xEA, 0x30, 0xEA, 0x30, 0xEA, 0x30, 0xEA, 0x30,
    0xEA, 0x30, 0xEA, 0x30, 0x0C, 0x31, 0x2E, 0x39, 0x2D, 0x39, 0x2E, 0x39, 0x2E, 0x39, 0x2E, 0x39,
    0x4E, 0x31, 0x11, 0x39, 0xD4, 0x40, 0xD4, 0x38, 0xF4, 0x38, 0xF5, 0x38, 0xF5, 0x38, 0xF5, 0x30,
    0x0F, 0x29, 0x2D, 0x29, 0x2E, 0x29, 0x2D, 0x29, 0x0D, 0x29, 0x6F, 0x29, 0xCF, 0x31, 0xAD, 0x31,
    0x79, 0x42, 0xBE, 0x3A, 0x3C, 0x2A, 0xFC, 0x21, 0xDA, 0x19, 0x99, 0x19, 0x99, 0x19, 0x78, 0x19,
    0x78, 0x21, 0x78, 0x29, 0x77, 0x31, 0x77, 0x31, 0x95, 0x31, 0xD4, 0x39, 0x13, 0x3A, 0x93, 0x4A,
    0x2E, 0x42, 0xCB, 0x39, 0xAC, 0x39, 0x4B, 0x29, 0x4A, 0x29, 0x4B, 0x29, 0x4B, 0x29, 0x4B, 0x29,
    0xAD, 0x29, 0xEE, 0x29, 0xED, 0x29, 0xED, 0x29, 0x0C, 0x2A, 0x0B, 0x2A, 0x0B, 0x2A, 0xCE, 0x31,
    0xAE, 0x31, 0xAE, 0x31, 0xAF, 0x31, 0xAF, 0x31, 0xAF, 0x31, 0xCF, 0x31, 0xAB, 0x31, 0xC9, 0x39,
    0xCA, 0x41, 0xEA, 0x41, 0xEB, 0x41, 0x0B, 0x4A, 0x0B, 0x4A, 0x0B, 0x4A, 0xEB, 0x49, 0x0A, 0x42,
    0x2A, 0x3A, 0x2A, 0x42, 0x4A, 0x42, 0xE9, 0x39, 0x06, 0x29, 0x05, 0x21, 0x89, 0x31, 0x4E, 0x52,
    0x52, 0x84, 0x9C, 0xCE, 0x3A, 0xBE, 0x5B, 0xC6, 0xD8, 0xB5, 0x15, 0x9D, 0x35, 0x9D, 0x35, 0xA5,
    0x15, 0x9D, 0x15, 0x9D, 0x35, 0x9D, 0x15, 0x9D, 0x36, 0xA5, 0x3A, 0xBE, 0x5A, 0xC6, 0x7B, 0xC6,
    0x6B, 0x4A, 0x6C, 0x39, 0x43, 0x08, 0x23, 0x08, 0x43, 0x10, 0x43, 0x10, 0x43, 0x10, 0x44, 0x10,
    0x64, 0x10, 0xA6, 0x20, 0xC6, 0x20, 0xC6, 0x20, 0xC6, 0x20, 0xC7, 0x20, 0xC7, 0x20, 0xC7, 0x20,
    0xC7, 0x20, 0xA6, 0x20, 0xC8, 0x20, 0x0B, 0x29, 0x0A, 0x29, 0x0B, 0x29, 0x0B, 0x29, 0x0B, 0x29,
    0x0B, 0x29, 0xCD, 0x28, 0x92, 0x30, 0x92, 0x30, 0x93, 0x30, 0xB3, 0x28, 0xB3, 0x28, 0xB4, 0x28,
    0xCE, 0x20, 0xEA, 0x20, 0xCB, 0x20, 0xEB, 0x20, 0xCA, 0x20, 0x0C, 0x21, 0x8D, 0x31, 0x6A, 0x31,
    0xF0, 0x31, 0xDE, 0x3A, 0x7D, 0x32, 0x1C, 0x2A, 0xDB, 0x21, 0xBA, 0x19, 0x99, 0x19, 0x79, 0x19,
    0x78, 0x21, 0x98, 0x29, 0x98, 0x31, 0xB8, 0x39, 0xD7, 0x39, 0xF6, 0x39, 0x55, 0x42, 0x72, 0x4A,
    0xCC, 0x39, 0xCB, 0x39, 0x6B, 0x31, 0x2A, 0x29, 0x4A, 0x29, 0x4A, 0x29, 0x4A, 0x29, 0x4B, 0x29,
    0xAD, 0x21, 0xEE, 0x21, 0xED, 0x21, 0xEC, 0x29, 0xEC, 0x29, 0x0B, 0x2A, 0xEB, 0x29, 0xAE, 0x31,
    0xAE, 0x31, 0xAE, 0x31, 0xAE, 0x31, 0xAF, 0x31, 0xAF, 0x31, 0xAF, 0x31, 0xAA, 0x31, 0xA9, 0x39,
    0xCA, 0x41, 0xEA, 0x41, 0xEB, 0x41, 0xEB, 0x49, 0x0B, 0x4A, 0x0B, 0x4A, 0xEB, 0x41, 0x0A, 0x42,
    0x2A, 0x3A, 0x2A, 0x3A, 0x4A, 0x42, 0xC9, 0x31, 0x06, 0x21, 0xE5, 0x20, 0x89, 0x39, 0x4E, 0x52,
    0x93, 0x8C, 0x9C, 0xCE, 0x3A, 0xBE, 0x5B, 0xC6, 0xB8, 0xB5, 0x15, 0x9D, 0x35, 0x9D, 0x35, 0x9D,
    0x15, 0x9D, 0x15, 0x9D, 0x15, 0x9D, 0x35, 0x9D, 0x35, 0x9D, 0x1A, 0xBE, 0x5A, 0xC6, 0x9B, 0xCE,
    0xEC, 0x5A, 0x6C, 0x39, 0x43, 0x10, 0x22, 0x08, 0x23, 0x08, 0x43, 0x08, 0x42, 0x08, 0x42, 0x08,
    0x43, 0x08, 0xA4, 0x18, 0xA5, 0x18, 0xA5, 0x18, 0xC5, 0x18, 0xC5, 0x18, 0xA5, 0x18, 0xA5, 0x18,
    0xA5, 0x18, 0x84, 0x18, 0xA6, 0x18, 0xE9, 0x20, 0xE9, 0x20, 0xE9, 0x20, 0xE9, 0x20, 0xE9, 0x20,
    0xE9, 0x20, 0xCB, 0x20, 0x71, 0x28, 0x71, 0x28, 0x71, 0x28, 0x72, 0x28, 0x92, 0x20, 0x93, 0x20,
    0xB0, 0x20, 0xA9, 0x18, 0xA9, 0x18, 0xA9, 0x18, 0xC9, 0x18, 0xA9, 0x18, 0x4C, 0x21, 0x8B, 0x31,
    0x69, 0x31, 0x35, 0x3A, 0xDF, 0x3A, 0x5D, 0x32, 0x1C, 0x2A, 0xFB, 0x21, 0xDA, 0x21, 0xBA, 0x21,
    0xB9, 0x21, 0xB9, 0x29, 0xB9, 0x31, 0xD9, 0x39, 0xF8, 0x41, 0x38, 0x42, 0x76, 0x4A, 0xEF, 0x41,
    0xAC, 0x39, 0xAC, 0x39, 0x2B, 0x29, 0x2A, 0x29, 0x2A, 0x29, 0x2A, 0x29, 0x2A, 0x29, 0x4B, 0x29,
    0xCE, 0x21, 0xCD, 0x21, 0xCC, 0x21, 0xEC, 0x21, 0xEB, 0x29, 0xEB, 0x29, 0xCC, 0x29, 0x8E, 0x29,
    0x8E, 0x29, 0xAE, 0x29, 0xAE, 0x31, 0xAE, 0x31, 0xAF, 0x31, 0xAE, 0x31, 0x89, 0x31, 0xA9, 0x39,
    0xCA, 0x39, 0xCA, 0x41, 0xEA, 0x41, 0xEB, 0x41, 0xEB, 0x41, 0xEB, 0x41, 0xEB, 0x41, 0x0A, 0x42,
    0x2A, 0x3A, 0x0A, 0x3A, 0x2A, 0x3A, 0xA8, 0x31, 0xE6, 0x20, 0xE5, 0x20, 0xAA, 0x39, 0x4D, 0x52,
    0xF4, 0x9C, 0x9C, 0xCE, 0x5A, 0xC6, 0x7B, 0xC6, 0x97, 0xAD, 0xF5, 0x9C, 0x15, 0x9D, 0x15, 0x9D,
    0x15, 0x9D, 0x15, 0x9D, 0x15, 0x9D, 0x15, 0x9D, 0x15, 0x9D, 0x19, 0xBE, 0x5B, 0xC6, 0xBC, 0xCE,
    0x6E, 0x6B, 0x6C, 0x39, 0x64, 0x10, 0x22, 0x08, 0x23, 0x08, 0x43, 0x08, 0x42, 0x08, 0x42, 0x08,
    0x42, 0x08, 0x84, 0x10, 0xA4, 0x18, 0xA4, 0x18, 0xC4, 0x18, 0xC5, 0x18, 0xA4, 0x18, 0xA4, 0x18,
    0xA4, 0x18, 0x84, 0x10, 0x85, 0x10, 0xC8, 0x20, 0xC8, 0x20, 0xC8, 0x20, 0xE8, 0x20, 0xE9, 0x20,
    0xE9, 0x18, 0xC9, 0x20, 0x6F, 0x28, 0x71, 0x28, 0x71, 0x28, 0x72, 0x20, 0x72, 0x20, 0x92, 0x20,
    0x92, 0x20, 0xAA, 0x18, 0xA8, 0x18, 0xA9, 0x18, 0xA9, 0x18, 0xA8, 0x18, 0xCA, 0x18, 0x6C, 0x29,
    0x6A, 0x31, 0x6A, 0x31, 0x57, 0x3A, 0xDF, 0x3A, 0x7E, 0x32, 0x3C, 0x2A, 0x1B, 0x2A, 0xFB, 0x29,
    0xFA, 0x29, 0xFA, 0x31, 0xFA, 0x39, 0x1A, 0x42, 0x3A, 0x4A, 0x59, 0x4A, 0xF2, 0x49, 0xAE, 0x39,
    0xAD, 0x39, 0x2C, 0x29, 0x0A, 0x21, 0x2A, 0x21, 0x2A, 0x21, 0x2A, 0x29, 0x2A, 0x29, 0x6C, 0x21,
    0xCE, 0x21, 0xCD, 0x21, 0xCC, 0x21, 0xCC, 0x21, 0xCB, 0x21, 0xEA, 0x29, 0xAC, 0x29, 0x6E, 0x29,
    0x8E, 0x29, 0x8E, 0x29, 0x8E, 0x29, 0x8E, 0x29, 0x8F, 0x29, 0x8D, 0x29, 0x88, 0x31, 0xA9, 0x39,
    0xAA, 0x39, 0xCA, 0x41, 0xCA, 0x41, 0xEB, 0x41, 0xEB, 0x41, 0xEB, 0x41, 0xCA, 0x41, 0xEA, 0x39,
    0x0A, 0x3A, 0x0A, 0x3A, 0x2A, 0x3A, 0x68, 0x29, 0xE5, 0x20, 0xC4, 0x18, 0xCB, 0x41, 0x4D, 0x4A,
    0x76, 0xA5, 0x9B, 0xCE, 0x5A, 0xC6, 0x7B, 0xC6, 0x97, 0xAD, 0x15, 0x9D, 0x15, 0x9D, 0x15, 0x9D,
    0x15, 0x9D, 0xF5, 0x9C, 0x15, 0x9D, 0x15, 0x9D, 0x15, 0x9D, 0xF9, 0xB5, 0x7B, 0xC6, 0xBC, 0xCE,
    0x10, 0x7C, 0x8C, 0x39, 0xA6, 0x18, 0x02, 0x08, 0x23, 0x08, 0x43, 0x08, 0x42, 0x08, 0x42, 0x08,
    0x42, 0x08, 0x83, 0x10, 0xA4, 0x18, 0xA4, 0x18, 0xC5, 0x18, 0xC5, 0x18, 0xA4, 0x18, 0xA4, 0x18,
    0xA4, 0x18, 0x84, 0x10, 0x84, 0x10, 0xC8, 0x18, 0xE9, 0x20, 0xC8, 0x18, 0xE9, 0x20, 0xE9, 0x18,
    0xE9, 0x18, 0xE8, 0x18, 0x8D, 0x20, 0x51, 0x28, 0x71, 0x28, 0x72, 0x20, 0x72, 0x20, 0x92, 0x20,
    0x93, 0x20, 0xAD, 0x18, 0xA8, 0x18, 0xA9, 0x18, 0xA9, 0x18, 0xA9, 0x18, 0xA8, 0x18, 0xEA, 0x20,
    0x6B, 0x29, 0x69, 0x31, 0x6A, 0x31, 0x34, 0x3A, 0xBD, 0x3A, 0xBF, 0x3A, 0x9E, 0x32, 0x7C, 0x32,
    0x5C, 0x32, 0x5B, 0x3A, 0x5B, 0x42, 0x5B, 0x4A, 0x39, 0x4A, 0xD4, 0x49, 0xB0, 0x41, 0xAF, 0x41,
    0x4E, 0x31, 0x0B, 0x29, 0x0A, 0x21, 0x0A, 0x21, 0x0A, 0x21, 0x0A, 0x21, 0x2A, 0x21, 0x8D, 0x21,
    0xAD, 0x21, 0xAC, 0x21, 0xCC, 0x21, 0xCB, 0x21, 0xCB, 0x21, 0xCA, 0x21, 0x8D, 0x29, 0x6E, 0x29,
    0x6E, 0x29, 0x8E, 0x29, 0x8E, 0x29, 0x8E, 0x29, 0x8F, 0x29, 0x8B, 0x29, 0x68, 0x31, 0x89, 0x31,
    0xA9, 0x39, 0xCA, 0x39, 0xCA, 0x41, 0xCA, 0x41, 0xCB, 0x41, 0xCA, 0x41, 0xCA, 0x41, 0xEA, 0x39,
    0x09, 0x3A, 0x0A, 0x3A, 0x0A, 0x3A, 0x27, 0x21, 0xE5, 0x20, 0xC4, 0x18, 0xCC, 0x41, 0x6C, 0x52,
    0xD8, 0xB5, 0x7B, 0xCE, 0x5B, 0xC6, 0x7B, 0xC6, 0x76, 0xA5, 0xF5, 0x9C, 0x15, 0x9D, 0x15, 0x9D,
    0xF5, 0x9C, 0xF5, 0x9C, 0x15, 0x9D, 0x15, 0x9D, 0xF4, 0x9C, 0xD8, 0xB5, 0x7B, 0xC6, 0xBC, 0xCE,
    0xB3, 0x94, 0xAC, 0x39, 0x09, 0x29, 0x01, 0x00, 0x23, 0x08, 0x43, 0x08, 0x42, 0x08, 0x42, 0x08,
    0x42, 0x08, 0x63, 0x10, 0xA4, 0x18, 0xC4, 0x18, 0xC5, 0x18, 0xC5, 0x18, 0xA5, 0x18, 0xA4, 0x18,
    0xA4, 0x18, 0x84, 0x10, 0x84, 0x10, 0xC7, 0x18, 0xE9, 0x20, 0xC9, 0x18, 0xE9, 0x20, 0xE9, 0x18,
    0xE9, 0x18, 0xE9, 0x18, 0xAB, 0x20, 0x71, 0x28, 0x71, 0x28, 0x72, 0x20, 0x72, 0x20, 0x92, 0x20,
    0x93, 0x20, 0x92, 0x20, 0xAA, 0x18, 0xA8, 0x18, 0xA9, 0x18, 0xA9, 0x18, 0xA9, 0x18, 0xA8, 0x18,
    0xEA, 0x20, 0x6B, 0x29, 0x6A, 0x31, 0x69, 0x31, 0xAD, 0x31, 0x34, 0x3A, 0x79, 0x3A, 0x9A, 0x3A,
    0x9A, 0x42, 0x79, 0x42, 0x57, 0x42, 0xF4, 0x41, 0xB1, 0x41, 0x91, 0x41, 0xB2, 0x41, 0x50, 0x39,
    0x0E, 0x29, 0x0C, 0x29, 0x0B, 0x21, 0x0A, 0x21, 0x0A, 0x21, 0x0A, 0x21, 0x4C, 0x21, 0x8D, 0x19,
    0xAD, 0x19, 0xAC, 0x21, 0xAC, 0x21, 0xAB, 0x21, 0xCA, 0x21, 0xAB, 0x21, 0x6E, 0x29, 0x6E, 0x29,
    0x6E, 0x29, 0x6E, 0x29, 0x6E, 0x29, 0x8E, 0x29, 0x8F, 0x29, 0x6A, 0x29, 0x68, 0x31, 0x89, 0x31,
    0xA9, 0x39, 0xAA, 0x39, 0xAA, 0x41, 0xCA, 0x41, 0xCA, 0x41, 0xCA, 0x41, 0xCA, 0x39, 0xE9, 0x39,
    0x09, 0x3A, 0x09, 0x3A, 0xE9, 0x31, 0x06, 0x21, 0xC5, 0x20, 0xC4, 0x18, 0x0E, 0x4A, 0xAD, 0x5A,
    0x5A, 0xC6, 0x7B, 0xC6, 0x7B, 0xC6, 0x5A, 0xC6, 0x56, 0xA5, 0x15, 0x9D, 0x15, 0x9D, 0x15, 0x9D,
    0xF5, 0x9C, 0xF5, 0x9C, 0xF5, 0x9C, 0xF5, 0x9C, 0xF4, 0x94, 0xB7, 0xAD, 0x7B, 0xCE, 0x9C, 0xCE,
    0x96, 0xAD, 0xCB, 0x39, 0x4B, 0x31, 0x01, 0x00, 0x23, 0x08, 0x43, 0x08, 0x42, 0x08, 0x42, 0x08,
    0x42, 0x08, 0x63, 0x08, 0xA4, 0x18, 0xA4, 0x18, 0xC5, 0x18, 0xC5, 0x18, 0xC5, 0x18, 0xA4, 0x18,
    0xA4, 0x18, 0xA4, 0x18, 0xC5, 0x18, 0xE7, 0x20, 0x09, 0x21, 0xE9, 0x20, 0xC9, 0x18, 0xE9, 0x18,
    0xC9, 0x18, 0xE9, 0x18, 0xE9, 0x18, 0x90, 0x20, 0x72, 0x28, 0x72, 0x20, 0x92, 0x20, 0x92, 0x20,
    0x92, 0x20, 0x93, 0x20, 0xAF, 0x18, 0xA8, 0x18, 0xA9, 0x18, 0xA9, 0x18, 0xA9, 0x18, 0xA9, 0x18,
    0xA8, 0x18, 0xEA, 0x20, 0x4B, 0x29, 0x6A, 0x31, 0x69, 0x31, 0x69, 0x29, 0x8A, 0x31, 0x8B, 0x31,
    0xAC, 0x31, 0x8C, 0x31, 0x8D, 0x39, 0x8E, 0x39, 0x90, 0x41, 0x92, 0x41, 0x52, 0x41, 0x10, 0x31,
    0x0E, 0x31, 0x0D, 0x29, 0x0B, 0x21, 0x0A, 0x21, 0x0A, 0x21, 0x0A, 0x21, 0x8D, 0x19, 0x8D, 0x19,
    0x8C, 0x19, 0xAC, 0x19, 0xAB, 0x21, 0xAB, 0x21, 0xAA, 0x21, 0x8C, 0x21, 0x4E, 0x21, 0x6E, 0x21,
    0x6E, 0x21, 0x6E, 0x21, 0x6E, 0x21, 0x6E, 0x29, 0x6D, 0x29, 0x48, 0x29, 0x68, 0x31, 0x89, 0x31,
    0x89, 0x39, 0xAA, 0x39, 0xAA, 0x39, 0xAA, 0x41, 0xAA, 0x41, 0xAA, 0x39, 0xCA, 0x39, 0xE9, 0x31,
    0xE9, 0x31, 0x09, 0x3A, 0xC9, 0x31, 0xC5, 0x18, 0xC4, 0x18, 0xE5, 0x20, 0x0F, 0x4A, 0x4E, 0x63,
    0x9B, 0xCE, 0x7B, 0xC6, 0x7B, 0xCE, 0x5A, 0xC6, 0x35, 0x9D, 0x15, 0x9D, 0x15, 0x9D, 0x15, 0x9D,
    0x15, 0x9D, 0xF5, 0x9C, 0xF4, 0x94, 0xF5, 0x9C, 0xF4, 0x94, 0x56, 0xA5, 0x7B, 0xCE, 0x9B, 0xCE,
    0x5A, 0xC6, 0x2B, 0x42, 0x6C, 0x31, 0x22, 0x08, 0x23, 0x08, 0x43, 0x08, 0x43, 0x08, 0x42, 0x08,
    0x43, 0x08, 0x63, 0x08, 0xA4, 0x18, 0xA5, 0x18, 0xC5, 0x18, 0xC5, 0x18, 0xC5, 0x18, 0xA4, 0x18,
    0xC5, 0x18, 0x26, 0x29, 0x06, 0x21, 0xE6, 0x20, 0x09, 0x21, 0x09, 0x21, 0xE9, 0x20, 0xE9, 0x18,
    0xE9, 0x18, 0xE9, 0x18, 0xE9, 0x18, 0xAD, 0x20, 0x72, 0x20, 0x92, 0x20, 0x92, 0x20, 0x92, 0x20,
    0x93, 0x20, 0x93, 0x18, 0xB3, 0x18, 0xAC, 0x18, 0xA8, 0x18, 0xA9, 0x18, 0xA9, 0x18, 0xA9, 0x18,
    0xA9, 0x18, 0xA8, 0x18, 0xC9, 0x18, 0x0A, 0x21, 0x4B, 0x29, 0x6B, 0x29, 0x6A, 0x31, 0x6A, 0x31,
    0x8A, 0x31, 0x8B, 0x31, 0x6C, 0x31, 0x6E, 0x39, 0x50, 0x39, 0x31, 0x39, 0x31, 0x39, 0x31, 0x39,
    0x10, 0x31, 0x0E, 0x29, 0x0C, 0x29, 0x0B, 0x21, 0xEA, 0x20, 0x4D, 0x19, 0x8E, 0x19, 0x8D, 0x19,
    0x8C, 0x19, 0x8C, 0x19, 0xAB, 0x19, 0xAA, 0x19, 0xAA, 0x21, 0x4D, 0x21, 0x4E, 0x21, 0x4E, 0x21,
    0x4E, 0x21, 0x4E, 0x21, 0x4E, 0x21, 0x6F, 0x21, 0x4C, 0x21, 0x47, 0x29, 0x68, 0x29, 0x69, 0x31,
    0x89, 0x39, 0x89, 0x39, 0xAA, 0x39, 0xAA, 0x39, 0xAA, 0x39, 0xAA, 0x39, 0xC9, 0x39, 0xE9, 0x31,
    0xE9, 0x31, 0xE9, 0x31, 0x88, 0x29, 0xA4, 0x18, 0xA4, 0x18, 0x27, 0x29, 0x0E, 0x4A, 0x11, 0x7C,
    0xDC, 0xD6, 0x7B, 0xC6, 0x9B, 0xCE, 0x39, 0xBE, 0xF5, 0x9C, 0xF5, 0x9C, 0xF5, 0x9C, 0x15, 0x9D,
    0xF5, 0x9C, 0x15, 0x9D, 0x15, 0x9D, 0x15, 0x9D, 0xF4, 0x9C, 0x15, 0x9D, 0x5A, 0xC6, 0x9B, 0xCE,
    0xBC, 0xCE, 0xEC, 0x5A, 0x6C, 0x31, 0x43, 0x08, 0x22, 0x08, 0x23, 0x08, 0x43, 0x08, 0x42, 0x08,
    0x43, 0x08, 0x43, 0x08, 0x84, 0x10, 0xC5, 0x18, 0xC5, 0x18, 0xC5, 0x18, 0xC5, 0x18, 0xC5, 0x18,
    0x47, 0x29, 0x67, 0x31, 0x26, 0x29, 0x05, 0x21, 0x08, 0x21, 0x0A, 0x21, 0xE9, 0x20, 0xE9, 0x18,
    0xE9, 0x18, 0xE9, 0x18, 0xE9, 0x18, 0xCA, 0x18, 0x90, 0x20, 0x72, 0x20, 0x92, 0x20, 0x92, 0x20,
    0x93, 0x20, 0x93, 0x18, 0xB3, 0x18, 0xB3, 0x18, 0xAB, 0x18, 0xA8, 0x18, 0xA9, 0x18, 0xA9, 0x18,
    0xA9, 0x18, 0xA9, 0x18, 0xA9, 0x18, 0xA9, 0x18, 0xC9, 0x18, 0xCA, 0x20, 0xEA, 0x20, 0xEA, 0x20,
    0x0A, 0x21, 0xEB, 0x20, 0xEB, 0x20, 0xEC, 0x28, 0xEE, 0x28, 0x0F, 0x31, 0x31, 0x39, 0x31, 0x39,
    0x30, 0x31, 0x0F, 0x31, 0x0D, 0x29, 0xEB, 0x20, 0x2D, 0x19, 0x6E, 0x19, 0x6D, 0x19, 0x8C, 0x19,
    0x8C, 0x19, 0x8B, 0x19, 0x8B, 0x19, 0xAA, 0x19, 0x6B, 0x21, 0x2E, 0x21, 0x4E, 0x21, 0x4E, 0x21,
    0x4E, 0x21, 0x4E, 0x21, 0x4E, 0x21, 0x4E, 0x21, 0x29, 0x21, 0x27, 0x29, 0x48, 0x29, 0x69, 0x31,
    0x89, 0x31, 0x89, 0x39, 0x8A, 0x39, 0x8A, 0x39, 0x8A, 0x39, 0x8A, 0x39, 0xC9, 0x31, 0xC9, 0x31,
    0xC9, 0x31, 0xE9, 0x31, 0x27, 0x21, 0xA4, 0x18, 0x83, 0x10, 0x6A, 0x31, 0xEC, 0x41, 0xF4, 0x9C,
    0xDC, 0xD6, 0x7B, 0xC6, 0x9B, 0xCE, 0xD8, 0xB5, 0xF4, 0x94, 0x15, 0x9D, 0xF5, 0x9C, 0xF4, 0x9C,
    0xF4, 0x9C, 0xF4, 0x9C, 0xF4, 0x9C, 0xF5, 0x9C, 0xF4, 0x9C, 0xF4, 0x9C, 0x3A, 0xBE, 0x9B, 0xCE,
    0xFD, 0xD6, 0xF0, 0x7B, 0x6B, 0x31, 0xA6, 0x18, 0x02, 0x08, 0x23, 0x08, 0x43, 0x08, 0x43, 0x08,
    0x43, 0x08, 0x43, 0x08, 0x83, 0x10, 0xA4, 0x18, 0xC5, 0x18, 0xC5, 0x18, 0xA5, 0x18, 0x26, 0x29,
    0xA8, 0x39, 0x67, 0x31, 0x47, 0x29, 0x26, 0x21, 0x07, 0x21, 0x2A, 0x29, 0x0A, 0x21, 0xE9, 0x20,
    0xE9, 0x18, 0xE9, 0x18, 0xE9, 0x18, 0xE9, 0x18, 0xAD, 0x20, 0x72, 0x20, 0x92, 0x20, 0x93, 0x20,
    0x93, 0x20, 0xB3, 0x18, 0xB3, 0x18, 0xB4, 0x18, 0xB2, 0x18, 0xAA, 0x18, 0xA8, 0x18, 0xA9, 0x18,
    0xA9, 0x18, 0xA9, 0x18, 0xA9, 0x18, 0xC9, 0x18, 0xC9, 0x18, 0xA9, 0x18, 0xA9, 0x18, 0xA9, 0x18,
    0xA9, 0x18, 0xC9, 0x18, 0xCA, 0x18, 0xEB, 0x20, 0xED, 0x28, 0x0F, 0x31, 0x10, 0x31, 0x31, 0x39,
    0x31, 0x39, 0x10, 0x31, 0x0E, 0x29, 0x2E, 0x21, 0x6F, 0x19, 0x6E, 0x19, 0x6D, 0x19, 0x6C, 0x19,
    0x8C, 0x19, 0x8B, 0x19, 0x8A, 0x19, 0x8A, 0x19, 0x2D, 0x21, 0x2E, 0x21, 0x2E, 0x21, 0x2E, 0x21,
    0x2E, 0x21, 0x2E, 0x21, 0x4E, 0x21, 0x2D, 0x21, 0x27, 0x21, 0x27, 0x29, 0x48, 0x29, 0x69, 0x31,
    0x69, 0x31, 0x89, 0x39, 0x89, 0x39, 0x8A, 0x39, 0x8A, 0x39, 0x89, 0x39, 0xC9, 0x31, 0xC9, 0x31,
    0xC9, 0x31, 0xC9, 0x31, 0xE5, 0x18, 0x84, 0x18, 0x63, 0x10, 0xAC, 0x39, 0x0B, 0x42, 0xD8, 0xB5,
    0xBC, 0xCE, 0x7B, 0xCE, 0x9B, 0xCE, 0x97, 0xAD, 0xD4, 0x94, 0xF4, 0x94, 0x15, 0x9D, 0xF4, 0x9C,
    0xF4, 0x9C, 0xF4, 0x9C, 0xF4, 0x94, 0xD4, 0x94, 0xF4, 0x9C, 0xD4, 0x94, 0xF8, 0xB5, 0x9B, 0xCE,
    0xDC, 0xD6, 0x14, 0x9D, 0xAB, 0x39, 0x2A, 0x29, 0x01, 0x00, 0x23, 0x08, 0x43, 0x08, 0x43, 0x08,
    0x63, 0x08, 0x63, 0x08, 0x63, 0x10, 0xA4, 0x18, 0xC5, 0x18, 0xA5, 0x18, 0xC5, 0x18, 0xA8, 0x39,
    0xC8, 0x39, 0x88, 0x31, 0x67, 0x31, 0x26, 0x29, 0x06, 0x21, 0x29, 0x29, 0x2A, 0x29, 0x0A, 0x21,
    0xE9, 0x20, 0xE9, 0x18, 0xE9, 0x18, 0xE9, 0x18, 0xEA, 0x18, 0x90, 0x20, 0x93, 0x20, 0x92, 0x20,
    0x93, 0x20, 0xB3, 0x18, 0xB3, 0x18, 0xB3, 0x18, 0xB4, 0x18, 0xD3, 0x18, 0xAB, 0x18, 0xA8, 0x18,
    0xA9, 0x18, 0xC9, 0x18, 0xA9, 0x18, 0xC9, 0x18, 0xC9, 0x18, 0xC9, 0x18, 0xC9, 0x18, 0xC9, 0x18,
    0xC9, 0x18, 0xC9, 0x18, 0xC9, 0x18, 0xCA, 0x20, 0xEC, 0x20, 0xEE, 0x28, 0x10, 0x31, 0x31, 0x39,
    0x31, 0x39, 0x31, 0x31, 0x51, 0x29, 0x72, 0x21, 0x70, 0x19, 0x6E, 0x19, 0x6D, 0x11, 0x6C, 0x19,
    0x6B, 0x19, 0x8B, 0x19, 0x8A, 0x19, 0x4C, 0x19, 0x0D, 0x19, 0x2D, 0x19, 0x2E, 0x21, 0x2E, 0x19,
    0x2E, 0x21, 0x2E, 0x21, 0x2E, 0x21, 0x2A, 0x21, 0x06, 0x21, 0x27, 0x29, 0x48, 0x29, 0x68, 0x31,
    0x69, 0x31, 0x69, 0x31, 0x69, 0x39, 0x69, 0x39, 0x69, 0x39, 0x89, 0x31, 0xC9, 0x31, 0xC9, 0x31,
    0xC9, 0x31, 0x88, 0x29, 0xA4, 0x10, 0x84, 0x10, 0x84, 0x10, 0xEE, 0x41, 0x8C, 0x52, 0x9B, 0xCE,
    0x9B, 0xCE, 0x9B, 0xCE, 0x9B, 0xCE, 0x56, 0xA5, 0xF4, 0x94, 0xF4, 0x94, 0xF4, 0x94, 0xF4, 0x94,
    0xF4, 0x94, 0xF4, 0x94, 0xD4, 0x94, 0xF4, 0x9C, 0xF4, 0x94, 0xD4, 0x94, 0x77, 0xAD, 0xBC, 0xCE,
    0xBC, 0xCE, 0x59, 0xC6, 0x2B, 0x42, 0x6C, 0x31, 0x02, 0x08, 0x23, 0x08, 0x43, 0x08, 0x43, 0x08,
    0x63, 0x08, 0x63, 0x08, 0x63, 0x08, 0xA4, 0x10, 0xC5, 0x18, 0xA4, 0x18, 0x26, 0x29, 0x09, 0x42,
    0xC9, 0x39, 0xA8, 0x39, 0x88, 0x31, 0x67, 0x29, 0x26, 0x21, 0x28, 0x21, 0x4B, 0x29, 0x2A, 0x21,
    0x0A, 0x21, 0xE9, 0x18, 0xE9, 0x18, 0xEA, 0x18, 0xE9, 0x18, 0xCB, 0x18, 0x92, 0x20, 0x93, 0x20,
    0xB3, 0x18, 0xB3, 0x18, 0xB3, 0x18, 0xB4, 0x18, 0xD4, 0x18, 0xD5, 0x10, 0xD4, 0x10, 0xCE, 0x18,
    0xC9, 0x18, 0xC8, 0x18, 0xA9, 0x18, 0xC9, 0x18, 0xC9, 0x18, 0xC9, 0x18, 0xC9, 0x18, 0xC9, 0x18,
    0xC9, 0x18, 0xC9, 0x18, 0xC9, 0x18, 0xCA, 0x18, 0xCB, 0x20, 0xED, 0x28, 0x0E, 0x31, 0x10, 0x31,
    0x32, 0x39, 0x54, 0x31, 0x74, 0x29, 0x72, 0x21, 0x70, 0x21, 0x6E, 0x19, 0x6D, 0x19, 0x6C, 0x19,
    0x6B, 0x19, 0x8A, 0x19, 0x4B, 0x19, 0x0D, 0x19, 0x0D, 0x19, 0x0D, 0x19, 0x0E, 0x19, 0x2E, 0x19,
    0x2E, 0x19, 0x2E, 0x19, 0x2D, 0x19, 0x07, 0x21, 0x06, 0x21, 0x27, 0x29, 0x48, 0x29, 0x48, 0x31,
    0x69, 0x31, 0x69, 0x31, 0x69, 0x31, 0x69, 0x31, 0x69, 0x31, 0xA9, 0x31, 0xC8, 0x29, 0xA8, 0x29,
    0xC9, 0x31, 0x27, 0x21, 0x64, 0x10, 0x63, 0x10, 0xE7, 0x20, 0xCD, 0x41, 0xCF, 0x73, 0xFD, 0xD6,
    0x9B, 0xCE, 0xBC, 0xCE, 0x5A, 0xC6, 0xF5, 0x9C, 0xF4, 0x94, 0xF4, 0x94, 0xF4, 0x94, 0xF4, 0x94,
    0xD4, 0x94, 0xD4, 0x94, 0xF4, 0x9C, 0xD4, 0x94, 0xF4, 0x94, 0xD4, 0x94, 0x15, 0x9D, 0x9B, 0xCE,
    0x9B, 0xCE, 0xFD, 0xD6, 0x0D, 0x63, 0x6C, 0x31, 0x64, 0x10, 0x22, 0x08, 0x23, 0x08, 0x43, 0x08,
    0x63, 0x08, 0x63, 0x08, 0x63, 0x08, 0x84, 0x10, 0xC5, 0x18, 0xA4, 0x18, 0x87, 0x31, 0x2A, 0x4A,
    0xE9, 0x41, 0xC9, 0x39, 0xA8, 0x31, 0x67, 0x31, 0x47, 0x29, 0x26, 0x21, 0x4A, 0x29, 0x2B, 0x29,
    0x2A, 0x21, 0x0A, 0x21, 0xEA, 0x18, 0xEA, 0x18, 0xEA, 0x18, 0xE9, 0x18, 0xCD, 0x18, 0x93, 0x20,
    0xB3, 0x18, 0xB3, 0x18, 0xB3, 0x18, 0xB4, 0x18, 0xD4, 0x18, 0xD4, 0x10, 0xD5, 0x10, 0xD5, 0x10,
    0xF2, 0x10, 0xCD, 0x18, 0xC9, 0x18, 0xC8, 0x18, 0xC8, 0x18, 0xC8, 0x18, 0xC9, 0x18, 0xC9, 0x18,
    0xC9, 0x18, 0xC9, 0x18, 0xC9, 0x18, 0xC9, 0x18, 0xCA, 0x20, 0xEB, 0x20, 0x0E, 0x29, 0x52, 0x29,
    0x75, 0x31, 0x76, 0x31, 0x74, 0x31, 0x73, 0x29, 0x71, 0x21, 0x6F, 0x19, 0x6D, 0x19, 0x6C, 0x11,
    0x6B, 0x11, 0x6B, 0x19, 0x0D, 0x19, 0x0D, 0x19, 0x0D, 0x19, 0x0D, 0x19, 0x0E, 0x19, 0x0E, 0x19,
    0x0E, 0x19, 0x0E, 0x19, 0x0A, 0x19, 0xE6, 0x20, 0x07, 0x21, 0x27, 0x29, 0x28, 0x29, 0x48, 0x31,
    0x69, 0x31, 0x69, 0x31, 0x69, 0x31, 0x69, 0x31, 0x69, 0x31, 0xA8, 0x29, 0xA8, 0x29, 0xA8, 0x29,
    0xA8, 0x29, 0xC5, 0x18, 0x63, 0x10, 0x42, 0x08, 0x4A, 0x29, 0xAB, 0x39, 0x55, 0xA5, 0xFD, 0xD6,
    0x9B, 0xCE, 0xBC, 0xD6, 0xF9, 0xBD, 0xD4, 0x94, 0xF4, 0x94, 0xD4, 0x94, 0xF4, 0x94, 0xF4, 0x9C,
    0xD4, 0x94, 0xD4, 0x94, 0xD4, 0x94, 0xD4, 0x94, 0xD4, 0x94, 0xD4, 0x94, 0xF4, 0x94, 0x3A, 0xC6,
    0xBC, 0xCE, 0xFD, 0xDE, 0x92, 0x8C, 0x8B, 0x31, 0x08, 0x21, 0x01, 0x00, 0x23, 0x08, 0x43, 0x08,
    0x63, 0x08, 0x63, 0x08, 0x63, 0x08, 0x63, 0x10, 0xA4, 0x18, 0xA5, 0x18, 0xC9, 0x39, 0x2A, 0x4A,
    0x09, 0x42, 0xE9, 0x41, 0xC8, 0x39, 0x88, 0x31, 0x67, 0x31, 0x26, 0x29, 0x28, 0x29, 0x4B, 0x29,
    0x2A, 0x29, 0x0A, 0x21, 0xEA, 0x20, 0xEA, 0x18, 0xEA, 0x18, 0xEA, 0x18, 0xEA, 0x18, 0xCE, 0x18,
    0xB3, 0x18, 0xB3, 0x18, 0xB4, 0x18, 0xB4, 0x18, 0xD4, 0x18, 0xD4, 0x10, 0xD5, 0x10, 0xF5, 0x10,
    0xF6, 0x10, 0xF6, 0x10, 0xF3, 0x10, 0xF0, 0x10, 0xCD, 0x10, 0xCA, 0x18, 0xC9, 0x18, 0xC9, 0x18,
    0xC9, 0x18, 0xC9, 0x18, 0xC9, 0x18, 0xCB, 0x18, 0xED, 0x18, 0x10, 0x19, 0x53, 0x19, 0x74, 0x21,
    0x75, 0x29, 0x75, 0x31, 0x75, 0x31, 0x73, 0x29, 0x71, 0x21, 0x6F, 0x21, 0x6D, 0x19, 0x6C, 0x11,
    0x6B, 0x11, 0x0D, 0x19, 0x0D, 0x19, 0x0D, 0x19, 0x0D, 0x19, 0x0D, 0x19, 0x0E, 0x19, 0x0D, 0x19,
    0x0E, 0x19, 0x0C, 0x19, 0xE6, 0x18, 0xE6, 0x20, 0x07, 0x21, 0x27, 0x29, 0x28, 0x29, 0x48, 0x31,
    0x49, 0x31, 0x49, 0x31, 0x69, 0x31, 0x49, 0x31, 0x68, 0x31, 0xA8, 0x29, 0xA8, 0x29, 0xA8, 0x29,
    0x68, 0x29, 0x64, 0x10, 0x63, 0x10, 0x63, 0x10, 0xAD, 0x39, 0x2B, 0x42, 0x7A, 0xC6, 0xBC, 0xD6,
    0xBB, 0xCE, 0xBC, 0xD6, 0x77, 0xAD, 0xD4, 0x94, 0xF4, 0x94, 0xD4, 0x94, 0xF4, 0x94, 0xF4, 0x94,
    0xD4, 0x94, 0xF4, 0x94, 0xD4, 0x94, 0xD4, 0x94, 0xD4, 0x94, 0xD4, 0x94, 0xB3, 0x94, 0xB8, 0xB5,
    0xDC, 0xD6, 0xDC, 0xD6, 0x39, 0xBE, 0xEA, 0x39, 0x8C, 0x31, 0x02, 0x08, 0x23, 0x08, 0x23, 0x08,
    0x63, 0x08, 0x63, 0x08, 0x63, 0x08, 0x63, 0x08, 0xA4, 0x10, 0xC5, 0x18, 0x09, 0x42, 0x4B, 0x4A,
    0x0A, 0x42, 0x09, 0x42, 0xE9, 0x39, 0xA8, 0x39, 0x88, 0x31, 0x67, 0x29, 0x26, 0x29, 0x4A, 0x29,
    0x4B, 0x29, 0x2B, 0x21, 0x0A, 0x21, 0xEA, 0x18, 0xEA, 0x18, 0xEA, 0x18, 0xEA, 0x18, 0xEA, 0x18,
    0xCF, 0x18, 0xB4, 0x18, 0xB4, 0x18, 0xD4, 0x18, 0xD4, 0x10, 0xD4, 0x10, 0xD5, 0x10, 0xF5, 0x10,
    0xF5, 0x10, 0xF5, 0x10, 0xF6, 0x08, 0x17, 0x09, 0x16, 0x09, 0x15, 0x09, 0x14, 0x09, 0x12, 0x09,
    0x12, 0x09, 0x11, 0x09, 0x12, 0x09, 0x32, 0x09, 0x33, 0x09, 0x33, 0x11, 0x53, 0x19, 0x53, 0x21,
    0x74, 0x29, 0x75, 0x31, 0x75, 0x31, 0x74, 0x31, 0x72, 0x29, 0x70, 0x21, 0x6E, 0x19, 0x6C, 0x19,
    0x0D, 0x19, 0x0D, 0x19, 0x0D, 0x19, 0x0D, 0x19, 0x0D, 0x19, 0x0D, 0x19, 0x0E, 0x19, 0x0E, 0x19,
    0x0E, 0x19, 0xE8, 0x18, 0xE5, 0x18, 0xE6, 0x20, 0x07, 0x21, 0x28, 0x29, 0x28, 0x29, 0x48, 0x31,
    0x49, 0x31, 0x49, 0x31, 0x49, 0x31, 0x49, 0x31, 0x88, 0x29, 0xA8, 0x29, 0xA8, 0x29, 0xA8, 0x29,
    0x06, 0x19, 0x43, 0x08, 0x43, 0x08, 0xC6, 0x18, 0xCD, 0x39, 0x8E, 0x6B, 0x1D, 0xDF, 0xBB, 0xCE,
    0xBC, 0xD6, 0x9B, 0xCE, 0x15, 0x9D, 0xD4, 0x94, 0xD4, 0x94, 0xD4, 0x94, 0xF4, 0x94, 0xD4, 0x94,
    0xD4, 0x94, 0xD4, 0x94, 0xD4, 0x94, 0xD4, 0x94, 0xD4, 0x94, 0xD4, 0x94, 0xB4, 0x94, 0x36, 0xA5,
    0xBC, 0xD6, 0xBC, 0xD6, 0x1D, 0xDF, 0x2D, 0x63, 0x6C, 0x31, 0x85, 0x10, 0x22, 0x08, 0x23, 0x08,
    0x43, 0x08, 0x63, 0x08, 0x63, 0x08, 0x63, 0x08, 0x83, 0x10, 0xA5, 0x18, 0x0A, 0x42, 0x6B, 0x52,
    0x2A, 0x4A, 0x0A, 0x42, 0xE9, 0x41, 0xC9, 0x39, 0xA8, 0x31, 0x87, 0x31, 0x46, 0x29, 0x27, 0x29,
    0x4B, 0x29, 0x4B, 0x29, 0x2B, 0x21, 0x0A, 0x21, 0xEA, 0x18, 0xEA, 0x18, 0xEA, 0x18, 0xEA, 0x18,
    0xEA, 0x18, 0xCF, 0x18, 0xB4, 0x18, 0xD4, 0x18, 0xD4, 0x10, 0xD4, 0x10, 0xD5, 0x10, 0xF5, 0x10,
    0xF5, 0x10, 0xF5, 0x10, 0xF6, 0x08, 0x16, 0x09, 0x16, 0x09, 0x17, 0x09, 0x17, 0x09, 0x36, 0x09,
    0x35, 0x09, 0x35, 0x09, 0x34, 0x09, 0x33, 0x09, 0x32, 0x09, 0x32, 0x11, 0x52, 0x11, 0x52, 0x19,
    0x53, 0x21, 0x74, 0x29, 0x75, 0x31, 0x74, 0x31, 0x73, 0x29, 0x71, 0x29, 0x6F, 0x21, 0x0E, 0x19,
    0xEE, 0x18, 0x0D, 0x19, 0x0D, 0x19, 0x0D, 0x19, 0x0D, 0x19, 0x0D, 0x19, 0x0D, 0x19, 0x0E, 0x19,
    0xEB, 0x18, 0xC5, 0x18, 0xE6, 0x18, 0x07, 0x21, 0x07, 0x21, 0x28, 0x29, 0x28, 0x29, 0x48, 0x29,
    0x49, 0x31, 0x49, 0x31, 0x49, 0x31, 0x68, 0x29, 0x88, 0x29, 0x88, 0x29, 0xA8, 0x29, 0x88, 0x29,
    0x84, 0x10, 0x43, 0x10, 0x22, 0x08, 0x4A, 0x29, 0xAA, 0x31, 0x55, 0xA5, 0xFD, 0xDE, 0xBB, 0xCE,
    0xDC, 0xD6, 0x39, 0xBE, 0xD4, 0x94, 0xD4, 0x94, 0xD4, 0x94, 0xD4, 0x94, 0xD4, 0x94, 0xD4, 0x94,
    0xD4, 0x94, 0xD4, 0x94, 0xD4, 0x94, 0xD4, 0x94, 0xB4, 0x94, 0xD4, 0x94, 0xD4, 0x94, 0xD4, 0x94,
    0x5A, 0xC6, 0xDC, 0xD6, 0x1D, 0xDF, 0x34, 0x9D, 0x8A, 0x31, 0x4A, 0x29, 0x01, 0x00, 0x23, 0x08,
    0x43, 0x08, 0x63, 0x08, 0x63, 0x08, 0x63, 0x10, 0x83, 0x10, 0xA4, 0x10, 0x09, 0x42, 0x8B, 0x52,
    0x4B, 0x4A, 0x2A, 0x4A, 0x0A, 0x42, 0xE9, 0x41, 0xC9, 0x39, 0x88, 0x31, 0x67, 0x31, 0x46, 0x29,
    0x48, 0x29, 0x6B, 0x29, 0x4B, 0x29, 0x2B, 0x21, 0x0A, 0x21, 0xEA, 0x18, 0xEA, 0x18, 0xEA, 0x18,
    0xEA, 0x18, 0xEA, 0x18, 0xCE, 0x18, 0xD3, 0x18, 0xD5, 0x10, 0xD5, 0x10, 0xF5, 0x10, 0xF5, 0x10,
    0xF5, 0x10, 0xF6, 0x08, 0x16, 0x09, 0x16, 0x09, 0x16, 0x09, 0x16, 0x09, 0x16, 0x09, 0x35, 0x09,
    0x35, 0x09, 0x34, 0x09, 0x33, 0x09, 0x33, 0x09, 0x32, 0x09, 0x31, 0x09, 0x51, 0x11, 0x52, 0x19,
    0x52, 0x21, 0x73, 0x29, 0x74, 0x31, 0x74, 0x31, 0x73, 0x31, 0x72, 0x29, 0x30, 0x29, 0x0F, 0x21,
    0x0E, 0x19, 0xED, 0x18, 0x0D, 0x19, 0x0D, 0x19, 0x0D, 0x19, 0x0D, 0x19, 0x0E, 0x19, 0xEC, 0x18,
    0xC6, 0x18, 0xC5, 0x18, 0xE6, 0x20, 0x07, 0x21, 0x07, 0x29, 0x28, 0x29, 0x28, 0x29, 0x48, 0x29,
    0x48, 0x31, 0x48, 0x31, 0x48, 0x29, 0x68, 0x29, 0x88, 0x29, 0x88, 0x29, 0xA8, 0x29, 0x27, 0x21,
    0x43, 0x08, 0x43, 0x08, 0x43, 0x10, 0xAD, 0x39, 0x6B, 0x4A, 0xBB, 0xD6, 0xDC, 0xD6, 0xBC, 0xD6,
    0xDC, 0xD6, 0x77, 0xAD, 0xB3, 0x94, 0xD4, 0x94, 0xD4, 0x94, 0xD4, 0x94, 0xD4, 0x94, 0xD4, 0x94,
    0xD4, 0x94, 0xD4, 0x94, 0xD4, 0x94, 0xD4, 0x94, 0xD4, 0x94, 0xD4, 0x94, 0xD4, 0x94, 0xB3, 0x8C,
    0xB7, 0xAD, 0xFC, 0xD6, 0xDC, 0xD6, 0xDC, 0xD6, 0x6B, 0x4A, 0x8C, 0x31, 0x23, 0x08, 0x22, 0x08,
    0x23, 0x08, 0x63, 0x08, 0x63, 0x08, 0x63, 0x08, 0x83, 0x10, 0x63, 0x08, 0xC9, 0x39, 0xAC, 0x5A,
    0x6B, 0x52, 0x4B, 0x4A, 0x2A, 0x4A, 0x0A, 0x42, 0xE9, 0x41, 0xA8, 0x39, 0x88, 0x31, 0x67, 0x29,
    0x26, 0x29, 0x49, 0x29, 0x4C, 0x29, 0x2B, 0x29, 0x0B, 0x21, 0x0B, 0x21, 0xEA, 0x18, 0xEA, 0x18,
    0xEA, 0x18, 0xEB, 0x18, 0xEA, 0x18, 0xEC, 0x18, 0xD2, 0x18, 0xD5, 0x10, 0xF5, 0x10, 0xF5, 0x10,
    0xF5, 0x10, 0xF6, 0x08, 0x16, 0x09, 0x16, 0x09, 0x16, 0x09, 0x17, 0x09, 0x36, 0x09, 0x35, 0x09,
    0x34, 0x09, 0x34, 0x09, 0x33, 0x09, 0x32, 0x09, 0x32, 0x09, 0x31, 0x09, 0x31, 0x11, 0x51, 0x11,
    0x51, 0x19, 0x52, 0x21, 0x73, 0x29, 0x74, 0x31, 0x54, 0x31, 0x33, 0x31, 0x31, 0x29, 0x10, 0x21,
    0x0F, 0x21, 0x0E, 0x19, 0x0D, 0x19, 0xED, 0x18, 0xED, 0x18, 0xEE, 0x18, 0xED, 0x18, 0xC7, 0x10,
    0xC5, 0x18, 0xE6, 0x18, 0xE6, 0x20, 0x07, 0x21, 0x28, 0x29, 0x28, 0x29, 0x28, 0x29, 0x48, 0x29,
    0x48, 0x31, 0x48, 0x31, 0x48, 0x29, 0x88, 0x29, 0x88, 0x29, 0x88, 0x29, 0x88, 0x29, 0xA4, 0x10,
    0x43, 0x08, 0x22, 0x08, 0xE8, 0x20, 0xAC, 0x31, 0x51, 0x84, 0x3E, 0xDF, 0xBC, 0xD6, 0xDC, 0xD6,
    0x9B, 0xCE, 0xF5, 0x9C, 0xD4, 0x94, 0xD4, 0x94, 0xD4, 0x94, 0xB4, 0x94, 0xB4, 0x94, 0xB4, 0x94,
    0xD4, 0x94, 0xD4, 0x94, 0xD4, 0x94, 0xD4, 0x94, 0xD4, 0x94, 0xB3, 0x94, 0xB4, 0x94, 0xB3, 0x8C,
    0xF4, 0x9C, 0xBB, 0xCE, 0xDC, 0xD6, 0x3E, 0xE7, 0x51, 0x84, 0x6B, 0x29, 0x08, 0x21, 0x01, 0x00,
    0x23, 0x08, 0x43, 0x08, 0x63, 0x08, 0x63, 0x08, 0x83, 0x10, 0x63, 0x08, 0x67, 0x29, 0xAC, 0x5A,
    0x8B, 0x52, 0x6B, 0x52, 0x4A, 0x4A, 0x2A, 0x4A, 0x0A, 0x42, 0xE9, 0x39, 0xA8, 0x39, 0x88, 0x31,
    0x47, 0x29, 0x26, 0x29, 0x4A, 0x29, 0x4C, 0x29, 0x2B, 0x21, 0x0B, 0x21, 0xEB, 0x18, 0xEA, 0x18,
    0xEA, 0x18, 0xEB, 0x18, 0xEB, 0x18, 0xEB, 0x18, 0xEB, 0x18, 0xEF, 0x18, 0xF3, 0x10, 0xF6, 0x10,
    0xF6, 0x08, 0x16, 0x09, 0x16, 0x09, 0x16, 0x09, 0x16, 0x09, 0x16, 0x09, 0x36, 0x09, 0x35, 0x09,
    0x34, 0x09, 0x34, 0x09, 0x33, 0x09, 0x32, 0x09, 0x32, 0x09, 0x31, 0x09, 0x50, 0x11, 0x50, 0x11,
    0x51, 0x19, 0x51, 0x21, 0x52, 0x29, 0x33, 0x31, 0x34, 0x31, 0x33, 0x31, 0x32, 0x31, 0x11, 0x29,
    0x0F, 0x21, 0x0E, 0x19, 0x0E, 0x19, 0x0E, 0x19, 0x0E, 0x19, 0xEE, 0x18, 0xC8, 0x10, 0xC5, 0x18,
    0xC6, 0x18, 0xE6, 0x18, 0xE7, 0x20, 0x07, 0x21, 0x28, 0x29, 0x28, 0x29, 0x28, 0x29, 0x28, 0x29,
    0x28, 0x29, 0x28, 0x29, 0x68, 0x29, 0x88, 0x29, 0x88, 0x29, 0xA8, 0x29, 0x27, 0x21, 0x43, 0x08,
    0x43, 0x08, 0x22, 0x08, 0xAD, 0x31, 0xC9, 0x39, 0x59, 0xC6, 0xFD, 0xDE, 0xDC, 0xD6, 0xFC, 0xDE,
    0xF9, 0xBD, 0xB3, 0x8C, 0xD4, 0x94, 0xB4, 0x94, 0xB4, 0x94, 0xB4, 0x94, 0xB4, 0x94, 0xD4, 0x94,
    0xB4, 0x94, 0xB3, 0x94, 0xB4, 0x94, 0xB4, 0x94, 0xD4, 0x94, 0xB3, 0x94, 0xB3, 0x8C, 0xB3, 0x94,
    0x93, 0x8C, 0x19, 0xBE, 0xFC, 0xDE, 0xFC, 0xD6, 0x7A, 0xCE, 0x0A, 0x42, 0x8D, 0x31, 0x22, 0x08,
    0x22, 0x08, 0x23, 0x08, 0x63, 0x08, 0x83, 0x08, 0x83, 0x10, 0x63, 0x08, 0xE5, 0x18, 0xAC, 0x52,
    0xAC, 0x52, 0x8B, 0x52, 0x6B, 0x52, 0x4A, 0x4A, 0x2A, 0x42, 0xE9, 0x41, 0xC9, 0x39, 0xA8, 0x31,
    0x67, 0x31, 0x47, 0x29, 0x26, 0x21, 0x4A, 0x29, 0x4C, 0x29, 0x2B, 0x21, 0x0B, 0x21, 0xEB, 0x18,
    0xEB, 0x18, 0xEB, 0x18, 0xEB, 0x18, 0xEB, 0x18, 0xEB, 0x18, 0xEB, 0x18, 0xEC, 0x18, 0xEF, 0x10,
    0xF3, 0x10, 0x15, 0x09, 0x16, 0x09, 0x17, 0x09, 0x17, 0x09, 0x16, 0x09, 0x36, 0x09, 0x35, 0x09,
    0x34, 0x09, 0x34, 0x09, 0x33, 0x09, 0x32, 0x09, 0x32, 0x09, 0x51, 0x09, 0x50, 0x09, 0x2F, 0x11,
    0x2F, 0x19, 0x0F, 0x21, 0x11, 0x29, 0x32, 0x31, 0x34, 0x31, 0x34, 0x31, 0x33, 0x31, 0x32, 0x29,
    0x10, 0x21, 0x0F, 0x19, 0xEE, 0x18, 0xEE, 0x18, 0x0E, 0x19, 0xC9, 0x10, 0xA5, 0x10, 0xC6, 0x18,
    0xE6, 0x18, 0xE6, 0x20, 0x07, 0x21, 0x07, 0x29, 0x28, 0x29, 0x28, 0x29, 0x28, 0x29, 0x28, 0x29,
    0x28, 0x29, 0x48, 0x29, 0x88, 0x29, 0x88, 0x29, 0x88, 0x29, 0x88, 0x29, 0x84, 0x10, 0x23, 0x08,
    0x22, 0x08, 0xC7, 0x20, 0x8C, 0x31, 0x8E, 0x73, 0x3E, 0xE7, 0xDC, 0xD6, 0xDC, 0xD6, 0xDC, 0xD6,
    0x35, 0xA5, 0xB3, 0x8C, 0xB4, 0x94, 0xB3, 0x94, 0xB3, 0x94, 0xB4, 0x94, 0xB4, 0x94, 0xD4, 0x94,
    0xB4, 0x94, 0xB4, 0x94, 0xB4, 0x94, 0xB4, 0x94, 0xB4, 0x94, 0xB3, 0x94, 0x93, 0x8C, 0xB3, 0x94,
    0xB3, 0x8C, 0x36, 0xA5, 0xDC, 0xD6, 0xDC, 0xD6, 0x5E, 0xE7, 0x10, 0x7C, 0x6B, 0x29, 0xE8, 0x20,
    0x01, 0x00, 0x23, 0x08, 0x43, 0x08, 0x83, 0x10, 0x83, 0x10, 0x83, 0x10, 0x84, 0x10, 0x2A, 0x42,
    0xCC, 0x5A, 0x8C, 0x52, 0x6B, 0x52, 0x6B, 0x4A, 0x2A, 0x4A, 0x0A, 0x42, 0xE9, 0x41, 0xC9, 0x39,
    0xA8, 0x31, 0x67, 0x31, 0x46, 0x29, 0x26, 0x21, 0x4A, 0x29, 0x4C, 0x29, 0x2B, 0x21, 0x0B, 0x21,
    0xEB, 0x18, 0xEB, 0x18, 0xEB, 0x18, 0xEB, 0x18, 0xEB, 0x18, 0xEB, 0x18, 0xEB, 0x18, 0xEB, 0x18,
    0xEB, 0x18, 0xED, 0x18, 0xF0, 0x10, 0x13, 0x11, 0x15, 0x09, 0x15, 0x09, 0x35, 0x09, 0x34, 0x09,
    0x34, 0x09, 0x33, 0x09, 0x32, 0x09, 0x31, 0x09, 0x30, 0x11, 0x0F, 0x11, 0x0E, 0x11, 0xED, 0x18,
    0xED, 0x18, 0x0E, 0x21, 0x10, 0x21, 0x32, 0x29, 0x33, 0x31, 0x34, 0x31, 0x34, 0x31, 0x32, 0x31,
    0x11, 0x29, 0x0F, 0x21, 0xEF, 0x18, 0xEE, 0x18, 0xC9, 0x10, 0xA4, 0x10, 0xC5, 0x18, 0xC6, 0x18,
    0xE6, 0x20, 0x07, 0x21, 0x07, 0x21, 0x28, 0x29, 0x28, 0x29, 0x28, 0x29, 0x28, 0x29, 0x28, 0x29,
    0x48, 0x29, 0x88, 0x29, 0x88, 0x29, 0x88, 0x29, 0x88, 0x29, 0x06, 0x19, 0x23, 0x08, 0x43, 0x08,
    0x22, 0x08, 0x8C, 0x31, 0xA9, 0x31, 0x39, 0xC6, 0x1D, 0xDF, 0xDC, 0xD6, 0xFD, 0xDE, 0x5A, 0xC6,
    0xB3, 0x94, 0xB3, 0x8C, 0xB3, 0x94, 0xB4, 0x94, 0xB3, 0x94, 0xB3, 0x94, 0xB3, 0x94, 0xB3, 0x94,
    0x93, 0x8C, 0xB3, 0x8C, 0xB3, 0x94, 0xB3, 0x8C, 0xD4, 0x94, 0xB3, 0x8C, 0xB3, 0x8C, 0xB3, 0x94,
    0xB3, 0x94, 0xB3, 0x94, 0x5A, 0xC6, 0x1D, 0xDF, 0x1D, 0xDF, 0x7A, 0xCE, 0xC9, 0x39, 0xAD, 0x31,
    0x22, 0x08, 0x23, 0x08, 0x23, 0x08, 0x63, 0x08, 0x83, 0x10, 0x84, 0x10, 0x63, 0x08, 0x67, 0x29,
    0xCC, 0x5A, 0xAC, 0x5A, 0x8C, 0x52, 0x6B, 0x52, 0x4B, 0x4A, 0x2A, 0x4A, 0x0A, 0x42, 0xE9, 0x39,
    0xC8, 0x39, 0x88, 0x31, 0x67, 0x31, 0x46, 0x29, 0x26, 0x21, 0x4A, 0x21, 0x4C, 0x29, 0x2B, 0x21,
    0x0B, 0x19, 0xEB, 0x18, 0xEB, 0x18, 0xEB, 0x18, 0xEB, 0x18, 0xEB, 0x18, 0xEB, 0x18, 0xEB, 0x18,
    0xEB, 0x18, 0xEB, 0x18, 0xEB, 0x18, 0xEB, 0x18, 0xEC, 0x18, 0xED, 0x18, 0xEE, 0x10, 0xEE, 0x10,
    0xEE, 0x10, 0xEE, 0x10, 0xED, 0x18, 0xED, 0x18, 0xEC, 0x18, 0xEC, 0x18, 0xEC, 0x18, 0xED, 0x18,
    0xED, 0x18, 0xEE, 0x18, 0x0F, 0x21, 0x11, 0x29, 0x32, 0x31, 0x34, 0x31, 0x34, 0x31, 0x33, 0x31,
    0x32, 0x29, 0x11, 0x21, 0x0F, 0x19, 0xC9, 0x10, 0xA5, 0x10, 0xC5, 0x18, 0xC6, 0x18, 0xE6, 0x18,
    0xE6, 0x20, 0x07, 0x21, 0x07, 0x29, 0x08, 0x29, 0x28, 0x29, 0x28, 0x29, 0x28, 0x29, 0x28, 0x29,
    0x68, 0x29, 0x88, 0x29, 0x88, 0x29, 0x88, 0x29, 0x68, 0x21, 0x64, 0x10, 0x23, 0x08, 0x22, 0x08,
    0xC7, 0x18, 0x8C, 0x31, 0xAE, 0x73, 0x5E, 0xE7, 0xDC, 0xD6, 0xFC, 0xDE, 0xFD, 0xDE, 0x56, 0xA5,
    0x93, 0x8C, 0xB4, 0x94, 0xB3, 0x94, 0xB3, 0x94, 0xB3, 0x8C, 0xB3, 0x8C, 0xB3, 0x94, 0xB3, 0x94,
    0xB3, 0x8C, 0xB3, 0x8C, 0xB3, 0x8C, 0xB3, 0x94, 0xB4, 0x94, 0xB3, 0x94, 0x93, 0x8C, 0xB3, 0x8C,
    0xB3, 0x8C, 0x93, 0x8C, 0x76, 0xA5, 0x1D, 0xDF, 0xDC, 0xD6, 0x5E, 0xE7, 0x31, 0x84, 0x6A, 0x29,
    0x29, 0x21, 0x01, 0x00, 0x23, 0x08, 0x23, 0x08, 0x64, 0x10, 0x83, 0x10, 0x83, 0x10, 0xA4, 0x10,
    0x6B, 0x4A, 0xCC, 0x5A, 0xAC, 0x5A, 0x8B, 0x52, 0x6B, 0x52, 0x4B, 0x4A, 0x2A, 0x4A, 0x0A, 0x42,
    0xE9, 0x39, 0xC8, 0x39, 0x88, 0x31, 0x67, 0x29, 0x46, 0x29, 0x06, 0x21, 0x29, 0x21, 0x2C, 0x21,
    0x2C, 0x21, 0x0B, 0x19, 0xEB, 0x18, 0xEB, 0x18, 0xEB, 0x18, 0xEB, 0x18, 0xEB, 0x18, 0xEB, 0x18,
    0xEC, 0x18, 0xEC, 0x18, 0xEC, 0x18, 0xEC, 0x18, 0xEC, 0x18, 0xEC, 0x18, 0xEC, 0x18, 0xEC, 0x18,
    0xEC, 0x18, 0xEC, 0x18, 0xEC, 0x18, 0xEC, 0x18, 0xEC, 0x18, 0xED, 0x18, 0xED, 0x18, 0xED, 0x18,
    0xED, 0x18, 0xEE, 0x18, 0x0F, 0x19, 0x10, 0x21, 0x12, 0x29, 0x33, 0x31, 0x34, 0x31, 0x34, 0x31,
    0x33, 0x29, 0x10, 0x29, 0xCA, 0x18, 0xA6, 0x18, 0xC6, 0x18, 0xC6, 0x18, 0xE6, 0x18, 0xE6, 0x20,
    0xE7, 0x20, 0x07, 0x21, 0x08, 0x29, 0x28, 0x29, 0x28, 0x29, 0x28, 0x29, 0x28, 0x29, 0x48, 0x29,
    0x88, 0x21, 0x88, 0x21, 0x88, 0x29, 0x88, 0x29, 0xC5, 0x18, 0x22, 0x08, 0x23, 0x08, 0x22, 0x08,
    0x8C, 0x31, 0xC9, 0x31, 0x59, 0xC6, 0x1D, 0xDF, 0xFC, 0xDE, 0x1D, 0xDF, 0x7A, 0xCE, 0xB3, 0x94,
    0xB3, 0x8C, 0xB4, 0x94, 0xB3, 0x94, 0xB3, 0x94, 0x93, 0x8C, 0xB3, 0x8C, 0xB3, 0x8C, 0xB3, 0x94,
    0xB3, 0x8C, 0x93, 0x8C, 0x93, 0x8C, 0xB3, 0x94, 0xB3, 0x94, 0xB3, 0x94, 0x93, 0x8C, 0xB3, 0x8C,
    0xB3, 0x8C, 0x93, 0x8C, 0xB3, 0x8C, 0x5A, 0xC6, 0x1D, 0xDF, 0xFD, 0xDE, 0xFC, 0xDE, 0x4A, 0x42,
    0xAD, 0x31, 0x43, 0x10, 0x22, 0x08, 0x22, 0x08, 0x43, 0x08, 0x84, 0x10, 0x84, 0x10, 0x83, 0x08,
    0x67, 0x29, 0xEC, 0x5A, 0xAC, 0x5A, 0xAC, 0x5A, 0x8C, 0x52, 0x6B, 0x52, 0x4B, 0x4A, 0x2A, 0x4A,
    0x09, 0x42, 0xC9, 0x39, 0xA8, 0x39, 0x88, 0x31, 0x67, 0x29, 0x46, 0x29, 0x06, 0x21, 0x07, 0x21,
    0x2B, 0x21, 0x2C, 0x21, 0xEB, 0x18, 0xEB, 0x18, 0xEB, 0x18, 0xEB, 0x18, 0xEB, 0x18, 0xEC, 0x18,
    0xEC, 0x18, 0xEC, 0x18, 0xEC, 0x18, 0xEC, 0x18, 0xEC, 0x18, 0xEC, 0x18, 0xEC, 0x18, 0xEC, 0x18,
    0xEC, 0x18, 0xEC, 0x18, 0xEC, 0x18, 0xED, 0x18, 0xED, 0x18, 0xED, 0x18, 0xED, 0x18, 0xED, 0x18,
    0xED, 0x18, 0xED, 0x18, 0xEE, 0x18, 0x0F, 0x21, 0x11, 0x29, 0x32, 0x29, 0x34, 0x31, 0x34, 0x31,
    0x11, 0x31, 0xEC, 0x28, 0xC9, 0x20, 0xC7, 0x18, 0xC6, 0x18, 0xE6, 0x18, 0xE6, 0x20, 0xE7, 0x20,
    0x07, 0x21, 0x07, 0x29, 0x08, 0x29, 0x28, 0x29, 0x28, 0x29, 0x28, 0x29, 0x28, 0x29, 0x67, 0x21,
    0x88, 0x21, 0x88, 0x21, 0x88, 0x29, 0x27, 0x21, 0x23, 0x08, 0x23, 0x08, 0x01, 0x00, 0x29, 0x21,
    0x8B, 0x29, 0x51, 0x84, 0x5E, 0xE7, 0xFC, 0xDE, 0xFD, 0xDE, 0x1D, 0xDF, 0x56, 0xA5, 0x73, 0x8C,
    0xB3, 0x94, 0x93, 0x8C, 0x93, 0x8C, 0x93, 0x8C, 0x93, 0x8C, 0x93, 0x8C, 0xB3, 0x8C, 0xB3, 0x8C,
    0x93, 0x8C, 0x93, 0x8C, 0x93, 0x8C, 0x93, 0x8C, 0x93, 0x8C, 0x93, 0x8C, 0xB3, 0x94, 0xB3, 0x8C,
    0x93, 0x8C, 0xB3, 0x8C, 0x93, 0x8C, 0x36, 0xA5, 0x1D, 0xDF, 0xFC, 0xDE, 0x5E, 0xE7, 0x34, 0xA5,
    0x69, 0x29, 0x6B, 0x29, 0x01, 0x00, 0x23, 0x08, 0x23, 0x08, 0x64, 0x08, 0x84, 0x10, 0x84, 0x10,
    0xA4, 0x10, 0x2A, 0x42, 0xEC, 0x5A, 0xAC, 0x5A, 0xAC, 0x52, 0x8B, 0x52, 0x6B, 0x4A, 0x4B, 0x4A,
    0x2A, 0x42, 0xE9, 0x41, 0xC9, 0x39, 0xA8, 0x39, 0x88, 0x31, 0x67, 0x29, 0x26, 0x21, 0x05, 0x21,
    0xE6, 0x18, 0x09, 0x19, 0x0C, 0x21, 0xEC, 0x18, 0xEB, 0x18, 0xEB, 0x18, 0xEB, 0x18, 0xEC, 0x18,
    0xEC, 0x18, 0xEC, 0x18, 0xEC, 0x18, 0xEC, 0x18, 0xEC, 0x18, 0xEC, 0x18, 0xEC, 0x18, 0xEC, 0x18,
    0xEC, 0x18, 0xEC, 0x18, 0xED, 0x18, 0xED, 0x18, 0xED, 0x18, 0xED, 0x18, 0xED, 0x18, 0xED, 0x18,
    0xED, 0x18, 0xED, 0x18, 0xEE, 0x18, 0x0F, 0x19, 0x10, 0x21, 0x12, 0x29, 0x32, 0x29, 0x10, 0x31,
    0xED, 0x30, 0xEC, 0x28, 0xEA, 0x28, 0xE9, 0x20, 0xE7, 0x20, 0xE7, 0x20, 0x07, 0x21, 0x07, 0x21,
    0x07, 0x29, 0x08, 0x29, 0x28, 0x29, 0x28, 0x29, 0x28, 0x29, 0x28, 0x29, 0x67, 0x21, 0x88, 0x21,
    0x88, 0x21, 0x88, 0x29, 0x68, 0x21, 0x64, 0x10, 0x22, 0x08, 0x22, 0x08, 0x64, 0x10, 0xAD, 0x31,
    0x29, 0x42, 0xFC, 0xDE, 0x1D, 0xDF, 0xFD, 0xDE, 0x3D, 0xDF, 0x7A, 0xCE, 0x93, 0x8C, 0x93, 0x8C,
    0xB3, 0x8C, 0x93, 0x8C, 0x93, 0x8C, 0xB3, 0x8C, 0xB3, 0x94, 0xB3, 0x94, 0x93, 0x8C, 0xB3, 0x8C,
    0x93, 0x8C, 0x93, 0x8C, 0x93, 0x8C, 0x93, 0x8C, 0x93, 0x8C, 0x93, 0x8C, 0x93, 0x8C, 0x93, 0x8C,
    0x93, 0x8C, 0x93, 0x8C, 0x93, 0x8C, 0x73, 0x8C, 0x19, 0xBE, 0x3D, 0xE7, 0xFC, 0xDE, 0x5E, 0xE7,
    0x4D, 0x63, 0x8C, 0x29, 0xC7, 0x18, 0x02, 0x00, 0x23, 0x08, 0x23, 0x08, 0x84, 0x10, 0xA4, 0x10,
    0x84, 0x10, 0x05, 0x19, 0xAB, 0x52, 0xCC, 0x5A, 0xAC, 0x5A, 0x8C, 0x52, 0x8B, 0x52, 0x6B, 0x4A,
    0x2A, 0x4A, 0x0A, 0x42, 0xE9, 0x41, 0xC9, 0x39, 0xA8, 0x39, 0x88, 0x31, 0x67, 0x29, 0x26, 0x29,
    0x06, 0x21, 0xE5, 0x18, 0xE6, 0x18, 0xE9, 0x18, 0xEB, 0x18, 0xEC, 0x18, 0xEC, 0x18, 0xEC, 0x18,
    0xEC, 0x18, 0xEC, 0x18, 0xEC, 0x18, 0xEC, 0x18, 0xEC, 0x18, 0xEC, 0x18, 0xEC, 0x18, 0xEC, 0x18,
    0xEC, 0x18, 0xEC, 0x18, 0xED, 0x18, 0xED, 0x18, 0xED, 0x18, 0xED, 0x18, 0xED, 0x18, 0xED, 0x18,
    0xED, 0x18, 0xED, 0x18, 0xEE, 0x18, 0xEF, 0x18, 0xEE, 0x18, 0xED, 0x20, 0xEC, 0x28, 0xED, 0x28,
    0x0E, 0x31, 0x0D, 0x31, 0x0C, 0x29, 0xEA, 0x28, 0xE8, 0x20, 0x08, 0x21, 0x07, 0x21, 0x07, 0x29,
    0x08, 0x29, 0x28, 0x29, 0x28, 0x29, 0x28, 0x29, 0x28, 0x29, 0x67, 0x21, 0x87, 0x21, 0x88, 0x21,
    0x88, 0x21, 0x88, 0x29, 0xC5, 0x10, 0x22, 0x08, 0x23, 0x08, 0x02, 0x08, 0x8C, 0x31, 0x69, 0x29,
    0x75, 0xAD, 0x5E, 0xE7, 0xFC, 0xDE, 0x1D, 0xDF, 0x1D, 0xDF, 0x36, 0xA5, 0x93, 0x8C, 0x93, 0x8C,
    0x93, 0x8C, 0x93, 0x8C, 0x93, 0x8C, 0x93, 0x8C, 0x93, 0x8C, 0x93, 0x8C, 0x93, 0x8C, 0x93, 0x8C,
    0xB3, 0x94, 0x93, 0x8C, 0x93, 0x8C, 0x93, 0x8C, 0x93, 0x8C, 0x93, 0x8C, 0x93, 0x8C, 0x93, 0x8C,
    0x93, 0x8C, 0x93, 0x8C, 0x93, 0x8C, 0x73, 0x8C, 0xF4, 0x9C, 0xFC, 0xDE, 0x1D, 0xDF, 0x3D, 0xE7,
    0x7A, 0xCE, 0xC8, 0x39, 0xAD, 0x31, 0x43, 0x08, 0x22, 0x08, 0x22, 0x08, 0x43, 0x08, 0x84, 0x10,
    0xA4, 0x10, 0x84, 0x10, 0x67, 0x29, 0xCC, 0x5A, 0xCC, 0x5A, 0xAC, 0x5A, 0x8C, 0x52, 0x6B, 0x52,
    0x4B, 0x4A, 0x2A, 0x4A, 0x0A, 0x42, 0xE9, 0x41, 0xC9, 0x39, 0xA8, 0x31, 0x88, 0x31, 0x47, 0x29,
    0x26, 0x21, 0x06, 0x21, 0xE5, 0x18, 0xC5, 0x18, 0xA6, 0x10, 0xC8, 0x10, 0xCB, 0x18, 0xEC, 0x18,
    0xEC, 0x18, 0xEC, 0x18, 0xEC, 0x18, 0xEC, 0x18, 0xEC, 0x18, 0xEC, 0x18, 0xEC, 0x18, 0xEC, 0x18,
    0xEC, 0x18, 0xEC, 0x18, 0xED, 0x18, 0xED, 0x18, 0xED, 0x18, 0xED, 0x18, 0xED, 0x18, 0xED, 0x18,
    0xEE, 0x18, 0xED, 0x18, 0xCB, 0x10, 0xC9, 0x10, 0xA7, 0x18, 0xC8, 0x18, 0xEA, 0x20, 0xEC, 0x28,
    0x0E, 0x31, 0x0E, 0x31, 0x0D, 0x31, 0x0B, 0x29, 0x09, 0x29, 0x08, 0x29, 0x08, 0x29, 0x08, 0x29,
    0x28, 0x29, 0x28, 0x29, 0x28, 0x29, 0x28, 0x29, 0x47, 0x21, 0x67, 0x21, 0x88, 0x21, 0x88, 0x21,
    0x88, 0x29, 0x06, 0x19, 0x23, 0x08, 0x23, 0x08, 0x01, 0x00, 0x08, 0x21, 0x6B, 0x29, 0x8E, 0x73,
    0x7E, 0xEF, 0x1D, 0xDF, 0x1D, 0xDF, 0x3D, 0xE7, 0x19, 0xBE, 0x73, 0x8C, 0x93, 0x8C, 0x93, 0x8C,
    0x93, 0x8C, 0x93, 0x8C, 0x93, 0x8C, 0x93, 0x8C, 0x93, 0x8C, 0xB3, 0x8C, 0x93, 0x8C, 0x93, 0x8C,
    0x93, 0x8C, 0x93, 0x8C, 0x93, 0x8C, 0x93, 0x8C, 0x93, 0x8C, 0x73, 0x8C, 0x73, 0x8C, 0x93, 0x8C,
    0x93, 0x8C, 0x93, 0x8C, 0x93, 0x8C, 0x93, 0x8C, 0x73, 0x8C, 0xB7, 0xB5, 0x3D, 0xE7, 0x1D, 0xDF,
    0x7E, 0xEF, 0x14, 0xA5, 0x48, 0x21, 0x8C, 0x31, 0x01, 0x00, 0x23, 0x08, 0x22, 0x08, 0x43, 0x08,
    0xA4, 0x10, 0xA4, 0x10, 0x84, 0x10, 0xA8, 0x31, 0xEC, 0x5A, 0xCC, 0x5A, 0xAC, 0x5A, 0x8C, 0x52,
    0x6B, 0x52, 0x4B, 0x4A, 0x2A, 0x4A, 0x0A, 0x42, 0xE9, 0x41, 0xC9, 0x39, 0xA8, 0x31, 0x88, 0x31,
    0x47, 0x29, 0x26, 0x21, 0x06, 0x21, 0xE5, 0x18, 0xC4, 0x18, 0x84, 0x10, 0x84, 0x10, 0xA6, 0x10,
    0xC9, 0x10, 0xCA, 0x18, 0xEC, 0x18, 0xEC, 0x18, 0xED, 0x18, 0xED, 0x18, 0xED, 0x18, 0xED, 0x18,
    0xED, 0x18, 0xED, 0x18, 0xED, 0x18, 0xED, 0x18, 0xED, 0x18, 0xED, 0x18, 0xEC, 0x10, 0xCB, 0x10,
    0xC9, 0x10, 0xA6, 0x10, 0xA4, 0x10, 0xA4, 0x10, 0xA5, 0x10, 0xC7, 0x18, 0xE9, 0x20, 0xEB, 0x28,
    0x0D, 0x31, 0x0E, 0x31, 0x2D, 0x31, 0x2C, 0x31, 0x0B, 0x29, 0x09, 0x29, 0x08, 0x29, 0x28, 0x29,
    0x28, 0x29, 0x28, 0x29, 0x28, 0x29, 0x47, 0x21, 0x67, 0x21, 0x68, 0x21, 0x88, 0x21, 0x88, 0x29,
    0x27, 0x19, 0x43, 0x08, 0x23, 0x08, 0x22, 0x08, 0x84, 0x10, 0xAD, 0x31, 0x09, 0x42, 0xFC, 0xDE,
    0x3D, 0xE7, 0x1D, 0xDF, 0x3D, 0xE7, 0xFC, 0xDE, 0xD4, 0x94, 0x73, 0x8C, 0x93, 0x8C, 0x93, 0x8C,
    0x93, 0x8C, 0x93, 0x8C, 0x93, 0x8C, 0x93, 0x8C, 0x93, 0x8C, 0x93, 0x8C, 0x93, 0x8C, 0x93, 0x8C,
    0xB3, 0x8C, 0x93, 0x8C, 0x93, 0x8C, 0x93, 0x8C, 0x73, 0x8C, 0x93, 0x8C, 0x72, 0x8C, 0x73, 0x8C,
    0x93, 0x8C, 0x93, 0x8C, 0x93, 0x8C, 0x93, 0x8C, 0x93, 0x8C, 0xB3, 0x8C, 0x9B, 0xCE, 0x5E, 0xE7,
    0x1D, 0xDF, 0x7F, 0xEF, 0xAE, 0x73, 0x6B, 0x21, 0x29, 0x21, 0x01, 0x00, 0x43, 0x08, 0x22, 0x08,
    0x64, 0x08, 0xA4, 0x10, 0xA4, 0x10, 0xA4, 0x10, 0xA8, 0x31, 0xCC, 0x5A, 0xCC, 0x5A, 0xAC, 0x52,
    0x8C, 0x52, 0x6B, 0x52, 0x4B, 0x4A, 0x2A, 0x4A, 0x0A, 0x42, 0xE9, 0x41, 0xC9, 0x39, 0xA8, 0x31,
    0x68, 0x31, 0x47, 0x29, 0x26, 0x21, 0x06, 0x21, 0xE5, 0x18, 0xC5, 0x18, 0xA4, 0x10, 0x83, 0x10,
    0x83, 0x10, 0x84, 0x10, 0x85, 0x10, 0xA7, 0x10, 0xA8, 0x10, 0xC9, 0x10, 0xC9, 0x10, 0xCA, 0x10,
    0xCA, 0x10, 0xCA, 0x10, 0xC9, 0x10, 0xC9, 0x10, 0xA8, 0x10, 0xA7, 0x10, 0xA5, 0x10, 0x84, 0x10,
    0x84, 0x10, 0x84, 0x10, 0xA5, 0x10, 0xA5, 0x10, 0xC6, 0x18, 0xC7, 0x18, 0xE9, 0x20, 0x0B, 0x29,
    0x0C, 0x31, 0x2E, 0x31, 0x2E, 0x39, 0x2D, 0x31, 0x2C, 0x31, 0x2A, 0x31, 0x29, 0x29, 0x28, 0x29,
    0x28, 0x29, 0x28, 0x29, 0x47, 0x21, 0x67, 0x21, 0x68, 0x21, 0x88, 0x21, 0x88, 0x29, 0x47, 0x21,
    0x43, 0x08, 0x22, 0x08, 0x22, 0x08, 0x22, 0x08, 0xCD, 0x31, 0x68, 0x29, 0xD7, 0xBD, 0x7E, 0xEF,
    0x1D, 0xDF, 0x3D, 0xE7, 0x3D, 0xE7, 0x97, 0xAD, 0x72, 0x84, 0x93, 0x8C, 0x93, 0x8C, 0x93, 0x8C,
    0x93, 0x8C, 0x93, 0x8C, 0x93, 0x8C, 0x93, 0x8C, 0x73, 0x8C, 0x73, 0x8C, 0x93, 0x8C, 0x93, 0x8C,
    0x73, 0x8C, 0x73, 0x8C, 0x72, 0x8C, 0x93, 0x8C, 0x93, 0x8C, 0x93, 0x8C, 0x93, 0x8C, 0x73, 0x8C,
    0x73, 0x8C, 0x73, 0x8C, 0x93, 0x8C, 0x93, 0x8C, 0x93, 0x8C, 0x72, 0x84, 0x15, 0x9D, 0x1D, 0xDF,
    0x3D, 0xE7, 0x3D, 0xE7, 0x1D, 0xE7, 0x8A, 0x4A, 0x8C, 0x29, 0xC7, 0x18, 0x01, 0x00, 0x23, 0x08,
    0x23, 0x08, 0x64, 0x10, 0xA4, 0x10, 0xA4, 0x10, 0xA4, 0x10, 0x67, 0x29, 0xAB, 0x52, 0xCC, 0x5A,
    0x8C, 0x52, 0x8C, 0x52, 0x6B, 0x52, 0x4B, 0x4A, 0x2A, 0x4A, 0x0A, 0x42, 0xE9, 0x39, 0xC9, 0x39,
    0xA8, 0x31, 0x88, 0x31, 0x47, 0x29, 0x27, 0x29, 0x06, 0x21, 0xE5, 0x18, 0xC5, 0x18, 0xA4, 0x10,
    0x84, 0x10, 0x84, 0x10, 0x84, 0x10, 0x83, 0x10, 0x83, 0x10, 0x84, 0x10, 0x84, 0x10, 0x84, 0x10,
    0x84, 0x10, 0x84, 0x10, 0x84, 0x10, 0x84, 0x10, 0x84, 0x10, 0x84, 0x10, 0xA4, 0x10, 0xA4, 0x10,
    0xA5, 0x10, 0xA5, 0x10, 0xA5, 0x10, 0xC5, 0x18, 0xC6, 0x18, 0xC7, 0x18, 0xE8, 0x20, 0x0A, 0x29,
    0x0C, 0x31, 0x2D, 0x31, 0x2E, 0x39, 0x2E, 0x39, 0x2C, 0x31, 0x2B, 0x31, 0x2A, 0x29, 0x29, 0x29,
    0x28, 0x29, 0x67, 0x21, 0x67, 0x21, 0x68, 0x21, 0x88, 0x21, 0x88, 0x29, 0x47, 0x21, 0x64, 0x08,
    0x22, 0x08, 0x23, 0x08, 0x02, 0x08, 0x8C, 0x29, 0x49, 0x21, 0x92, 0x94, 0x9F, 0xEF, 0x1D, 0xDF,
    0x3D, 0xE7, 0x5E, 0xE7, 0x5A, 0xC6, 0x72, 0x8C, 0x73, 0x8C, 0x93, 0x8C, 0x93, 0x8C, 0x72, 0x8C,
    0x73, 0x8C, 0x93, 0x8C, 0x93, 0x8C, 0x93, 0x8C, 0x72, 0x8C, 0x73, 0x8C, 0x93, 0x8C, 0x93, 0x8C,
    0x72, 0x84, 0x73, 0x8C, 0x93, 0x8C, 0x73, 0x8C, 0x93, 0x8C, 0x93, 0x8C, 0x93, 0x8C, 0x73, 0x8C,
    0x72, 0x8C, 0x93, 0x8C, 0x73, 0x8C, 0x73, 0x8C, 0x73, 0x8C, 0x73, 0x8C, 0x52, 0x84, 0xB7, 0xB5,
    0x5E, 0xE7, 0x3D, 0xE7, 0x7E, 0xEF, 0x9A, 0xCE, 0xC8, 0x31, 0xCD, 0x31, 0x85, 0x10, 0x02, 0x08,
    0x23, 0x08, 0x22, 0x08, 0x64, 0x10, 0xC4, 0x10, 0xC4, 0x10, 0xA4, 0x10, 0x26, 0x21, 0x4A, 0x42,
    0xCC, 0x5A, 0xAC, 0x5A, 0x8C, 0x52, 0x6B, 0x4A, 0x4B, 0x4A, 0x2A, 0x4A, 0x0A, 0x42, 0xE9, 0x39,
    0xC9, 0x39, 0xA8, 0x31, 0x68, 0x31, 0x47, 0x29, 0x27, 0x29, 0x06, 0x21, 0xE6, 0x18, 0xC5, 0x18,
    0xA4, 0x10, 0xA4, 0x10, 0xA4, 0x10, 0xA4, 0x10, 0xA4, 0x10, 0xA4, 0x10, 0xA4, 0x10, 0xA4, 0x10,
    0xA4, 0x10, 0xA4, 0x10, 0xA4, 0x10, 0xA4, 0x10, 0xA5, 0x10, 0xA5, 0x10, 0xA5, 0x10, 0xA5, 0x10,
    0xA5, 0x10, 0xC5, 0x18, 0xC5, 0x18, 0xC6, 0x18, 0xE6, 0x18, 0xE7, 0x20, 0xE8, 0x20, 0x09, 0x29,
    0x0B, 0x31, 0x2D, 0x31, 0x2E, 0x39, 0x2E, 0x39, 0x2D, 0x31, 0x2B, 0x31, 0x2A, 0x31, 0x29, 0x29,
    0x68, 0x21, 0x67, 0x21, 0x67, 0x21, 0x67, 0x21, 0x88, 0x29, 0x67, 0x21, 0x64, 0x08, 0x22, 0x08,
    0x43, 0x08, 0x01, 0x00, 0x4A, 0x29, 0x6A, 0x21, 0x8E, 0x73, 0x9F, 0xEF, 0x3D, 0xE7, 0x3D, 0xE7,
    0x5E, 0xE7, 0xDC, 0xD6, 0xD4, 0x94, 0x72, 0x8C, 0x93, 0x8C, 0x73, 0x8C, 0x73, 0x8C, 0x72, 0x8C,
    0x73, 0x8C, 0x73, 0x8C, 0x93, 0x8C, 0x72, 0x8C, 0x72, 0x8C, 0x73, 0x8C, 0x93, 0x8C, 0x72, 0x8C,
    0x93, 0x8C, 0x72, 0x8C, 0x72, 0x8C, 0x73, 0x8C, 0x72, 0x84, 0x72, 0x8C, 0x72, 0x8C, 0x72, 0x8C,
    0x72, 0x8C, 0x72, 0x8C, 0x73, 0x8C, 0x73, 0x8C, 0x73, 0x8C, 0x72, 0x84, 0x72, 0x8C, 0x72, 0x8C,
    0x39, 0xC6, 0x7E, 0xEF, 0x3D, 0xE7, 0x9F, 0xEF, 0xD7, 0xBD, 0x67, 0x29, 0xCD, 0x31, 0x64, 0x10,
    0x02, 0x08, 0x23, 0x08, 0x23, 0x08, 0x64, 0x10, 0xC4, 0x10, 0xC4, 0x10, 0xA4, 0x10, 0xC4, 0x10,
    0xA8, 0x31, 0x6B, 0x4A, 0xAC, 0x52, 0x8C, 0x52, 0x6B, 0x52, 0x4B, 0x4A, 0x2A, 0x42, 0x0A, 0x42,
    0xE9, 0x39, 0xC9, 0x39, 0xA8, 0x31, 0x68, 0x31, 0x67, 0x29, 0x27, 0x29, 0x06, 0x21, 0xC5, 0x18,
    0xA5, 0x18, 0xA5, 0x10, 0xA5, 0x10, 0xA5, 0x10, 0xA5, 0x10, 0xA5, 0x10, 0xA5, 0x10, 0xA5, 0x10,
    0xA5, 0x10, 0xA5, 0x10, 0xA5, 0x10, 0xA5, 0x10, 0xA5, 0x10, 0xC5, 0x18, 0xC5, 0x18, 0xC5, 0x18,
    0xC5, 0x18, 0xC6, 0x18, 0xC6, 0x18, 0xE6, 0x18, 0xE6, 0x20, 0xE7, 0x20, 0x07, 0x21, 0x09, 0x29,
    0x0A, 0x29, 0x2C, 0x31, 0x2D, 0x31, 0x4D, 0x39, 0x2D, 0x39, 0x2C, 0x31, 0x4A, 0x29, 0x69, 0x29,
    0x68, 0x21, 0x68, 0x21, 0x67, 0x21, 0x88, 0x29, 0x47, 0x21, 0x64, 0x08, 0x22, 0x08, 0x43, 0x08,
    0x01, 0x00, 0x29, 0x21, 0x8B, 0x29, 0xCB, 0x5A, 0x5E, 0xE7, 0x5D, 0xE7, 0x3D, 0xE7, 0x5D, 0xE7,
    0x3D, 0xE7, 0x36, 0xA5, 0x52, 0x84, 0x93, 0x8C, 0x72, 0x8C, 0x72, 0x8C, 0x73, 0x8C, 0x73, 0x8C,
    0x73, 0x8C, 0x73, 0x8C, 0x93, 0x8C, 0x73, 0x8C, 0x72, 0x8C, 0x93, 0x8C, 0x93, 0x8C, 0x73, 0x8C,
    0x73, 0x8C, 0x72, 0x84, 0x52, 0x84, 0x72, 0x8C, 0x72, 0x8C, 0x72, 0x8C, 0x72, 0x84, 0x72, 0x84,
    0x73, 0x8C, 0x72, 0x8C, 0x72, 0x8C, 0x72, 0x8C, 0x72, 0x84, 0x72, 0x8C, 0x72, 0x8C, 0x52, 0x84,
    0xB3, 0x94, 0xDB, 0xD6, 0x7E, 0xEF, 0x3D, 0xE7, 0xBF, 0xF7, 0x55, 0xAD, 0x47, 0x21, 0xCD, 0x31,
    0x63, 0x10, 0x02, 0x08, 0x23, 0x08, 0x22, 0x08, 0x64, 0x10, 0xC4, 0x10, 0xC4, 0x10, 0xC4, 0x10,
    0xA4, 0x10, 0xE5, 0x18, 0xA8, 0x31, 0x2A, 0x42, 0x6B, 0x52, 0x6B, 0x52, 0x4B, 0x4A, 0x2B, 0x4A,
    0x0A, 0x42, 0xEA, 0x41, 0xC9, 0x39, 0xA9, 0x39, 0x68, 0x31, 0x27, 0x29, 0xE6, 0x18, 0xC5, 0x18,
    0xC5, 0x18, 0xC5, 0x18, 0xC5, 0x18, 0xC5, 0x18, 0xC5, 0x18, 0xC5, 0x18, 0xC5, 0x18, 0xC5, 0x18,
    0xC5, 0x18, 0xC5, 0x18, 0xC5, 0x18, 0xC5, 0x18, 0xC5, 0x18, 0xC5, 0x18, 0xC6, 0x18, 0xC6, 0x18,
    0xE6, 0x18, 0xE6, 0x18, 0xE6, 0x20, 0xE6, 0x20, 0xE7, 0x20, 0x07, 0x21, 0x07, 0x21, 0x08, 0x29,
    0x09, 0x29, 0x2B, 0x31, 0x2C, 0x31, 0x2D, 0x39, 0x4D, 0x31, 0x6C, 0x31, 0x6A, 0x29, 0x69, 0x29,
    0x68, 0x29, 0x68, 0x21, 0x88, 0x29, 0x27, 0x21, 0x63, 0x08, 0x22, 0x08, 0x43, 0x08, 0x01, 0x00,
    0x08, 0x21, 0xAC, 0x29, 0x6A, 0x4A, 0xFC, 0xDE, 0x7E, 0xEF, 0x3D, 0xE7, 0x5D, 0xE7, 0x7E, 0xEF,
    0xD8, 0xB5, 0x72, 0x84, 0x72, 0x8C, 0x73, 0x8C, 0x73, 0x8C, 0x72, 0x84, 0x72, 0x84, 0x72, 0x8C,
    0x72, 0x8C, 0x72, 0x8C, 0x73, 0x8C, 0x73, 0x8C, 0x93, 0x8C, 0x72, 0x8C, 0x72, 0x84, 0x72, 0x8C,
    0x52, 0x84, 0x72, 0x84, 0x72, 0x8C, 0x72, 0x8C, 0x72, 0x8C, 0x72, 0x8C, 0x72, 0x8C, 0x72, 0x84,
    0x72, 0x8C, 0x72, 0x84, 0x72, 0x8C, 0x72, 0x8C, 0x72, 0x84, 0x72, 0x8C, 0x72, 0x84, 0x72, 0x8C,
    0x72, 0x84, 0xF4, 0x9C, 0x1D, 0xDF, 0x7E, 0xEF, 0x3D, 0xE7, 0xBF, 0xF7, 0x14, 0xA5, 0x47, 0x21,
    0xCE, 0x31, 0x64, 0x10, 0x02, 0x08, 0x23, 0x08, 0x22, 0x08, 0x63, 0x08, 0xA4, 0x10, 0xC5, 0x10,
    0xC5, 0x10, 0xC5, 0x10, 0xA4, 0x10, 0xE5, 0x18, 0x26, 0x21, 0x68, 0x31, 0xA9, 0x39, 0xC9, 0x39,
    0xC9, 0x39, 0xA9, 0x39, 0x68, 0x31, 0x27, 0x29, 0x06, 0x21, 0xC6, 0x18, 0xC6, 0x18, 0xC6, 0x18,
    0xC6, 0x18, 0xC6, 0x18, 0xC5, 0x18, 0xC5, 0x18, 0xC5, 0x18, 0xC5, 0x18, 0xC5, 0x18, 0xC6, 0x18,
    0xC6, 0x18, 0xC6, 0x18, 0xC6, 0x18, 0xC6, 0x18, 0xC6, 0x18, 0xC6, 0x18, 0xE6, 0x18, 0xE6, 0x20,
    0xE6, 0x20, 0xE6, 0x20, 0xE7, 0x20, 0x07, 0x21, 0x07, 0x21, 0x07, 0x21, 0x07, 0x21, 0x08, 0x29,
    0x09, 0x29, 0x2A, 0x29, 0x2B, 0x31, 0x4C, 0x31, 0x6C, 0x31, 0x6B, 0x31, 0x6A, 0x29, 0x69, 0x29,
    0x88, 0x29, 0x88, 0x29, 0x06, 0x19, 0x43, 0x08, 0x22, 0x08, 0x43, 0x08, 0x01, 0x00, 0x28, 0x21,
    0x8C, 0x29, 0x29, 0x42, 0xDC, 0xDE, 0x7E, 0xEF, 0x3D, 0xE7, 0x5D, 0xE7, 0x7E, 0xEF, 0x39, 0xC6,
    0x52, 0x84, 0x72, 0x8C, 0x72, 0x8C, 0x73, 0x8C, 0x73, 0x8C, 0x52, 0x84, 0x52, 0x84, 0x72, 0x8C,
    0x72, 0x84, 0x72, 0x84, 0x72, 0x84, 0x52, 0x84, 0x72, 0x8C, 0x52, 0x84, 0x72, 0x8C, 0x72, 0x8C,
    0x72, 0x84, 0x52, 0x84, 0x72, 0x84, 0x72, 0x84, 0x52, 0x84, 0x72, 0x8C, 0x52, 0x84, 0x72, 0x84,
    0x72, 0x8C, 0x52, 0x84, 0x72, 0x84, 0x52, 0x84, 0x52, 0x84, 0x72, 0x8C, 0x52, 0x84, 0x72, 0x84,
    0x72, 0x8C, 0x32, 0x84, 0x35, 0xA5, 0x5D, 0xE7, 0x5E, 0xEF, 0x5D, 0xE7, 0xBF, 0xF7, 0x14, 0xA5,
    0x47, 0x21, 0xCD, 0x31, 0x84, 0x10, 0x02, 0x08, 0x23, 0x08, 0x22, 0x08, 0x43, 0x08, 0xA4, 0x10,
    0xC5, 0x18, 0xC5, 0x10, 0xC5, 0x18, 0xC5, 0x10, 0xC5, 0x10, 0xC5, 0x10, 0xC5, 0x18, 0xE6, 0x18,
    0xE6, 0x20, 0xE6, 0x20, 0xE6, 0x20, 0xC6, 0x20, 0xE6, 0x20, 0xE6, 0x20, 0xE6, 0x20, 0xE6, 0x20,
    0xE6, 0x20, 0xE6, 0x18, 0xE6, 0x18, 0xC6, 0x18, 0xC6, 0x18, 0xC6, 0x18, 0xC6, 0x18, 0xE6, 0x18,
    0xE6, 0x18, 0xE6, 0x18, 0xE6, 0x18, 0xE6, 0x20, 0xE6, 0x20, 0xE6, 0x20, 0xE6, 0x20, 0xE6, 0x20,
    0xE7, 0x20, 0xE7, 0x20, 0x07, 0x21, 0x07, 0x21, 0x07, 0x21, 0x07, 0x21, 0x07, 0x29, 0x08, 0x29,
    0x08, 0x29, 0x29, 0x29, 0x6A, 0x29, 0x6A, 0x29, 0x6B, 0x29, 0x6B, 0x29, 0x6A, 0x29, 0x8A, 0x29,
    0x69, 0x29, 0xC6, 0x18, 0x23, 0x08, 0x22, 0x08, 0x23, 0x08, 0x01, 0x00, 0x29, 0x21, 0x8C, 0x21,
    0x49, 0x42, 0xFC, 0xDE, 0x9F, 0xEF, 0x5D, 0xE7, 0x5E, 0xE7, 0x7E, 0xEF, 0x9B, 0xCE, 0x72, 0x8C,
    0x52, 0x84, 0x52, 0x84, 0x52, 0x84, 0x72, 0x8C, 0x52, 0x84, 0x52, 0x84, 0x52, 0x84, 0x72, 0x8C,
    0x72, 0x8C, 0x72, 0x84, 0x72, 0x84, 0x52, 0x84, 0x52, 0x84, 0x72, 0x84, 0x72, 0x84, 0x52, 0x84,
    0x52, 0x84, 0x52, 0x84, 0x72, 0x84, 0x52, 0x84, 0x52, 0x84, 0x52, 0x84, 0x52, 0x84, 0x52, 0x84,
    0x72, 0x8C, 0x52, 0x84, 0x52, 0x84, 0x52, 0x84, 0x72, 0x84, 0x72, 0x8C, 0x52, 0x84, 0x52, 0x84,
    0x52, 0x84, 0x52, 0x84, 0x32, 0x84, 0x76, 0xAD, 0x7E, 0xEF, 0x7E, 0xEF, 0x5D, 0xE7, 0xDF, 0xF7,
    0x55, 0xAD, 0x67, 0x29, 0xCD, 0x29, 0xC6, 0x18, 0x01, 0x00, 0x23, 0x08, 0x22, 0x08, 0x23, 0x08,
    0x84, 0x10, 0xC5, 0x10, 0xE5, 0x18, 0xE5, 0x18, 0xE5, 0x18, 0xE5, 0x18, 0xE5, 0x18, 0xE5, 0x18,
    0xE5, 0x18, 0xE6, 0x18, 0xE6, 0x20, 0xE6, 0x20, 0xE6, 0x20, 0xE6, 0x20, 0xE6, 0x20, 0xE6, 0x20,
    0xE6, 0x20, 0xE6, 0x20, 0xE6, 0x20, 0xE6, 0x20, 0xE6, 0x20, 0xE6, 0x20, 0xE6, 0x20, 0xE6, 0x20,
    0xE6, 0x20, 0xE6, 0x20, 0xE6, 0x20, 0xE6, 0x20, 0xE6, 0x20, 0xE6, 0x20, 0xE7, 0x20, 0xE7, 0x20,
    0x07, 0x21, 0x07, 0x21, 0x07, 0x21, 0x07, 0x21, 0x07, 0x21, 0x07, 0x29, 0x07, 0x21, 0x27, 0x21,
    0x47, 0x21, 0x68, 0x21, 0x69, 0x29, 0x6A, 0x29, 0x6A, 0x29, 0x8A, 0x29, 0x8A, 0x29, 0x49, 0x21,
    0x85, 0x10, 0x23, 0x08, 0x23, 0x08, 0x22, 0x08, 0x02, 0x08, 0x6B, 0x29, 0x8B, 0x21, 0x8A, 0x52,
    0xFC, 0xDE, 0x9F, 0xEF, 0x5D, 0xE7, 0x5E, 0xE7, 0x9E, 0xEF, 0xBB, 0xD6, 0xB3, 0x8C, 0x52, 0x84,
    0x72, 0x8C, 0x72, 0x84, 0x72, 0x84, 0x72, 0x8C, 0x52, 0x84, 0x72, 0x84, 0x72, 0x84, 0x52, 0x84,
    0x52, 0x84, 0x72, 0x84, 0x72, 0x84, 0x52, 0x84, 0x52, 0x84, 0x72, 0x84, 0x72, 0x84, 0x72, 0x8C,
    0x52, 0x84, 0x72, 0x8C, 0x72, 0x8C, 0x52, 0x84, 0x72, 0x8C, 0x72, 0x84, 0x72, 0x84, 0x52, 0x84,
    0x52, 0x84, 0x52, 0x84, 0x52, 0x84, 0x52, 0x84, 0x52, 0x84, 0x72, 0x84, 0x52, 0x84, 0x52, 0x84,
    0x52, 0x84, 0x52, 0x84, 0x52, 0x84, 0x32, 0x84, 0x97, 0xAD, 0x7E, 0xEF, 0x7E, 0xEF, 0x5D, 0xE7,
    0xDF, 0xF7, 0xF7, 0xBD, 0xC8, 0x31, 0xAC, 0x29, 0x29, 0x21, 0x01, 0x08, 0x22, 0x08, 0x23, 0x08,
    0x22, 0x08, 0x63, 0x08, 0xA5, 0x10, 0xE5, 0x18, 0xE5, 0x18, 0xE5, 0x18, 0xE5, 0x18, 0xE5, 0x18,
    0xE5, 0x18, 0xE5, 0x18, 0xE5, 0x18, 0xE6, 0x18, 0xE6, 0x20, 0xE6, 0x20, 0xE6, 0x20, 0xE6, 0x20,
    0xE6, 0x20, 0xE6, 0x20, 0xE6, 0x20, 0xE6, 0x20, 0xE6, 0x20, 0xE6, 0x20, 0xE6, 0x20, 0xE6, 0x20,
    0xE6, 0x20, 0xE6, 0x20, 0xE7, 0x20, 0xE7, 0x20, 0x07, 0x21, 0x07, 0x21, 0x07, 0x21, 0x07, 0x21,
    0x07, 0x21, 0x07, 0x21, 0x07, 0x21, 0x07, 0x21, 0x27, 0x21, 0x27, 0x21, 0x47, 0x21, 0x67, 0x21,
    0x67, 0x21, 0x68, 0x21, 0x68, 0x21, 0x69, 0x29, 0x89, 0x29, 0x69, 0x29, 0xE7, 0x18, 0x44, 0x10,
    0x23, 0x08, 0x43, 0x08, 0x02, 0x08, 0x43, 0x08, 0xAC, 0x29, 0x49, 0x19, 0x2C, 0x63, 0x3D, 0xE7,
    0x9F, 0xEF, 0x5E, 0xE7, 0x7E, 0xEF, 0x9E, 0xEF, 0xFC, 0xDE, 0xB4, 0x94, 0x32, 0x84, 0x52, 0x84,
    0x52, 0x84, 0x72, 0x84, 0x52, 0x84, 0x52, 0x84, 0x72, 0x84, 0x52, 0x84, 0x52, 0x84, 0x52, 0x84,
    0x52, 0x84, 0x72, 0x84, 0x52, 0x84, 0x52, 0x84, 0x52, 0x84, 0x52, 0x84, 0x52, 0x84, 0x52, 0x84,
    0x52, 0x84, 0x52, 0x84, 0x52, 0x84, 0x52, 0x84, 0x52, 0x84, 0x52, 0x84, 0x52, 0x84, 0x52, 0x84,
    0x52, 0x84, 0x52, 0x84, 0x52, 0x84, 0x52, 0x84, 0x52, 0x84, 0x52, 0x84, 0x32, 0x84, 0x52, 0x84,
    0x52, 0x84, 0x32, 0x84, 0x52, 0x84, 0x52, 0x84, 0x31, 0x84, 0x97, 0xAD, 0x7E, 0xEF, 0x7E, 0xEF,
    0x5D, 0xE7, 0xDF, 0xF7, 0x9A, 0xD6, 0x49, 0x4A, 0x4A, 0x19, 0x8C, 0x29, 0x43, 0x08, 0x02, 0x08,
    0x23, 0x08, 0x22, 0x08, 0x23, 0x08, 0x64, 0x10, 0xC5, 0x10, 0xE5, 0x18, 0xE5, 0x18, 0xE5, 0x18,
    0xE5, 0x18, 0xE5, 0x18, 0xE5, 0x18, 0xE5, 0x18, 0x05, 0x19, 0xE6, 0x18, 0xE6, 0x18, 0xE6, 0x20,
    0xE6, 0x20, 0xE6, 0x20, 0xE6, 0x20, 0xE6, 0x20, 0xE7, 0x20, 0xE7, 0x20, 0xE7, 0x20, 0xE7, 0x20,
    0xE7, 0x20, 0xE7, 0x20, 0x07, 0x21, 0x07, 0x21, 0x07, 0x21, 0x07, 0x21, 0x07, 0x21, 0x07, 0x21,
    0x07, 0x21, 0x27, 0x21, 0x27, 0x21, 0x47, 0x21, 0x47, 0x21, 0x47, 0x21, 0x67, 0x21, 0x67, 0x21,
    0x67, 0x21, 0x67, 0x21, 0x88, 0x29, 0x68, 0x29, 0x07, 0x19, 0x85, 0x10, 0x24, 0x08, 0x44, 0x08,
    0x43, 0x08, 0x02, 0x08, 0xC6, 0x18, 0xCD, 0x29, 0x47, 0x21, 0x10, 0x84, 0x9F, 0xF7, 0x9E, 0xEF,
    0x7E, 0xEF, 0x7E, 0xEF, 0x9F, 0xF7, 0xDC, 0xDE, 0xB3, 0x94, 0x32, 0x84, 0x52, 0x84, 0x52, 0x84,
    0x32, 0x84, 0x52, 0x84, 0x52, 0x84, 0x52, 0x84, 0x52, 0x84, 0x52, 0x84, 0x52, 0x84, 0x52, 0x84,
    0x52, 0x84, 0x52, 0x84, 0x52, 0x84, 0x52, 0x84, 0x52, 0x84, 0x52, 0x84, 0x52, 0x84, 0x52, 0x84,
    0x52, 0x84, 0x52, 0x84, 0x52, 0x84, 0x52, 0x84, 0x52, 0x84, 0x52, 0x84, 0x52, 0x84, 0x52, 0x84,
    0x52, 0x84, 0x52, 0x84, 0x52, 0x84, 0x52, 0x84, 0x52, 0x84, 0x52, 0x84, 0x52, 0x84, 0x52, 0x84,
    0x52, 0x84, 0x32, 0x84, 0x52, 0x84, 0x52, 0x84, 0x52, 0x84, 0x31, 0x7C, 0x76, 0xAD, 0x7E, 0xEF,
    0x9E, 0xEF, 0x5E, 0xEF, 0xBF, 0xF7, 0x5D, 0xE7, 0x6D, 0x6B, 0x48, 0x21, 0xAC, 0x29, 0xC6, 0x18,
    0x01, 0x08, 0x22, 0x08, 0x23, 0x08, 0x22, 0x08, 0x43, 0x08, 0x84, 0x10, 0xC5, 0x18, 0xE5, 0x18,
    0xE5, 0x18, 0xE5, 0x18, 0xE5, 0x18, 0x05, 0x19, 0x05, 0x19, 0x05, 0x19, 0x05, 0x19, 0x06, 0x19,
    0x06, 0x19, 0x06, 0x19, 0x06, 0x19, 0x06, 0x21, 0x06, 0x21, 0x06, 0x21, 0x06, 0x21, 0x06, 0x21,
    0x06, 0x21, 0x07, 0x21, 0x07, 0x21, 0x07, 0x21, 0x07, 0x21, 0x27, 0x21, 0x27, 0x21, 0x26, 0x21,
    0x47, 0x21, 0x47, 0x21, 0x47, 0x21, 0x47, 0x21, 0x47, 0x21, 0x47, 0x21, 0x67, 0x21, 0x67, 0x21,
    0x67, 0x21, 0x67, 0x21, 0x07, 0x19, 0x85, 0x10, 0x23, 0x08, 0x23, 0x08, 0x43, 0x08, 0x22, 0x08,
    0x23, 0x08, 0x6A, 0x21, 0x8B, 0x21, 0xA8, 0x31, 0x55, 0xAD, 0xDF, 0xF7, 0x7E, 0xEF, 0x7E, 0xEF,
    0x7E, 0xEF, 0xBF, 0xF7, 0xDB, 0xD6, 0x93, 0x8C, 0x31, 0x7C, 0x52, 0x84, 0x52, 0x84, 0x32, 0x84,
    0x32, 0x84, 0x52, 0x84, 0x52, 0x84, 0x52, 0x84, 0x52, 0x84, 0x52, 0x84, 0x32, 0x84, 0x52, 0x84,
    0x52, 0x84, 0x52, 0x84, 0x52, 0x84, 0x52, 0x84, 0x32, 0x84, 0x52, 0x84, 0x52, 0x84, 0x52, 0x84,
    0x52, 0x84, 0x52, 0x84, 0x52, 0x84, 0x52, 0x84, 0x52, 0x84, 0x32, 0x84, 0x52, 0x84, 0x32, 0x84,
    0x52, 0x84, 0x52, 0x84, 0x32, 0x84, 0x52, 0x84, 0x32, 0x84, 0x52, 0x84, 0x52, 0x84, 0x52, 0x84,
    0x52, 0x84, 0x52, 0x84, 0x52, 0x84, 0x52, 0x84, 0x52, 0x84, 0x52, 0x84, 0x11, 0x7C, 0x56, 0xA5,
    0x5D, 0xE7, 0xBF, 0xF7, 0x7E, 0xEF, 0x9E, 0xEF, 0xDF, 0xF7, 0x14, 0xA5, 0xA8, 0x31, 0x6B, 0x21,
    0x6A, 0x21, 0x63, 0x10, 0x01, 0x00, 0x23, 0x08, 0x23, 0x08, 0x22, 0x08, 0x43, 0x08, 0x84, 0x10,
    0xC5, 0x10, 0xE5, 0x18, 0x05, 0x19, 0x06, 0x19, 0x06, 0x19, 0x06, 0x19, 0x06, 0x19, 0x06, 0x19,
    0x06, 0x19, 0x06, 0x19, 0x06, 0x19, 0x06, 0x19, 0x06, 0x19, 0x26, 0x19, 0x26, 0x19, 0x26, 0x19,
    0x26, 0x19, 0x26, 0x19, 0x26, 0x19, 0x26, 0x19, 0x46, 0x21, 0x46, 0x21, 0x46, 0x21, 0x47, 0x21,
    0x47, 0x21, 0x47, 0x21, 0x47, 0x21, 0x47, 0x21, 0x47, 0x21, 0x67, 0x21, 0x67, 0x21, 0x47, 0x21,
    0xE6, 0x18, 0x84, 0x10, 0x23, 0x08, 0x23, 0x08, 0x43, 0x08, 0x22, 0x08, 0x02, 0x08, 0xC7, 0x18,
    0x8C, 0x29, 0x49, 0x19, 0xCB, 0x5A, 0x9A, 0xD6, 0xFF, 0xFF, 0x7E, 0xEF, 0x7E, 0xEF, 0x9E, 0xEF,
    0xBF, 0xF7, 0x9A, 0xCE, 0x72, 0x8C, 0x32, 0x84, 0x52, 0x84, 0x52, 0x84, 0x52, 0x84, 0x52, 0x84,
    0x32, 0x84, 0x52, 0x84, 0x52, 0x84, 0x52, 0x84, 0x52, 0x84, 0x52, 0x84, 0x32, 0x84, 0x52, 0x84,
    0x52, 0x84, 0x52, 0x84, 0x52, 0x84, 0x52, 0x84, 0x52, 0x84, 0x52, 0x84, 0x52, 0x84, 0x52, 0x84,
    0x52, 0x84, 0x52, 0x84, 0x52, 0x84, 0x52, 0x84, 0x32, 0x84, 0x32, 0x84, 0x52, 0x84, 0x32, 0x84,
    0x52, 0x84, 0x32, 0x84, 0x31, 0x84, 0x52, 0x84, 0x52, 0x84, 0x52, 0x84, 0x32, 0x84, 0x52, 0x84,
    0x52, 0x84, 0x52, 0x84, 0x52, 0x84, 0x52, 0x84, 0x52, 0x84, 0x52, 0x84, 0x52, 0x84, 0x11, 0x7C,
    0xF4, 0x9C, 0x1C, 0xDF, 0xBF, 0xF7, 0x7E, 0xEF, 0x7E, 0xEF, 0xFF, 0xFF, 0xBA, 0xD6, 0x2C, 0x63,
    0x48, 0x19, 0x8C, 0x21, 0x28, 0x21, 0x22, 0x08, 0x02, 0x08, 0x22, 0x08, 0x23, 0x08, 0x22, 0x08,
    0x23, 0x08, 0x64, 0x08, 0xA5, 0x10, 0xE5, 0x18, 0x06, 0x19, 0x06, 0x19, 0x06, 0x19, 0x06, 0x19,
    0x06, 0x19, 0x06, 0x19, 0x26, 0x19, 0x26, 0x19, 0x26, 0x19, 0x26, 0x19, 0x26, 0x19, 0x26, 0x19,
    0x26, 0x19, 0x26, 0x21, 0x26, 0x21, 0x26, 0x21, 0x46, 0x21, 0x46, 0x21, 0x47, 0x21, 0x47, 0x21,
    0x47, 0x21, 0x47, 0x21, 0x67, 0x21, 0x67, 0x21, 0x47, 0x21, 0x06, 0x19, 0xC5, 0x10, 0x64, 0x08,
    0x22, 0x08, 0x22, 0x08, 0x23, 0x08, 0x22, 0x08, 0x01, 0x08, 0x85, 0x10, 0x8B, 0x21, 0x6B, 0x19,
    0xA8, 0x29, 0xB2, 0x94, 0xBF, 0xF7, 0xBF, 0xF7, 0x7E, 0xEF, 0x7E, 0xEF, 0x9E, 0xF7, 0x9F, 0xF7,
    0x19, 0xBE, 0x72, 0x84, 0x32, 0x84, 0x32, 0x84, 0x31, 0x84, 0x32, 0x84, 0x52, 0x84, 0x32, 0x84,
    0x52, 0x84, 0x52, 0x84, 0x52, 0x84, 0x32, 0x84, 0x52, 0x84, 0x52, 0x84, 0x52, 0x84, 0x52, 0x84,
    0x52, 0x84, 0x52, 0x84, 0x52, 0x84, 0x52, 0x84, 0x31, 0x84, 0x52, 0x84, 0x32, 0x84, 0x52, 0x84,
    0x52, 0x84, 0x52, 0x84, 0x32, 0x84, 0x52, 0x84, 0x52, 0x84, 0x31, 0x84, 0x32, 0x84, 0x32, 0x84,
    0x31, 0x84, 0x32, 0x84, 0x31, 0x84, 0x52, 0x84, 0x52, 0x84, 0x32, 0x84, 0x32, 0x84, 0x31, 0x84,
    0x31, 0x7C, 0x31, 0x84, 0x52, 0x84, 0x52, 0x84, 0x32, 0x84, 0x32, 0x84, 0x31, 0x84, 0x52, 0x84,
    0x11, 0x7C, 0x93, 0x8C, 0x9A, 0xCE, 0xBF, 0xF7, 0x9E, 0xF7, 0x7E, 0xEF, 0xBF, 0xF7, 0xDF, 0xF7,
    0x54, 0xAD, 0x09, 0x3A, 0x49, 0x19, 0x8B, 0x21, 0xE7, 0x18, 0x23, 0x08, 0x02, 0x08, 0x22, 0x08,
    0x23, 0x08, 0x22, 0x08, 0x22, 0x08, 0x43, 0x08, 0x64, 0x10, 0xA5, 0x10, 0xE5, 0x18, 0x06, 0x19,
    0x06, 0x19, 0x26, 0x19, 0x26, 0x19, 0x26, 0x19, 0x26, 0x19, 0x26, 0x21, 0x26, 0x21, 0x26, 0x21,
    0x26, 0x21, 0x46, 0x21, 0x46, 0x21, 0x47, 0x21, 0x47, 0x21, 0x47, 0x21, 0x47, 0x21, 0x47, 0x21,
    0x47, 0x21, 0x26, 0x19, 0xE6, 0x18, 0xC5, 0x10, 0x64, 0x08, 0x23, 0x08, 0x22, 0x08, 0x22, 0x08,
    0x23, 0x08, 0x02, 0x08, 0x02, 0x08, 0x84, 0x10, 0x4A, 0x21, 0x8C, 0x21, 0x68, 0x21, 0x2C, 0x63,
    0xBA, 0xD6, 0xFF, 0xFF, 0x9E, 0xEF, 0x9E, 0xEF, 0x9E, 0xEF, 0xBF, 0xF7, 0x7E, 0xEF, 0x97, 0xAD,
    0x11, 0x7C, 0x52, 0x84, 0x52, 0x84, 0x32, 0x84, 0x32, 0x84, 0x52, 0x84, 0x52, 0x84, 0x52, 0x84,
    0x52, 0x84, 0x31, 0x84, 0x32, 0x84, 0x32, 0x84, 0x31, 0x84, 0x52, 0x84, 0x52, 0x84, 0x31, 0x84,
    0x31, 0x84, 0x52, 0x84, 0x32, 0x84, 0x31, 0x84, 0x32, 0x84, 0x32, 0x84, 0x31, 0x84, 0x32, 0x84,
    0x32, 0x84, 0x32, 0x84, 0x31, 0x84, 0x32, 0x84, 0x32, 0x84, 0x31, 0x84, 0x32, 0x84, 0x31, 0x84,
    0x31, 0x84, 0x31, 0x84, 0x31, 0x84, 0x31, 0x84, 0x32, 0x84, 0x31, 0x84, 0x52, 0x84, 0x31, 0x84,
    0x31, 0x84, 0x31, 0x84, 0x32, 0x84, 0x32, 0x84, 0x32, 0x84, 0x31, 0x7C, 0x32, 0x84, 0x32, 0x84,
    0x52, 0x84, 0x31, 0x84, 0x32, 0x84, 0xF8, 0xBD, 0x9E, 0xEF, 0xBF, 0xF7, 0x9E, 0xEF, 0x9E, 0xEF,
    0xFF, 0xFF, 0x5D, 0xEF, 0x71, 0x8C, 0xE9, 0x31, 0x6A, 0x19, 0x6B, 0x21, 0x08, 0x19, 0x64, 0x10,
    0x02, 0x08, 0x02, 0x08, 0x22, 0x08, 0x23, 0x08, 0x22, 0x08, 0x22, 0x08, 0x23, 0x08, 0x43, 0x08,
    0x64, 0x10, 0xA4, 0x10, 0xC5, 0x10, 0xC5, 0x18, 0xE6, 0x18, 0x06, 0x19, 0x06, 0x19, 0x06, 0x19,
    0x06, 0x19, 0x06, 0x19, 0x06, 0x19, 0x06, 0x19, 0x06, 0x19, 0xE5, 0x18, 0xC5, 0x10, 0xA4, 0x10,
    0x64, 0x10, 0x43, 0x08, 0x23, 0x08, 0x22, 0x08, 0x22, 0x08, 0x23, 0x08, 0x22, 0x08, 0x02, 0x08,
    0x22, 0x08, 0xA6, 0x10, 0x4A, 0x21, 0x6B, 0x19, 0x69, 0x21, 0xAB, 0x52, 0xD7, 0xBD, 0xFF, 0xFF,
    0xDF, 0xF7, 0x9E, 0xEF, 0x9E, 0xEF, 0x9F, 0xF7, 0xDF, 0xF7, 0xFC, 0xDE, 0xF4, 0x9C, 0x11, 0x7C,
    0x52, 0x84, 0x31, 0x7C, 0x32, 0x84, 0x52, 0x84, 0x32, 0x84, 0x31, 0x84, 0x31, 0x84, 0x52, 0x84,
    0x32, 0x84, 0x52, 0x84, 0x52, 0x84, 0x31, 0x84, 0x32, 0x84, 0x31, 0x84, 0x31, 0x84, 0x31, 0x84,
    0x31, 0x84, 0x31, 0x84, 0x31, 0x84, 0x31, 0x84, 0x31, 0x84, 0x31, 0x84, 0x31, 0x84, 0x31, 0x84,
    0x32, 0x84, 0x32, 0x84, 0x31, 0x84, 0x31, 0x84, 0x31, 0x84, 0x32, 0x84, 0x31, 0x7C, 0x31, 0x84,
    0x31, 0x84, 0x31, 0x7C, 0x32, 0x84, 0x31, 0x84, 0x31, 0x84, 0x31, 0x84, 0x31, 0x7C, 0x32, 0x84,
    0x52, 0x84, 0x11, 0x7C, 0x31, 0x84, 0x52, 0x84, 0x31, 0x84, 0x31, 0x84, 0x32, 0x84, 0x31, 0x84,
    0x31, 0x7C, 0x31, 0x84, 0x32, 0x84, 0x11, 0x7C, 0xF4, 0x9C, 0xFC, 0xDE, 0xDF, 0xF7, 0xBF, 0xF7,
    0x9E, 0xEF, 0xBF, 0xF7, 0xFF, 0xFF, 0x1C, 0xE7, 0x71, 0x8C, 0x09, 0x3A, 0x49, 0x19, 0x8B, 0x21,
    0x4A, 0x19, 0xC6, 0x18, 0x43, 0x08, 0x02, 0x08, 0x02, 0x08, 0x22, 0x08, 0x22, 0x08, 0x22, 0x08,
    0x22, 0x08, 0x22, 0x08, 0x22, 0x08, 0x23, 0x08, 0x23, 0x08, 0x43, 0x08, 0x43, 0x08, 0x43, 0x08,
    0x43, 0x08, 0x43, 0x08, 0x43, 0x08, 0x43, 0x08, 0x23, 0x08, 0x23, 0x08, 0x22, 0x08, 0x22, 0x08,
    0x22, 0x08, 0x22, 0x08, 0x22, 0x08, 0x22, 0x08, 0x02, 0x08, 0x02, 0x08, 0x64, 0x10, 0x08, 0x19,
    0x6B, 0x21, 0x6B, 0x19, 0x68, 0x21, 0xCB, 0x52, 0xB6, 0xB5, 0xBF, 0xF7, 0xFF, 0xFF, 0x9E, 0xF7,
    0x9E, 0xEF, 0x9E, 0xF7, 0xDF, 0xF7, 0x9E, 0xF7, 0x19, 0xBE, 0x52, 0x84, 0x11, 0x7C, 0x31, 0x84,
    0x31, 0x7C, 0x31, 0x84, 0x52, 0x84, 0x31, 0x84, 0x11, 0x7C, 0x31, 0x7C, 0x31, 0x84, 0x31, 0x84,
    0x31, 0x84, 0x31, 0x84, 0x32, 0x84, 0x31, 0x84, 0x31, 0x84, 0x31, 0x7C, 0x31, 0x7C, 0x31, 0x84,
    0x31, 0x84, 0x31, 0x84, 0x31, 0x7C, 0x31, 0x84, 0x31, 0x84, 0x31, 0x7C, 0x31, 0x84, 0x32, 0x84,
    0x31, 0x84, 0x52, 0x84, 0x31, 0x84, 0x31, 0x84, 0x31, 0x84, 0x31, 0x84, 0x11, 0x7C, 0x31, 0x84,
    0x32, 0x84, 0x32, 0x84, 0x31, 0x84, 0x31, 0x84, 0x31, 0x84, 0x31, 0x84, 0x11, 0x7C, 0x11, 0x7C,
    0x31, 0x84, 0x31, 0x84, 0x31, 0x84, 0x31, 0x84, 0x31, 0x7C, 0x31, 0x84, 0x52, 0x84, 0x11, 0x7C,
    0x11, 0x7C, 0x11, 0x7C, 0x31, 0x7C, 0x31, 0x84, 0x11, 0x7C, 0x52, 0x84, 0xF8, 0xBD, 0x7E, 0xEF,
    0xDF, 0xFF, 0xBF, 0xF7, 0x9E, 0xEF, 0xDF, 0xF7, 0xFF, 0xFF, 0x5D, 0xEF, 0x14, 0xA5, 0x8B, 0x4A,
    0x68, 0x21, 0x6A, 0x19, 0x8B, 0x21, 0x29, 0x19, 0xC7, 0x18, 0x64, 0x10, 0x22, 0x08, 0x02, 0x08,
    0x02, 0x08, 0x02, 0x08, 0x22, 0x08, 0x22, 0x08, 0x22, 0x08, 0x22, 0x08, 0x22, 0x08, 0x22, 0x08,
    0x22, 0x08, 0x22, 0x08, 0x22, 0x08, 0x22, 0x08, 0x22, 0x08, 0x22, 0x08, 0x22, 0x08, 0x02, 0x08,
    0x02, 0x08, 0x02, 0x08, 0x43, 0x08, 0x85, 0x10, 0x08, 0x19, 0x6A, 0x19, 0x8B, 0x19, 0x49, 0x19,
    0xC8, 0x31, 0x8E, 0x6B, 0x38, 0xC6, 0xDF, 0xF7, 0xFF, 0xFF, 0xBF, 0xF7, 0x9E, 0xF7, 0x9E, 0xF7,
    0xBF, 0xF7, 0xDF, 0xFF, 0xFC, 0xDE, 0x15, 0x9D, 0x11, 0x7C, 0x31, 0x7C, 0x31, 0x84, 0x31, 0x7C,
    0x11, 0x7C, 0x31, 0x84, 0x31, 0x84, 0x31, 0x84, 0x31, 0x84, 0x11, 0x7C, 0x31, 0x84, 0x31, 0x84,
    0x31, 0x7C, 0x11, 0x7C, 0x11, 0x7C, 0x31, 0x84, 0x31, 0x84, 0x31, 0x84, 0x31, 0x84, 0x11, 0x7C,
    0x11, 0x7C, 0x31, 0x84, 0x31, 0x84, 0x31, 0x84, 0x31, 0x7C, 0x11, 0x7C, 0x11, 0x7C, 0x31, 0x7C,
    0x31, 0x7C, 0x31, 0x84, 0x31, 0x84, 0x31, 0x84, 0x31, 0x7C, 0x31, 0x84, 0x31, 0x7C, 0x31, 0x84,
    0x31, 0x84, 0x31, 0x84, 0x31, 0x84, 0x31, 0x7C, 0x31, 0x84, 0x31, 0x84, 0x31, 0x7C, 0x31, 0x84,
    0x31, 0x84, 0x31, 0x84, 0x31, 0x7C, 0x11, 0x7C, 0x11, 0x7C, 0x31, 0x7C, 0x11, 0x7C, 0x11, 0x7C,
    0x11, 0x7C, 0x11, 0x7C, 0x31, 0x7C, 0x31, 0x84, 0x31, 0x84, 0x11, 0x7C, 0xF0, 0x7B, 0xB3, 0x94,
    0x9A, 0xCE, 0xBF, 0xF7, 0xDF, 0xFF, 0xBF, 0xF7, 0x9E, 0xF7, 0xDF, 0xF7, 0xFF, 0xFF, 0xBF, 0xF7,
    0x59, 0xCE, 0x10, 0x84, 0x4A, 0x42, 0x88, 0x21, 0x6A, 0x19, 0x8B, 0x19, 0x4A, 0x19, 0x29, 0x19,
    0xE7, 0x18, 0xA6, 0x10, 0x84, 0x10, 0x43, 0x08, 0x43, 0x08, 0x22, 0x08, 0x22, 0x08, 0x22, 0x08,
    0x22, 0x08, 0x22, 0x08, 0x22, 0x08, 0x22, 0x08, 0x43, 0x08, 0x64, 0x10, 0xA5, 0x10, 0xC6, 0x10,
    0x08, 0x19, 0x49, 0x19, 0x6B, 0x19, 0x8B, 0x19, 0x69, 0x19, 0xC9, 0x31, 0xEC, 0x5A, 0x13, 0xA5,
    0x1C, 0xE7, 0xFF, 0xFF, 0xFF, 0xFF, 0xBF, 0xF7, 0x9E, 0xF7, 0xBF, 0xF7, 0xDF, 0xF7, 0xDF, 0xFF,
    0x5D, 0xEF, 0xB7, 0xB5, 0x31, 0x84, 0x11, 0x7C, 0x32, 0x84, 0x31, 0x7C, 0x11, 0x7C, 0x31, 0x84,
    0x11, 0x7C, 0x11, 0x7C, 0x31, 0x84, 0x31, 0x84, 0x31, 0x84, 0x31, 0x84, 0x31, 0x84, 0x31, 0x7C,
    0x31, 0x7C, 0x11, 0x7C, 0x11, 0x7C, 0x11, 0x7C, 0x11, 0x7C, 0x31, 0x84, 0x52, 0x84, 0x31, 0x84,
    0x31, 0x7C, 0x11, 0x7C, 0x11, 0x7C, 0x31, 0x84, 0x31, 0x84, 0x31, 0x84, 0x31, 0x7C, 0x31, 0x84,
    0x31, 0x84, 0x11, 0x7C, 0x31, 0x7C, 0x31, 0x84, 0x31, 0x7C, 0x11, 0x7C, 0x11, 0x7C, 0x11, 0x7C,
    0x31, 0x84, 0x11, 0x7C, 0x11, 0x7C, 0x11, 0x7C, 0x11, 0x7C, 0x11, 0x7C, 0x11, 0x7C, 0x11, 0x7C,
    0x11, 0x7C, 0x11, 0x7C, 0x11, 0x7C, 0x31, 0x7C, 0x31, 0x84, 0x31, 0x7C, 0x11, 0x7C, 0x31, 0x84,
    0x31, 0x7C, 0x31, 0x84, 0x31, 0x7C, 0x31, 0x7C, 0x11, 0x7C, 0x11, 0x7C, 0x31, 0x7C, 0xF1, 0x7B,
    0x11, 0x7C, 0x15, 0x9D, 0xBB, 0xD6, 0xBF, 0xF7, 0xFF, 0xFF, 0xBF, 0xF7, 0x9E, 0xF7, 0xBF, 0xF7,
    0xFF, 0xFF, 0xFF, 0xFF, 0x9E, 0xF7, 0x59, 0xCE, 0xF3, 0x9C, 0x4D, 0x63, 0x2A, 0x3A, 0x88, 0x21,
    0x49, 0x19, 0x49, 0x19, 0x4A, 0x19, 0x6A, 0x19, 0x6B, 0x19, 0x6B, 0x19, 0x6B, 0x19, 0x6A, 0x19,
    0x4A, 0x19, 0x6A, 0x19, 0x6A, 0x19, 0x6A, 0x19, 0x6B, 0x19, 0x4A, 0x19, 0x4A, 0x19, 0x49, 0x19,
    0x68, 0x21, 0xC9, 0x31, 0x8B, 0x4A, 0xEF, 0x7B, 0x95, 0xB5, 0xFB, 0xDE, 0xDF, 0xFF, 0xFF, 0xFF,
    0xDF, 0xFF, 0xBF, 0xF7, 0xBE, 0xF7, 0xBF, 0xF7, 0xDF, 0xFF, 0xFF, 0xFF, 0x7E, 0xEF, 0xF8, 0xBD,
    0x72, 0x8C, 0xF0, 0x7B, 0x11, 0x7C, 0x31, 0x84, 0x11, 0x7C, 0x11, 0x7C, 0x11, 0x7C, 0x31, 0x7C,
    0x11, 0x7C, 0x31, 0x7C, 0x31, 0x84, 0x11, 0x7C, 0x31, 0x84, 0x11, 0x7C, 0x31, 0x7C, 0x31, 0x84,
    0x31, 0x84, 0x31, 0x84, 0x11, 0x7C, 0x11, 0x7C, 0x11, 0x7C, 0x31, 0x7C, 0x11, 0x7C, 0x11, 0x7C,
    0x31, 0x7C, 0x31, 0x84, 0x11, 0x7C, 0x11, 0x7C, 0x31, 0x84, 0x31, 0x84, 0x31, 0x7C, 0x31, 0x84,
    0x11, 0x7C, 0x11, 0x7C, 0x11, 0x7C, 0x11, 0x7C, 0x11, 0x7C, 0x11, 0x7C, 0x11, 0x7C, 0x11, 0x7C,
    0x31, 0x84, 0x11, 0x7C, 0x11, 0x7C, 0x11, 0x7C, 0x11, 0x7C, 0x11, 0x7C, 0x11, 0x7C, 0x11, 0x7C,
    0x11, 0x7C, 0x11, 0x7C, 0x11, 0x7C, 0x11, 0x7C, 0x11, 0x7C, 0x11, 0x7C, 0x31, 0x7C, 0x31, 0x84,
    0x11, 0x7C, 0x31, 0x7C, 0x11, 0x7C, 0x31, 0x7C, 0x11, 0x7C, 0x11, 0x7C, 0x11, 0x7C, 0x31, 0x7C,
    0x11, 0x7C, 0xF0, 0x7B, 0x11, 0x7C, 0x15, 0x9D, 0x9B, 0xD6, 0xBF, 0xF7, 0xFF, 0xFF, 0xDF, 0xFF,
    0xBF, 0xF7, 0xBF, 0xF7, 0xDF, 0xF7, 0xFF, 0xFF, 0xFF, 0xFF, 0xFF, 0xFF, 0x5D, 0xEF, 0x9A, 0xD6,
    0x96, 0xB5, 0xB2, 0x94, 0xEF, 0x7B, 0x2D, 0x63, 0x8B, 0x4A, 0x4A, 0x42, 0x09, 0x3A, 0xE9, 0x31,
    0xE9, 0x31, 0xE9, 0x31, 0x0A, 0x3A, 0x6A, 0x42, 0xCC, 0x52, 0x6E, 0x6B, 0x30, 0x84, 0x14, 0xA5,
    0x17, 0xC6, 0xFB, 0xDE, 0xBE, 0xF7, 0xFF, 0xFF, 0xFF, 0xFF, 0xFF, 0xFF, 0xBF, 0xF7, 0xBF, 0xF7,
    0xBF, 0xF7, 0xDF, 0xF7, 0xFF, 0xFF, 0xFF, 0xFF, 0x5D, 0xEF, 0xF8, 0xBD, 0x93, 0x8C, 0xF1, 0x7B,
    0xF1, 0x7B, 0x11, 0x7C, 0x31, 0x84, 0x11, 0x7C, 0x11, 0x7C, 0x11, 0x7C, 0x31, 0x84, 0x31, 0x7C,
    0x11, 0x7C, 0x11, 0x7C, 0x11, 0x7C, 0x31, 0x7C, 0x11, 0x7C, 0x11, 0x7C, 0x11, 0x7C, 0x11, 0x7C,
    0x11, 0x7C, 0x11, 0x7C, 0x11, 0x7C, 0x31, 0x7C, 0x11, 0x7C, 0x11, 0x7C, 0x11, 0x7C, 0x31, 0x7C,
    0x31, 0x7C, 0x11, 0x7C, 0x11, 0x7C, 0x11, 0x7C, 0x31, 0x7C, 0x11, 0x7C, 0x11, 0x7C, 0x31, 0x84,
    0x11, 0x7C, 0x11, 0x7C, 0x11, 0x7C, 0x11, 0x7C, 0x11, 0x7C, 0x11, 0x7C, 0x11, 0x7C, 0x11, 0x7C,
    0x11, 0x7C, 0x11, 0x7C, 0x11, 0x7C, 0x11, 0x7C, 0x11, 0x7C, 0x11, 0x7C, 0x11, 0x7C, 0x11, 0x7C,
    0x11, 0x7C, 0x11, 0x7C, 0x11, 0x7C, 0x11, 0x7C, 0x11, 0x7C, 0x31, 0x7C, 0x11, 0x7C, 0x11, 0x7C,
    0x11, 0x7C, 0x11, 0x7C, 0x11, 0x7C, 0x11, 0x7C, 0x11, 0x7C, 0x11, 0x7C, 0x11, 0x7C, 0x31, 0x7C,
    0x11, 0x7C, 0x31, 0x7C, 0x11, 0x7C, 0xF0, 0x7B, 0xF1, 0x7B, 0xD4, 0x94, 0x39, 0xC6, 0x5D, 0xEF,
    0xFF, 0xFF, 0xFF, 0xFF, 0xFF, 0xFF, 0xBF, 0xF7, 0xBF, 0xF7, 0xBF, 0xF7, 0xDF, 0xFF, 0xFF, 0xFF,
    0xFF, 0xFF, 0xFF, 0xFF, 0xFF, 0xFF, 0xFF, 0xFF, 0xBE, 0xF7, 0x9E, 0xF7, 0x7D, 0xEF, 0x5D, 0xEF,
    0x5D, 0xEF, 0x5D, 0xEF, 0x7D, 0xEF, 0x9E, 0xF7, 0xDF, 0xFF, 0xFF, 0xFF, 0xFF, 0xFF, 0xFF, 0xFF,
    0xFF, 0xFF, 0xFF, 0xFF, 0xDF, 0xFF, 0xBF, 0xF7, 0xBF, 0xF7, 0xBF, 0xF7, 0xDF, 0xFF, 0xFF, 0xFF,
    0xFF, 0xFF, 0xBF, 0xF7, 0xFC, 0xDE, 0x96, 0xAD, 0x52, 0x84, 0xD0, 0x73, 0xF0, 0x7B, 0x11, 0x7C,
    0x11, 0x7C, 0x11, 0x7C, 0x11, 0x7C, 0x31, 0x7C, 0x11, 0x7C, 0x11, 0x7C, 0x11, 0x7C, 0x11, 0x7C,
    0x11, 0x7C, 0x11, 0x7C, 0x31, 0x7C, 0x11, 0x7C, 0x11, 0x7C, 0x11, 0x7C, 0x11, 0x7C, 0x11, 0x7C,
    0x11, 0x7C, 0x11, 0x7C, 0x11, 0x7C, 0x11, 0x7C, 0x11, 0x7C, 0x11, 0x7C, 0x11, 0x7C, 0x11, 0x7C,
    0x31, 0x7C, 0x11, 0x7C, 0x11, 0x7C, 0xF1, 0x7B, 0x11, 0x7C, 0x11, 0x7C, 0x11, 0x7C, 0x11, 0x7C,
    0x11, 0x7C, 0x11, 0x7C, 0x11, 0x7C, 0x11, 0x7C, 0x11, 0x7C, 0x11, 0x7C, 0x11, 0x7C, 0x11, 0x7C,
    0xF1, 0x7B, 0xF1, 0x7B, 0xF1, 0x7B, 0x11, 0x7C, 0xF1, 0x7B, 0x11, 0x7C, 0xF1, 0x7B, 0x11, 0x7C,
    0x11, 0x7C, 0x11, 0x7C, 0x11, 0x7C, 0x11, 0x7C, 0x11, 0x7C, 0x11, 0x7C, 0x31, 0x7C, 0x31, 0x7C,
    0x11, 0x7C, 0x11, 0x7C, 0x11, 0x7C, 0x11, 0x7C, 0x11, 0x7C, 0x11, 0x7C, 0x11, 0x7C, 0x11, 0x7C,
    0x11, 0x7C, 0x11, 0x7C, 0x11, 0x7C, 0x11, 0x7C, 0x11, 0x7C, 0xF0, 0x7B, 0xF1, 0x7B, 0x52, 0x84,
    0x35, 0xA5, 0x5A, 0xC6, 0x5D, 0xEF, 0xFF, 0xFF, 0xFF, 0xFF, 0xFF, 0xFF, 0xFF, 0xFF, 0xDF, 0xF7,
    0xBF, 0xF7, 0xBF, 0xF7, 0xBF, 0xF7, 0xDF, 0xF7, 0xDF, 0xFF, 0xDF, 0xFF, 0xFF, 0xFF, 0xFF, 0xFF,
    0xFF, 0xFF, 0xFF, 0xFF, 0xFF, 0xFF, 0xDF, 0xFF, 0xDF, 0xFF, 0xBF, 0xF7, 0xBF, 0xF7, 0xBF, 0xF7,
    0xBF, 0xF7, 0xDF, 0xF7, 0xDF, 0xFF, 0xFF, 0xFF, 0xFF, 0xFF, 0xFF, 0xFF, 0xBF, 0xF7, 0xFC, 0xDE,
    0xF8, 0xBD, 0xD4, 0x94, 0x31, 0x7C, 0xD0, 0x73, 0xF1, 0x7B, 0x31, 0x7C, 0x11, 0x7C, 0x11, 0x7C,
    0x11, 0x7C, 0xF1, 0x7B, 0xF1, 0x7B, 0x11, 0x7C, 0x11, 0x7C, 0x11, 0x7C, 0x11, 0x7C, 0x11, 0x7C,
    0x11, 0x7C, 0x11, 0x7C, 0x11, 0x7C, 0xF1, 0x7B, 0x11, 0x7C, 0x11, 0x7C, 0x11, 0x7C, 0x11, 0x7C,
    0x11, 0x7C, 0x11, 0x7C, 0xF0, 0x7B, 0x11, 0x7C, 0x11, 0x7C, 0x11, 0x7C, 0x11, 0x7C, 0x11, 0x7C,
    0x11, 0x7C, 0x11, 0x7C, 0x11, 0x7C, 0x11, 0x7C, 0x11, 0x7C, 0x11, 0x7C, 0x11, 0x7C, 0x11, 0x7C,
    0x11, 0x7C, 0xF1, 0x7B, 0x11, 0x7C, 0x11, 0x7C, 0x11, 0x7C, 0x11, 0x7C, 0x11, 0x7C, 0x11, 0x7C,
    0x11, 0x7C, 0x11, 0x7C, 0x11, 0x7C, 0xF1, 0x7B, 0x11, 0x7C, 0x11, 0x7C, 0xF1, 0x7B, 0xF1, 0x7B,
    0xF1, 0x7B, 0x11, 0x7C, 0x11, 0x7C, 0x11, 0x7C, 0xF0, 0x7B, 0x11, 0x7C, 0x11, 0x7C, 0x11, 0x7C,
    0x11, 0x7C, 0x11, 0x7C, 0x11, 0x7C, 0x11, 0x7C, 0x11, 0x7C, 0x11, 0x7C, 0x11, 0x7C, 0x11, 0x7C,
    0xF1, 0x7B, 0x11, 0x7C, 0x11, 0x7C, 0x11, 0x7C, 0x11, 0x7C, 0x11, 0x7C, 0x11, 0x7C, 0xF0, 0x7B,
    0xD0, 0x73, 0xF0, 0x73, 0x52, 0x84, 0x35, 0xA5, 0x18, 0xBE, 0xDB, 0xD6, 0x7E, 0xEF, 0xDF, 0xFF,
    0xFF, 0xFF, 0xFF, 0xFF, 0xFF, 0xFF, 0xFF, 0xFF, 0xFF, 0xFF, 0xFF, 0xFF, 0xFF, 0xFF, 0xFF, 0xFF,
    0xFF, 0xFF, 0xFF, 0xFF, 0xFF, 0xFF, 0xFF, 0xFF, 0xFF, 0xFF, 0xFF, 0xFF, 0xFF, 0xFF, 0xFF, 0xFF,
    0xFF, 0xFF, 0xFF, 0xFF, 0xBF, 0xF7, 0x3D, 0xE7, 0x7A, 0xCE, 0x97, 0xAD, 0xB3, 0x94, 0x11, 0x7C,
    0xD0, 0x73, 0xF0, 0x73, 0x11, 0x7C, 0x11, 0x7C, 0x11, 0x7C, 0x11, 0x7C, 0x11, 0x7C, 0xF1, 0x7B,
    0x11, 0x7C, 0x11, 0x7C, 0x11, 0x7C, 0xF0, 0x7B, 0x11, 0x7C, 0x11, 0x7C, 0x11, 0x7C, 0x11, 0x7C,
    0xF1, 0x7B, 0x11, 0x7C, 0x11, 0x7C, 0xF1, 0x7B, 0x11, 0x7C, 0xF1, 0x7B, 0xF1, 0x7B, 0x11, 0x7C,
    0x11, 0x7C, 0xF0, 0x7B, 0xF1, 0x7B, 0xF1, 0x7B, 0x11, 0x7C, 0x11, 0x7C, 0x11, 0x7C, 0x11, 0x7C,
    0xF1, 0x7B, 0x11, 0x7C, 0x11, 0x7C, 0x11, 0x7C, 0x11, 0x7C, 0x11, 0x7C, 0xF1, 0x7B, 0x11, 0x7C,
    0x11, 0x7C, 0x11, 0x7C, 0xF1, 0x7B, 0xF0, 0x7B, 0xF0, 0x7B, 0xF1, 0x7B, 0xF1, 0x7B, 0xF0, 0x7B,
    0x11, 0x7C, 0xF1, 0x7B, 0x11, 0x7C, 0x11, 0x7C, 0xF1, 0x7B, 0x11, 0x7C, 0xF1, 0x7B, 0xF1, 0x7B,
    0xF1, 0x7B, 0x11, 0x7C, 0x11, 0x7C, 0xF1, 0x7B, 0xF0, 0x7B, 0xF0, 0x7B, 0xF0, 0x7B, 0xF0, 0x7B,
    0xF0, 0x7B, 0xF0, 0x73, 0x11, 0x7C, 0xF1, 0x7B, 0xF1, 0x7B, 0xF1, 0x7B, 0xF1, 0x7B, 0xF1, 0x7B,
    0xF1, 0x7B, 0xF1, 0x7B, 0x11, 0x7C, 0x11, 0x7C, 0x11, 0x7C, 0x11, 0x7C, 0xF0, 0x7B, 0xF1, 0x7B,
    0x11, 0x7C, 0x11, 0x7C, 0xF0, 0x73, 0xD0, 0x73, 0xF0, 0x73, 0xF1, 0x7B, 0x52, 0x84, 0xF4, 0x9C,
    0x76, 0xAD, 0xF8, 0xBD, 0x7A, 0xCE, 0xDB, 0xDE, 0x3D, 0xE7, 0x5D, 0xEF, 0x9E, 0xEF, 0x9E, 0xF7,
    0xBE, 0xF7, 0x9E, 0xF7, 0x9E, 0xF7, 0x7E, 0xEF, 0x5D, 0xE7, 0x1C, 0xDF, 0xBB, 0xD6, 0x39, 0xC6,
    0xD7, 0xB5, 0x55, 0xA5, 0xB3, 0x8C, 0x31, 0x84, 0xF0, 0x7B, 0xD0, 0x73, 0xD0, 0x73, 0x11, 0x7C,
    0x11, 0x7C, 0x11, 0x7C, 0x11, 0x7C, 0x11, 0x7C, 0xF0, 0x7B, 0xF1, 0x7B, 0x11, 0x7C, 0xF1, 0x7B,
    0x11, 0x7C, 0xF1, 0x7B, 0xF0, 0x7B, 0xF1, 0x7B, 0xF1, 0x7B, 0xF1, 0x7B, 0xF1, 0x7B, 0x11, 0x7C,
    0xF1, 0x7B, 0x11, 0x7C, 0x11, 0x7C, 0xF1, 0x7B, 0xF0, 0x7B, 0x11, 0x7C, 0x11, 0x7C, 0xF1, 0x7B,
    0xF1, 0x7B, 0xF1, 0x7B, 0xF0, 0x7B, 0xF1, 0x7B, 0x11, 0x7C, 0x11, 0x7C, 0x11, 0x7C, 0xF1, 0x7B,
    0x11, 0x7C, 0x11, 0x7C, 0x11, 0x7C, 0x11, 0x7C, 0x11, 0x7C, 0x11, 0x7C, 0x11, 0x7C, 0x11, 0x7C,
    0x15, 0x9D, 0xF0, 0x7B, 0x11, 0x7C, 0xF1, 0x7B, 0xF1, 0x7B, 0xF0, 0x7B, 0xF0, 0x7B, 0xF0, 0x7B,
    0xF1, 0x7B, 0xF0, 0x7B, 0xF0, 0x7B, 0x11, 0x7C, 0xF1, 0x7B, 0x11, 0x7C, 0xF1, 0x7B, 0x11, 0x7C,
    0x11, 0x7C, 0x11, 0x7C, 0x11, 0x7C, 0xF1, 0x7B, 0xF0, 0x7B, 0x11, 0x7C, 0x11, 0x7C, 0xF0, 0x7B,
    0xF0, 0x7B, 0xD0, 0x73, 0xF1, 0x7B, 0xF0, 0x7B, 0xF1, 0x7B, 0x11, 0x7C, 0x11, 0x7C, 0xF1, 0x7B,
    0xF0, 0x7B, 0x11, 0x7C, 0xF1, 0x7B, 0x11, 0x7C, 0xF1, 0x7B, 0xF0, 0x7B, 0x11, 0x7C, 0x11, 0x7C,
    0xF0, 0x7B, 0xF0, 0x7B, 0x11, 0x7C, 0x11, 0x7C, 0x11, 0x7C, 0xF1, 0x7B, 0xD0, 0x73, 0xF0, 0x73,
    0xB0, 0x73, 0xB0, 0x73, 0xD0, 0x73, 0xF1, 0x7B, 0x31, 0x7C, 0x52, 0x84, 0x73, 0x8C, 0xB3, 0x94,
    0xB3, 0x94, 0xB3, 0x94, 0x93, 0x8C, 0x72, 0x8C, 0x32, 0x84, 0x11, 0x7C, 0xF0, 0x7B, 0xB0, 0x73,
    0xB0, 0x73, 0xB0, 0x73, 0xF0, 0x7B, 0xF0, 0x7B, 0xF1, 0x7B, 0x11, 0x7C, 0x11, 0x7C, 0xF1, 0x7B,
    0xF0, 0x7B, 0xF1, 0x7B, 0x11, 0x7C, 0xF1, 0x7B, 0xF0, 0x7B, 0xF1, 0x7B, 0xF0, 0x7B, 0xF0, 0x7B,
    0xF0, 0x7B, 0xF0, 0x7B, 0xF0, 0x7B, 0xF0, 0x7B, 0xF0, 0x7B, 0xF0, 0x7B, 0xF0, 0x7B, 0xF1, 0x7B,
    0xF0, 0x7B, 0xF1, 0x7B, 0xF1, 0x7B, 0x11, 0x7C, 0x11, 0x7C, 0xF1, 0x7B, 0xF1, 0x7B, 0xF0, 0x7B,
    0xF0, 0x7B, 0xF1, 0x7B, 0xF0, 0x7B, 0xF1, 0x7B, 0xF1, 0x7B, 0xF1, 0x7B, 0xF1, 0x7B, 0xF0, 0x7B,
    0x11, 0x7C, 0x11, 0x7C, 0xF1, 0x7B, 0xF0, 0x7B, 0xF1, 0x7B, 0xF0, 0x7B, 0xF1, 0x7B, 0xF1, 0x7B,
};
static const lv_image_dsc_t icon_camera = {
    .header = { .magic = LV_IMAGE_HEADER_MAGIC, .cf = LV_COLOR_FORMAT_RGB565, .flags = 0, .w = 112, .h = 112, .stride = 224 },
    .data_size = sizeof(_icon_camera_data),
    .data = _icon_camera_data,
};

/* settings */
static const uint8_t _icon_settings_data[25088] = {
    0x3E, 0x8E, 0x3F, 0x96, 0x5F, 0x96, 0x5F, 0x96, 0x5F, 0x9E, 0x5F, 0x9E, 0x5F, 0x9E, 0x7F, 0x9E,
    0x7F, 0x9E, 0x7F, 0x9E, 0x7F, 0x9E, 0x7F, 0xA6, 0x7F, 0xA6, 0x7F, 0xA6, 0x9F, 0xA6, 0x9F, 0xA6,
    0x9F, 0xA6, 0x9F, 0xA6, 0x9F, 0xA6, 0x9F, 0xA6, 0x9F, 0xA6, 0x9F, 0xA6, 0x9F, 0xA6, 0x9F, 0xAE,
    0x9F, 0xAE, 0xBF, 0xAE, 0xBF, 0xAE, 0xBF, 0xAE, 0xBF, 0xAE, 0xBF, 0xAE, 0xDF, 0xB6, 0xDF, 0xB6,
    0xDF, 0xB6, 0xDF, 0xB6, 0xDF, 0xB6, 0xDF, 0xB6, 0xDF, 0xB6, 0xDF, 0xBE, 0xDF, 0xBE, 0xFF, 0xBE,
    0xDF, 0xBE, 0xDF, 0xB6, 0xFF, 0xB6, 0xFF, 0xBE, 0xFF, 0xBE, 0xFF, 0xBE, 0xFF, 0xBE, 0xFF, 0xBE,
    0xFF, 0xBE, 0xFF, 0xBE, 0xFF, 0xBE, 0xFF, 0xBE, 0xFF, 0xBE, 0xFF, 0xBE, 0xFF, 0xBE, 0xFF, 0xBE,
    0xFF, 0xBE, 0xFF, 0xBE, 0xFF, 0xBE, 0xFF, 0xBE, 0xFF, 0xBE, 0xFF, 0xBE, 0xFF, 0xBE, 0xFF, 0xBE,
    0xFF, 0xBE, 0xFF, 0xBE, 0xFF, 0xBE, 0xDF, 0xB6, 0xDF, 0xB6, 0xDF, 0xB6, 0xDF, 0xB6, 0xDF, 0xB6,
    0xDF, 0xB6, 0xDF, 0xB6, 0xBF, 0xB6, 0xDF, 0xB6, 0xDF, 0xB6, 0xBF, 0xB6, 0xBF, 0xAE, 0xBF, 0xAE,
    0xBF, 0xAE, 0xBF, 0xAE, 0xBF, 0xAE, 0xBF, 0xAE, 0xBF, 0xAE, 0xBF, 0xA6, 0xBF, 0xA6, 0xBF, 0xA6,
    0x9F, 0xA6, 0x9F, 0xA6, 0x9F, 0xA6, 0x9F, 0xA6, 0x9F, 0xA6, 0x7F, 0xA6, 0x7F, 0xA6, 0x7F, 0xA6,
    0x7F, 0x9E, 0x7F, 0x9E, 0x5F, 0x9E, 0x5F, 0x9E, 0x5F, 0x9E, 0x5F, 0x9E, 0x5F, 0x96, 0x5F, 0x96,
    0x3E, 0x96, 0x3E, 0x96, 0x3E, 0x96, 0x1E, 0x8E, 0x1E, 0x8E, 0x1E, 0x86, 0xFE, 0x85, 0xFE, 0x85,
    0x3E, 0x8E, 0x3E, 0x96, 0x5F, 0x96, 0x5E, 0x9E, 0x5F, 0x9E, 0x5F, 0x9E, 0x5F, 0x9E, 0x7F, 0x9E,
    0x7F, 0x9E, 0x7F, 0x9E, 0x7F, 0xA6, 0x7F, 0xA6, 0x7F, 0xA6, 0x7F, 0xA6, 0x9F, 0xA6, 0x9F, 0xA6,
    0x9F, 0xA6, 0x9F, 0xA6, 0xBF, 0xAE, 0xBF, 0xAE, 0x9F, 0xAE, 0x9F, 0xAE, 0x9F, 0xAE, 0x9F, 0xAE,
    0x9F, 0xAE, 0xBF, 0xAE, 0xBF, 0xAE, 0xDF, 0xAE, 0xBF, 0xB6, 0xDF, 0xB6, 0xDF, 0xB6, 0xDF, 0xB6,
    0xDF, 0xB6, 0xDF, 0xB6, 0xDF, 0xB6, 0xDF, 0xB6, 0xDF, 0xB6, 0xDF, 0xBE, 0xFF, 0xBE, 0xFF, 0xBE,
    0xFF, 0xBE, 0xFF, 0xBE, 0xFF, 0xBE, 0xFF, 0xBE, 0xFF, 0xBE, 0x1F, 0xBF, 0x1F, 0xBF, 0x1F, 0xBF,
    0x1F, 0xBF, 0x1F, 0xBF, 0x1F, 0xBF, 0xFF, 0xBE, 0xFF, 0xBE, 0xFF, 0xBE, 0xFF, 0xBE, 0x1F, 0xBF,
    0xFF, 0xBE, 0xFF, 0xBE, 0xFF, 0xBE, 0xFF, 0xBE, 0xFF, 0xBE, 0xFF, 0xBE, 0xFF, 0xBE, 0xFF, 0xBE,
    0xFF, 0xBE, 0xFF, 0xBE, 0xFF, 0xBE, 0xFF, 0xBE, 0xFF, 0xBE, 0xFF, 0xB6, 0xDF, 0xB6, 0xDF, 0xB6,
    0xDF, 0xB6, 0xDF, 0xB6, 0xDF, 0xB6, 0xDF, 0xB6, 0xDF, 0xB6, 0xBF, 0xB6, 0xBF, 0xB6, 0xBF, 0xAE,
    0xBF, 0xAE, 0xBF, 0xAE, 0xBF, 0xAE, 0xBF, 0xAE, 0xBF, 0xAE, 0xBF, 0xAE, 0xBF, 0xAE, 0xBF, 0xAE,
    0x9F, 0xA6, 0x9F, 0xA6, 0x9F, 0xA6, 0x9F, 0xA6, 0x9F, 0xA6, 0x7F, 0xA6, 0x7F, 0xA6, 0x7F, 0xA6,
    0x7E, 0xA6, 0x7F, 0x9E, 0x5F, 0x9E, 0x5F, 0x9E, 0x5F, 0x9E, 0x5F, 0x9E, 0x5F, 0x9E, 0x3F, 0x96,
    0x3F, 0x96, 0x3E, 0x96, 0x3E, 0x96, 0x1E, 0x8E, 0x1E, 0x8E, 0x1E, 0x8E, 0xFE, 0x85, 0xFE, 0x85,
    0x3E, 0x8E, 0x3E, 0x96, 0x5E, 0x96, 0x5E, 0x9E, 0x5F, 0x9E, 0x5F, 0x9E, 0x7F, 0x9E, 0x7F, 0x9E,
    0x7F, 0xA6, 0x7F, 0xA6, 0x7F, 0xA6, 0x7F, 0xA6, 0x7F, 0xA6, 0x9F, 0xA6, 0x9F, 0xA6, 0x9F, 0xA6,
    0x9F, 0xA6, 0x9F, 0xAE, 0xBF, 0xAE, 0xBF, 0xAE, 0x9F, 0xAE, 0x9E, 0xAE, 0x9F, 0xAE, 0xBF, 0xAE,
    0xBF, 0xAE, 0xBF, 0xAE, 0xBF, 0xB6, 0xDF, 0xB6, 0xDF, 0xB6, 0xDF, 0xB6, 0xDF, 0xB6, 0xDF, 0xB6,
    0xDF, 0xB6, 0xDF, 0xBE, 0xDF, 0xBE, 0xDF, 0xBE, 0xDF, 0xBE, 0xDF, 0xBE, 0xFF, 0xBE, 0xFF, 0xBE,
    0xFF, 0xBE, 0xFF, 0xBE, 0xFF, 0xBE, 0xFF, 0xBE, 0x1F, 0xBF, 0x1F, 0xC7, 0x1F, 0xC7, 0x1F, 0xC7,
    0x1F, 0xC7, 0x1F, 0xC7, 0x1F, 0xC7, 0x1F, 0xC7, 0x1F, 0xC7, 0x1F, 0xC7, 0x1F, 0xC7, 0x1F, 0xC7,
    0x1F, 0xC7, 0x1F, 0xC7, 0x1F, 0xC7, 0x1F, 0xC7, 0xFF, 0xBE, 0xFF, 0xBE, 0xFF, 0xBE, 0xFF, 0xBE,
    0xFF, 0xBE, 0xFF, 0xBE, 0xFF, 0xBE, 0xFF, 0xBE, 0xFF, 0xBE, 0xFF, 0xBE, 0xDF, 0xB6, 0xDF, 0xB6,
    0xDF, 0xB6, 0xDF, 0xB6, 0xDF, 0xB6, 0xDF, 0xB6, 0xDF, 0xB6, 0xBF, 0xB6, 0xBF, 0xB6, 0xBF, 0xB6,
    0xBF, 0xAE, 0xBF, 0xAE, 0xBF, 0xAE, 0xBF, 0xAE, 0xBF, 0xAE, 0xBF, 0xAE, 0xBF, 0xAE, 0x9F, 0xAE,
    0x9F, 0xAE, 0x9F, 0xAE, 0x9F, 0xAE, 0x9F, 0xAE, 0x9F, 0xA6, 0x7F, 0xA6, 0x7F, 0xA6, 0x7F, 0xA6,
    0x7E, 0xA6, 0x7F, 0xA6, 0x5F, 0xA6, 0x5F, 0x9E, 0x5F, 0x9E, 0x5F, 0x9E, 0x5F, 0x9E, 0x5F, 0x9E,
    0x5F, 0x96, 0x3F, 0x96, 0x3E, 0x96, 0x3E, 0x8E, 0x1E, 0x8E, 0x1E, 0x8E, 0xFE, 0x85, 0xFE, 0x85,
    0x3E, 0x96, 0x3E, 0x96, 0x5E, 0x96, 0x5E, 0x9E, 0x5F, 0x9E, 0x5F, 0x9E, 0x7F, 0x9E, 0x7F, 0x9E,
    0x7F, 0xA6, 0x7F, 0xA6, 0x7F, 0xA6, 0x7F, 0xA6, 0x7F, 0xA6, 0x9F, 0xA6, 0x9F, 0xA6, 0x9F, 0xA6,
    0x9F, 0xA6, 0xBF, 0xAE, 0xBF, 0xAE, 0xBF, 0xAE, 0xBF, 0xAE, 0xBF, 0xAE, 0xBF, 0xAE, 0xBF, 0xB6,
    0xBF, 0xB6, 0xBF, 0xB6, 0xDF, 0xB6, 0xDF, 0xB6, 0xDF, 0xB6, 0xDF, 0xB6, 0xDF, 0xB6, 0xFF, 0xB6,
    0xFF, 0xBE, 0xFF, 0xBE, 0xDF, 0xBE, 0xFF, 0xBE, 0xFF, 0xBE, 0xFF, 0xBE, 0xFF, 0xBE, 0xFF, 0xBE,
    0xFF, 0xBE, 0xFF, 0xBE, 0x1F, 0xBF, 0x1F, 0xC7, 0x1F, 0xC7, 0x1F, 0xC7, 0x1F, 0xC7, 0x1F, 0xC7,
    0x1F, 0xC7, 0x1F, 0xC7, 0x1F, 0xC7, 0x1F, 0xC7, 0x1F, 0xC7, 0x1F, 0xC7, 0x1F, 0xC7, 0x1F, 0xC7,
    0x1F, 0xC7, 0x1F, 0xC7, 0x1F, 0xC7, 0x1F, 0xC7, 0x1F, 0xC7, 0xFF, 0xC6, 0xFF, 0xC6, 0xFF, 0xC6,
    0xFF, 0xC6, 0xFF, 0xBE, 0xFF, 0xBE, 0xFF, 0xBE, 0xFF, 0xBE, 0xFF, 0xBE, 0xFF, 0xBE, 0xFF, 0xB6,
    0xFF, 0xB6, 0xDF, 0xB6, 0xDF, 0xB6, 0xDF, 0xB6, 0xDF, 0xB6, 0xDF, 0xB6, 0xDF, 0xB6, 0xDF, 0xB6,
    0xBF, 0xB6, 0xBF, 0xB6, 0xBF, 0xAE, 0xBF, 0xAE, 0xBF, 0xAE, 0xBF, 0xAE, 0xBF, 0xAE, 0xBF, 0xAE,
    0xBF, 0xAE, 0xBF, 0xAE, 0x9F, 0xAE, 0x9F, 0xAE, 0x9F, 0xAE, 0x9F, 0xAE, 0x9F, 0xA6, 0x7F, 0xA6,
    0x7F, 0xA6, 0x7F, 0xA6, 0x5F, 0xA6, 0x7F, 0x9E, 0x5F, 0x9E, 0x5F, 0x9E, 0x5F, 0x9E, 0x5F, 0x9E,
    0x5F, 0x96, 0x3F, 0x96, 0x3E, 0x96, 0x3E, 0x8E, 0x1E, 0x8E, 0x1E, 0x8E, 0xFE, 0x85, 0xFE, 0x85,
    0x3E, 0x96, 0x3F, 0x96, 0x5F, 0x96, 0x5F, 0x9E, 0x5F, 0x9E, 0x7F, 0x9E, 0x7F, 0x9E, 0x7F, 0x9E,
    0x7F, 0xA6, 0x7F, 0xA6, 0x9F, 0xA6, 0x9F, 0xA6, 0x9F, 0xA6, 0x9F, 0xAE, 0x9F, 0xAE, 0x9F, 0xAE,
    0xBF, 0xAE, 0xBF, 0xAE, 0xBF, 0xAE, 0xBF, 0xAE, 0xBF, 0xAE, 0xBF, 0xAE, 0xBF, 0xAE, 0xBF, 0xB6,
    0xDF, 0xB6, 0xDF, 0xB6, 0xDF, 0xB6, 0xDF, 0xB6, 0xDF, 0xB6, 0xDF, 0xB6, 0xDF, 0xB6, 0xFF, 0xBE,
    0xFF, 0xBE, 0xFF, 0xBE, 0xFF, 0xBE, 0xFF, 0xBE, 0xFF, 0xBE, 0xFF, 0xBE, 0xFF, 0xC6, 0xFF, 0xC6,
    0x1F, 0xC7, 0x1F, 0xC7, 0x1F, 0xC7, 0x1F, 0xC7, 0x1F, 0xC7, 0x3F, 0xC7, 0x3F, 0xC7, 0x3F, 0xC7,
    0x3F, 0xC7, 0x3F, 0xC7, 0x3F, 0xC7, 0x3F, 0xC7, 0x3F, 0xC7, 0x1F, 0xC7, 0x3F, 0xC7, 0x1F, 0xC7,
    0x1F, 0xC7, 0x1F, 0xC7, 0x1F, 0xC7, 0x1F, 0xC7, 0x1F, 0xC7, 0x1F, 0xC7, 0x1F, 0xC7, 0x1F, 0xC7,
    0x1F, 0xC7, 0x1F, 0xC7, 0x1F, 0xC7, 0x1F, 0xBF, 0xFF, 0xBE, 0xFF, 0xBE, 0xFF, 0xBE, 0xFF, 0xBE,
    0xFF, 0xBE, 0xFF, 0xBE, 0xFF, 0xBE, 0xDF, 0xB6, 0xDF, 0xB6, 0xDF, 0xB6, 0xDF, 0xB6, 0xDF, 0xB6,
    0xDF, 0xB6, 0xDF, 0xB6, 0xDF, 0xB6, 0xBF, 0xAE, 0xBF, 0xAE, 0xBF, 0xAE, 0xBF, 0xAE, 0xBF, 0xAE,
    0xBF, 0xAE, 0xBF, 0xAE, 0x9F, 0xAE, 0x9F, 0xAE, 0x9F, 0xAE, 0x9F, 0xAE, 0x9F, 0xA6, 0x7F, 0xA6,
    0x7F, 0xA6, 0x7F, 0xA6, 0x7F, 0xA6, 0x7F, 0xA6, 0x5F, 0x9E, 0x5F, 0x9E, 0x5F, 0x9E, 0x5F, 0x9E,
    0x5F, 0x96, 0x3F, 0x96, 0x3E, 0x96, 0x3E, 0x96, 0x1E, 0x8E, 0x1E, 0x8E, 0x1E, 0x8E, 0xFE, 0x85,
    0x5F, 0x96, 0x5F, 0x96, 0x5F, 0x9E, 0x5F, 0x9E, 0x5F, 0x9E, 0x7F, 0x9E, 0x7F, 0x9E, 0x9F, 0xA6,
    0x7F, 0xA6, 0x9F, 0xA6, 0x9F, 0xA6, 0x9F, 0xA6, 0x9F, 0xA6, 0x9F, 0xAE, 0x9F, 0xAE, 0xBF, 0xAE,
    0xBF, 0xAE, 0xBF, 0xAE, 0xBF, 0xAE, 0xBF, 0xAE, 0xBF, 0xAE, 0xBF, 0xAE, 0xDF, 0xB6, 0xDF, 0xB6,
    0xDF, 0xB6, 0xDF, 0xB6, 0xDF, 0xB6, 0xDF, 0xB6, 0xDF, 0xB6, 0xFF, 0xB6, 0xFF, 0xB6, 0xFF, 0xBE,
    0xFF, 0xBE, 0xFF, 0xBE, 0xFF, 0xBE, 0x1F, 0xBF, 0x1F, 0xC7, 0x1F, 0xC7, 0x1F, 0xC7, 0x1F, 0xC7,
    0x1F, 0xC7, 0x1F, 0xC7, 0x3F, 0xC7, 0x3F, 0xC7, 0x3F, 0xC7, 0x3F, 0xC7, 0x3F, 0xC7, 0x3F, 0xC7,
    0x3F, 0xCF, 0x3F, 0xCF, 0x3F, 0xCF, 0x3F, 0xCF, 0x3F, 0xCF, 0x3F, 0xCF, 0x3F, 0xCF, 0x3F, 0xCF,
    0x3F, 0xCF, 0x3F, 0xCF, 0x3F, 0xCF, 0x3F, 0xC7, 0x3F, 0xC7, 0x1F, 0xC7, 0x3F, 0xC7, 0x3F, 0xC7,
    0x1F, 0xC7, 0x3F, 0xC7, 0x1F, 0xC7, 0x1F, 0xC7, 0x1F, 0xC7, 0x1F, 0xBF, 0x1F, 0xBF, 0x1F, 0xBF,
    0x1F, 0xBF, 0xFF, 0xBE, 0xFF, 0xBE, 0xFF, 0xBE, 0xFF, 0xBE, 0xFF, 0xBE, 0xFF, 0xBE, 0xFF, 0xB6,
    0xDF, 0xB6, 0xDF, 0xB6, 0xDF, 0xB6, 0xDF, 0xB6, 0xDF, 0xB6, 0xDF, 0xAE, 0xDF, 0xAE, 0xBF, 0xAE,
    0xBF, 0xAE, 0xBF, 0xAE, 0xBF, 0xAE, 0xBF, 0xAE, 0xBF, 0xAE, 0x9F, 0xAE, 0x9F, 0xAE, 0x9F, 0xA6,
    0x9F, 0xA6, 0x7F, 0xA6, 0x7F, 0xA6, 0x7F, 0xA6, 0x7F, 0xA6, 0x7F, 0x9E, 0x7F, 0x9E, 0x5F, 0x9E,
    0x5F, 0x9E, 0x5F, 0x96, 0x3F, 0x96, 0x3F, 0x96, 0x3E, 0x96, 0x1E, 0x8E, 0x1E, 0x8E, 0x1E, 0x8E,
    0x5F, 0x96, 0x5F, 0x96, 0x5F, 0x9E, 0x7F, 0x9E, 0x7F, 0x9E, 0x7F, 0x9E, 0x7F, 0xA6, 0x9F, 0xA6,
    0x7F, 0xA6, 0x9F, 0xA6, 0x9F, 0xA6, 0x9F, 0xA6, 0x9F, 0xAE, 0x9F, 0xAE, 0xBF, 0xAE, 0xBF, 0xAE,
    0xBF, 0xAE, 0xBF, 0xAE, 0xBF, 0xAE, 0xBF, 0xB6, 0xBF, 0xB6, 0xDF, 0xB6, 0xDF, 0xB6, 0xDF, 0xB6,
    0xDF, 0xB6, 0xDF, 0xB6, 0xDF, 0xB6, 0xDF, 0xB6, 0xDF, 0xBE, 0xDF, 0xBE, 0xFF, 0xBE, 0xFF, 0xBE,
    0xFF, 0xBE, 0xFF, 0xBE, 0x1F, 0xC7, 0x1F, 0xC7, 0x1F, 0xC7, 0x1F, 0xC7, 0x1F, 0xC7, 0x1F, 0xC7,
    0x1F, 0xC7, 0x1F, 0xC7, 0x3F, 0xC7, 0x3F, 0xCF, 0x3F, 0xCF, 0x3F, 0xCF, 0x3F, 0xCF, 0x3F, 0xCF,
    0x3F, 0xCF, 0x3F, 0xCF, 0x3F, 0xCF, 0x3F, 0xCF, 0x3F, 0xCF, 0x3F, 0xCF, 0x3F, 0xCF, 0x3F, 0xCF,
    0x3F, 0xCF, 0x3F, 0xCF, 0x3F, 0xCF, 0x3F, 0xCF, 0x3F, 0xCF, 0x3F, 0xC7, 0x3F, 0xC7, 0x3F, 0xC7,
    0x3F, 0xC7, 0x1F, 0xC7, 0x1F, 0xC7, 0x1F, 0xC7, 0x1F, 0xC7, 0x1F, 0xC7, 0x1F, 0xBF, 0x1F, 0xBF,
    0x1F, 0xBF, 0xFF, 0xBE, 0xFF, 0xBE, 0xFF, 0xBE, 0xFF, 0xBE, 0xDF, 0xBE, 0xDF, 0xBE, 0xDF, 0xBE,
    0xDF, 0xB6, 0xDF, 0xB6, 0xDF, 0xB6, 0xDF, 0xB6, 0xDF, 0xB6, 0xDF, 0xB6, 0xBF, 0xB6, 0xBF, 0xAE,
    0xBF, 0xAE, 0xBF, 0xAE, 0xBF, 0xAE, 0xBF, 0xAE, 0xBF, 0xAE, 0x9F, 0xAE, 0x9F, 0xAE, 0x9F, 0xAE,
    0x9F, 0xA6, 0x7F, 0xA6, 0x7F, 0xA6, 0x7F, 0xA6, 0x7F, 0xA6, 0x7F, 0x9E, 0x7F, 0x9E, 0x7F, 0x9E,
    0x5F, 0x9E, 0x5F, 0x9E, 0x5F, 0x96, 0x3F, 0x96, 0x3E, 0x96, 0x1E, 0x8E, 0x1E, 0x8E, 0x1E, 0x8E,
    0x5F, 0x96, 0x5F, 0x9E, 0x7F, 0x9E, 0x7F, 0x9E, 0x7F, 0x9E, 0x7F, 0xA6, 0x7F, 0xA6, 0x9F, 0xA6,
    0x9F, 0xA6, 0x9F, 0xA6, 0x9F, 0xAE, 0x9F, 0xAE, 0x9F, 0xAE, 0x9F, 0xAE, 0xBF, 0xAE, 0xBF, 0xAE,
    0xBF, 0xAE, 0xBF, 0xB6, 0xBF, 0xB6, 0xDF, 0xB6, 0xDF, 0xB6, 0xDF, 0xB6, 0xDF, 0xB6, 0xDF, 0xB6,
    0xDF, 0xB6, 0xDF, 0xBE, 0xDF, 0xBE, 0xDF, 0xBE, 0xDF, 0xBE, 0xFF, 0xBE, 0xFF, 0xBE, 0xFF, 0xBE,
    0x1F, 0xBF, 0x1F, 0xC7, 0x1F, 0xC7, 0x1F, 0xC7, 0x1F, 0xC7, 0x1F, 0xC7, 0x1F, 0xC7, 0x1F, 0xC7,
    0x3F, 0xC7, 0x3F, 0xCF, 0x3F, 0xCF, 0x3F, 0xCF, 0x3F, 0xCF, 0x3F, 0xCF, 0x3F, 0xCF, 0x5F, 0xCF,
    0x5F, 0xCF, 0x5F, 0xCF, 0x5F, 0xCF, 0x5F, 0xCF, 0x5F, 0xCF, 0x3F, 0xCF, 0x3F, 0xCF, 0x5F, 0xCF,
    0x5F, 0xCF, 0x5F, 0xCF, 0x5F, 0xCF, 0x5F, 0xCF, 0x3F, 0xCF, 0x3F, 0xCF, 0x3F, 0xCF, 0x3F, 0xCF,
    0x3F, 0xCF, 0x3F, 0xCF, 0x1F, 0xCF, 0x1F, 0xCF, 0x1F, 0xC7, 0x1F, 0xC7, 0x1F, 0xC7, 0x1F, 0xC7,
    0x1F, 0xC7, 0x1F, 0xBF, 0x1F, 0xBF, 0xFF, 0xBE, 0xFF, 0xBE, 0xFF, 0xBE, 0xFF, 0xBE, 0xFF, 0xBE,
    0xFF, 0xBE, 0xFF, 0xBE, 0xDF, 0xB6, 0xDF, 0xB6, 0xDF, 0xB6, 0xDF, 0xB6, 0xDF, 0xB6, 0xBF, 0xB6,
    0xBF, 0xB6, 0xBF, 0xB6, 0xBF, 0xAE, 0xBF, 0xAE, 0xBF, 0xAE, 0x9F, 0xAE, 0x9F, 0xAE, 0x9F, 0xAE,
    0x9F, 0xAE, 0x7F, 0xA6, 0x7F, 0xA6, 0x7F, 0xA6, 0x7F, 0xA6, 0x7F, 0xA6, 0x7F, 0x9E, 0x7F, 0x9E,
    0x5F, 0x9E, 0x5F, 0x9E, 0x5F, 0x96, 0x3E, 0x96, 0x3E, 0x96, 0x3E, 0x8E, 0x1E, 0x8E, 0x1E, 0x8E,
    0x5F, 0x9E, 0x5F, 0x9E, 0x7F, 0x9E, 0x7F, 0x9E, 0x7F, 0xA6, 0x7F, 0xA6, 0x7F, 0xA6, 0x9F, 0xA6,
    0x9F, 0xA6, 0x9F, 0xA6, 0x9F, 0xAE, 0x9F, 0xAE, 0xBF, 0xAE, 0xBF, 0xAE, 0xBF, 0xAE, 0xBF, 0xAE,
    0xBF, 0xAE, 0xBF, 0xB6, 0xDF, 0xB6, 0xDF, 0xB6, 0xDF, 0xB6, 0xDF, 0xB6, 0xDF, 0xB6, 0xDF, 0xBE,
    0xFF, 0xBE, 0xDF, 0xBE, 0xFF, 0xBE, 0xFF, 0xBE, 0xFF, 0xBE, 0xFF, 0xBE, 0xFF, 0xBE, 0x1F, 0xBF,
    0x1F, 0xC7, 0x1F, 0xC7, 0x1F, 0xC7, 0x1F, 0xC7, 0x1F, 0xC7, 0x1F, 0xC7, 0x1F, 0xC7, 0x3F, 0xC7,
    0x3F, 0xCF, 0x3F, 0xCF, 0x3F, 0xCF, 0x3F, 0xCF, 0x5F, 0xCF, 0x5F, 0xCF, 0x5F, 0xCF, 0x5F, 0xCF,
    0x5F, 0xCF, 0x5F, 0xCF, 0x5F, 0xCF, 0x5F, 0xCF, 0x5F, 0xCF, 0x5F, 0xCF, 0x5F, 0xCF, 0x5F, 0xCF,
    0x5F, 0xCF, 0x5F, 0xCF, 0x5F, 0xCF, 0x5F, 0xCF, 0x5F, 0xCF, 0x3F, 0xCF, 0x3F, 0xCF, 0x3F, 0xCF,
    0x3F, 0xCF, 0x3F, 0xCF, 0x3F, 0xCF, 0x3F, 0xCF, 0x1F, 0xCF, 0x3F, 0xC7, 0x1F, 0xC7, 0x1F, 0xC7,
    0x1F, 0xC7, 0x1F, 0xC7, 0x1F, 0xC7, 0x1F, 0xBF, 0x1F, 0xBF, 0xFF, 0xBE, 0xFF, 0xBE, 0xFF, 0xBE,
    0xFF, 0xBE, 0xFF, 0xBE, 0xFF, 0xBE, 0xFF, 0xB6, 0xDF, 0xB6, 0xDF, 0xB6, 0xDF, 0xB6, 0xDF, 0xB6,
    0xBF, 0xB6, 0xBF, 0xB6, 0xBF, 0xB6, 0xBF, 0xAE, 0xBF, 0xAE, 0xBF, 0xAE, 0x9F, 0xAE, 0x9F, 0xAE,
    0x9F, 0xAE, 0x9F, 0xAE, 0x9F, 0xA6, 0x9F, 0xA6, 0x9F, 0xA6, 0x9F, 0xA6, 0x7F, 0x9E, 0x7F, 0x9E,
    0x7F, 0x9E, 0x5F, 0x9E, 0x5E, 0x9E, 0x5E, 0x96, 0x3E, 0x96, 0x3E, 0x96, 0x1E, 0x8E, 0x1E, 0x8E,
    0x5F, 0x9E, 0x7F, 0x9E, 0x7F, 0x9E, 0x7F, 0xA6, 0x7F, 0xA6, 0x9F, 0xA6, 0x9F, 0xA6, 0x9F, 0xA6,
    0x9F, 0xA6, 0x9F, 0xAE, 0x9F, 0xAE, 0xBF, 0xAE, 0xBF, 0xAE, 0xBF, 0xAE, 0xBF, 0xB6, 0xBF, 0xB6,
    0xBF, 0xAE, 0xDF, 0xB6, 0xDF, 0xB6, 0xDF, 0xB6, 0xDF, 0xB6, 0xDF, 0xB6, 0xFF, 0xBE, 0xFF, 0xBE,
    0xFF, 0xBE, 0xFF, 0xBE, 0xFF, 0xBE, 0xFF, 0xBE, 0xFF, 0xBE, 0xFF, 0xBE, 0x1F, 0xC7, 0x1F, 0xC7,
    0x1F, 0xC7, 0x1F, 0xC7, 0x3F, 0xC7, 0x3F, 0xC7, 0x1F, 0xC7, 0x3F, 0xC7, 0x3F, 0xCF, 0x3F, 0xCF,
    0x3F, 0xCF, 0x3F, 0xCF, 0x3F, 0xCF, 0x5F, 0xCF, 0x5F, 0xCF, 0x5F, 0xCF, 0x5F, 0xCF, 0x5F, 0xCF,
    0x5F, 0xCF, 0x5F, 0xCF, 0x5F, 0xCF, 0x5F, 0xCF, 0x5F, 0xCF, 0x5F, 0xCF, 0x5F, 0xCF, 0x5F, 0xCF,
    0x5F, 0xCF, 0x5F, 0xCF, 0x5F, 0xCF, 0x5F, 0xCF, 0x5F, 0xCF, 0x3F, 0xCF, 0x3F, 0xCF, 0x3F, 0xCF,
    0x3F, 0xCF, 0x3F, 0xCF, 0x3F, 0xCF, 0x3F, 0xCF, 0x1F, 0xCF, 0x3F, 0xCF, 0x1F, 0xC7, 0x1F, 0xC7,
    0x1F, 0xC7, 0x1F, 0xC7, 0x1F, 0xC7, 0x1F, 0xC7, 0x1F, 0xC7, 0xFF, 0xBE, 0xFF, 0xBE, 0xFF, 0xBE,
    0xFF, 0xBE, 0xFF, 0xBE, 0xFF, 0xBE, 0xDF, 0xBE, 0xDF, 0xBE, 0xDF, 0xB6, 0xDF, 0xB6, 0xDF, 0xB6,
    0xBF, 0xB6, 0xDF, 0xB6, 0xBF, 0xB6, 0xBF, 0xB6, 0xBF, 0xAE, 0xBF, 0xAE, 0xBF, 0xAE, 0xBF, 0xAE,
    0x9F, 0xAE, 0x9F, 0xAE, 0x9F, 0xA6, 0x9F, 0xA6, 0x9F, 0xA6, 0x9F, 0xA6, 0x9F, 0xA6, 0x7F, 0x9E,
    0x7F, 0x9E, 0x7F, 0x9E, 0x5E, 0x9E, 0x5E, 0x96, 0x3E, 0x96, 0x3E, 0x96, 0x1E, 0x8E, 0x1E, 0x8E,
    0x5E, 0x9E, 0x7F, 0x9E, 0x7F, 0x9E, 0x7F, 0xA6, 0x9F, 0xA6, 0x9F, 0xA6, 0x9F, 0xA6, 0x9F, 0xA6,
    0x9F, 0xAE, 0xBF, 0xAE, 0xBF, 0xAE, 0xBF, 0xAE, 0xBF, 0xAE, 0xBF, 0xAE, 0xBF, 0xB6, 0xBF, 0xB6,
    0xDF, 0xB6, 0xDF, 0xB6, 0xDF, 0xB6, 0xFF, 0xB6, 0xFF, 0xB6, 0xFF, 0xBE, 0xFF, 0xBE, 0xFF, 0xBE,
    0xFF, 0xBE, 0xFF, 0xBE, 0x1F, 0xBF, 0x1F, 0xBF, 0x1F, 0xC7, 0x1F, 0xC7, 0x1F, 0xC7, 0x3F, 0xC7,
    0x3F, 0xC7, 0x3F, 0xC7, 0x3F, 0xC7, 0x3F, 0xC7, 0x3F, 0xC7, 0x3F, 0xCF, 0x3F, 0xCF, 0x3F, 0xCF,
    0x5F, 0xCF, 0x5F, 0xCF, 0x5F, 0xCF, 0x5F, 0xCF, 0x5F, 0xD7, 0x5F, 0xCF, 0x5F, 0xD7, 0x5F, 0xD7,
    0x5F, 0xD7, 0x5F, 0xD7, 0x5F, 0xD7, 0x5F, 0xD7, 0x5F, 0xD7, 0x5F, 0xD7, 0x5F, 0xD7, 0x5F, 0xD7,
    0x5F, 0xD7, 0x5F, 0xD7, 0x5F, 0xD7, 0x5F, 0xD7, 0x5F, 0xD7, 0x5F, 0xCF, 0x5F, 0xCF, 0x5F, 0xCF,
    0x3F, 0xCF, 0x3F, 0xCF, 0x3F, 0xCF, 0x3F, 0xCF, 0x3F, 0xCF, 0x3F, 0xCF, 0x3F, 0xCF, 0x3F, 0xC7,
    0x3F, 0xC7, 0x3F, 0xC7, 0x1F, 0xC7, 0x1F, 0xC7, 0x1F, 0xC7, 0x1F, 0xC7, 0x1F, 0xC7, 0x1F, 0xBF,
    0x1F, 0xBF, 0x1F, 0xBF, 0xFF, 0xBE, 0xFF, 0xBE, 0xFF, 0xBE, 0xDF, 0xBE, 0xDF, 0xB6, 0xDF, 0xB6,
    0xDF, 0xB6, 0xDF, 0xB6, 0xDF, 0xB6, 0xDF, 0xB6, 0xDF, 0xB6, 0xBF, 0xB6, 0xBF, 0xAE, 0xBF, 0xAE,
    0xBF, 0xAE, 0xBF, 0xAE, 0x9F, 0xAE, 0x9F, 0xA6, 0x9F, 0xA6, 0x9F, 0xA6, 0x9F, 0xA6, 0x9F, 0xA6,
    0x7F, 0x9E, 0x7F, 0x9E, 0x7E, 0x9E, 0x5E, 0x96, 0x5E, 0x96, 0x3E, 0x96, 0x3E, 0x8E, 0x1E, 0x8E,
    0x5E, 0x9E, 0x5F, 0x9E, 0x7F, 0xA6, 0x7F, 0xA6, 0x9F, 0xA6, 0x9F, 0xA6, 0x9F, 0xA6, 0x9F, 0xAE,
    0x9F, 0xAE, 0xBF, 0xAE, 0xBF, 0xAE, 0xBF, 0xAE, 0xBF, 0xAE, 0xBF, 0xB6, 0xBF, 0xB6, 0xDF, 0xB6,
    0xDF, 0xB6, 0xDF, 0xB6, 0xDF, 0xBE, 0xFF, 0xBE, 0xFF, 0xBE, 0xFF, 0xBE, 0xFF, 0xBE, 0xFF, 0xBE,
    0xFF, 0xBE, 0xFF, 0xBE, 0xFF, 0xBE, 0x1F, 0xC7, 0x1F, 0xC7, 0x1F, 0xC7, 0x1F, 0xC7, 0x3F, 0xC7,
    0x3F, 0xC7, 0x3F, 0xC7, 0x3F, 0xC7, 0x3F, 0xCF, 0x3F, 0xCF, 0x3F, 0xCF, 0x3F, 0xCF, 0x3F, 0xCF,
    0x3F, 0xCF, 0x5F, 0xCF, 0x5F, 0xCF, 0x5F, 0xD7, 0x5F, 0xD7, 0x5F, 0xD7, 0x5F, 0xD7, 0x5F, 0xD7,
    0x5F, 0xD7, 0x5F, 0xD7, 0x5F, 0xD7, 0x5F, 0xD7, 0x5F, 0xD7, 0x5F, 0xD7, 0x5F, 0xD7, 0x5F, 0xD7,
    0x5F, 0xD7, 0x5F, 0xD7, 0x5F, 0xD7, 0x5F, 0xD7, 0x5F, 0xD7, 0x5F, 0xD7, 0x5F, 0xD7, 0x5F, 0xD7,
    0x5F, 0xD7, 0x3F, 0xD7, 0x3F, 0xCF, 0x3F, 0xCF, 0x3F, 0xCF, 0x3F, 0xCF, 0x3F, 0xCF, 0x3F, 0xCF,
    0x3F, 0xCF, 0x1F, 0xC7, 0x1F, 0xC7, 0x1F, 0xC7, 0x1F, 0xC7, 0x1F, 0xC7, 0x1F, 0xC7, 0x1F, 0xC7,
    0x1E, 0xBF, 0x1F, 0xBF, 0xFF, 0xBE, 0xFF, 0xBE, 0xFF, 0xBE, 0xFF, 0xBE, 0xDF, 0xBE, 0xDF, 0xBE,
    0xDF, 0xB6, 0xDF, 0xB6, 0xDF, 0xB6, 0xDF, 0xB6, 0xDF, 0xB6, 0xDF, 0xB6, 0xBF, 0xAE, 0xBF, 0xAE,
    0xBF, 0xAE, 0xBF, 0xAE, 0x9F, 0xAE, 0x9F, 0xAE, 0x9F, 0xA6, 0x9F, 0xA6, 0x9F, 0xA6, 0x9F, 0xA6,
    0x9F, 0xA6, 0x7F, 0x9E, 0x7F, 0x9E, 0x5E, 0x9E, 0x3E, 0x96, 0x3E, 0x96, 0x3E, 0x96, 0x1E, 0x8E,
    0x5E, 0x9E, 0x7F, 0x9E, 0x7F, 0xA6, 0x7F, 0xA6, 0x9F, 0xA6, 0x9F, 0xA6, 0x9F, 0xA6, 0xBF, 0xAE,
    0xBF, 0xAE, 0xBF, 0xAE, 0xBF, 0xAE, 0xBF, 0xAE, 0xBF, 0xAE, 0xDF, 0xB6, 0xDF, 0xB6, 0xDF, 0xB6,
    0xDF, 0xB6, 0xDF, 0xB6, 0xDF, 0xBE, 0xFF, 0xBE, 0xFF, 0xBE, 0xFF, 0xBE, 0xFF, 0xBE, 0xFF, 0xBE,
    0xFF, 0xBE, 0xFF, 0xC6, 0xFF, 0xC6, 0x1F, 0xC7, 0x1F, 0xC7, 0x3F, 0xC7, 0x3F, 0xC7, 0x3F, 0xC7,
    0x3F, 0xCF, 0x3F, 0xCF, 0x3F, 0xCF, 0x3F, 0xCF, 0x3F, 0xCF, 0x3F, 0xCF, 0x3F, 0xCF, 0x3F, 0xCF,
    0x5F, 0xCF, 0x5F, 0xCF, 0x5F, 0xCF, 0x5F, 0xD7, 0x5F, 0xD7, 0x5F, 0xD7, 0x5F, 0xD7, 0x5F, 0xD7,
    0x7F, 0xD7, 0x7F, 0xD7, 0x7F, 0xD7, 0x5F, 0xD7, 0x5F, 0xD7, 0x5F, 0xD7, 0x5F, 0xD7, 0x5F, 0xD7,
    0x5F, 0xD7, 0x5F, 0xD7, 0x5F, 0xD7, 0x5F, 0xD7, 0x5F, 0xD7, 0x5F, 0xD7, 0x5F, 0xD7, 0x5F, 0xD7,
    0x5F, 0xD7, 0x3F, 0xD7, 0x3F, 0xD7, 0x3F, 0xCF, 0x3F, 0xCF, 0x3F, 0xCF, 0x3F, 0xCF, 0x3F, 0xCF,
    0x3F, 0xCF, 0x3F, 0xCF, 0x3F, 0xCF, 0x1F, 0xC7, 0x1F, 0xC7, 0x1F, 0xC7, 0x1F, 0xC7, 0x1F, 0xC7,
    0x1F, 0xC7, 0x1F, 0xC7, 0x1F, 0xBF, 0xFF, 0xBE, 0xFF, 0xBE, 0xFF, 0xBE, 0xFF, 0xBE, 0xDF, 0xBE,
    0xDF, 0xBE, 0xFF, 0xBE, 0xDF, 0xB6, 0xDF, 0xB6, 0xDF, 0xB6, 0xDF, 0xB6, 0xDF, 0xB6, 0xDF, 0xAE,
    0xDF, 0xAE, 0xBF, 0xAE, 0xBF, 0xAE, 0xBF, 0xAE, 0xBF, 0xAE, 0xBF, 0xAE, 0x9F, 0xA6, 0x9F, 0xA6,
    0x9F, 0xA6, 0x7F, 0x9E, 0x7F, 0x9E, 0x5E, 0x9E, 0x5E, 0x96, 0x3E, 0x96, 0x3E, 0x96, 0x1E, 0x8E,
    0x5E, 0x9E, 0x7F, 0x9E, 0x9F, 0xA6, 0x9F, 0xA6, 0x9F, 0xAE, 0x9F, 0xAE, 0xBF, 0xAE, 0xBF, 0xAE,
    0xBF, 0xAE, 0xBF, 0xAE, 0xBF, 0xB6, 0xBF, 0xB6, 0xDF, 0xB6, 0xDF, 0xB6, 0xDF, 0xB6, 0xDF, 0xB6,
    0xDF, 0xB6, 0xDF, 0xBE, 0xFF, 0xBE, 0xFF, 0xBE, 0xFF, 0xBE, 0xFF, 0xBE, 0xFF, 0xBE, 0x1F, 0xC7,
    0x1F, 0xC7, 0x1F, 0xC7, 0x1F, 0xC7, 0x1F, 0xC7, 0x3F, 0xC7, 0x3F, 0xC7, 0x3F, 0xC7, 0x3F, 0xC7,
    0x3F, 0xCF, 0x3F, 0xCF, 0x1F, 0xD7, 0x1F, 0xD7, 0x1F, 0xD7, 0x3F, 0xCF, 0x3F, 0xCF, 0x5F, 0xCF,
    0x5F, 0xCF, 0x5F, 0xD7, 0x5F, 0xD7, 0x5F, 0xD7, 0x5E, 0xD7, 0x5F, 0xDF, 0x5F, 0xDF, 0x7F, 0xD7,
    0x7F, 0xD7, 0x9F, 0xCF, 0x7F, 0xD7, 0x5F, 0xD7, 0x5F, 0xD7, 0x5F, 0xDF, 0x5F, 0xDF, 0x5F, 0xD7,
    0x7F, 0xD7, 0x7F, 0xD7, 0x5F, 0xD7, 0x5F, 0xD7, 0x5F, 0xD7, 0x3F, 0xDF, 0x1F, 0xDF, 0x3F, 0xDF,
    0x5F, 0xD7, 0x5F, 0xCF, 0x5F, 0xCF, 0x5F, 0xCF, 0x5F, 0xC7, 0x5F, 0xC7, 0x3F, 0xCF, 0x3F, 0xCF,
    0x3F, 0xCF, 0x3F, 0xCF, 0x3F, 0xCF, 0x3F, 0xCF, 0x3F, 0xC7, 0x1F, 0xC7, 0x1F, 0xC7, 0x1F, 0xC7,
    0x1F, 0xC7, 0x1F, 0xC7, 0x1F, 0xC7, 0xFF, 0xBE, 0xFF, 0xBE, 0xFF, 0xBE, 0xFF, 0xBE, 0xFF, 0xBE,
    0xFF, 0xBE, 0xFF, 0xBE, 0xDF, 0xB6, 0xDF, 0xB6, 0xDF, 0xB6, 0xDF, 0xB6, 0xDF, 0xB6, 0xDF, 0xB6,
    0xBF, 0xAE, 0xBF, 0xAE, 0xBF, 0xAE, 0xBF, 0xAE, 0xBF, 0xAE, 0xBF, 0xAE, 0x9F, 0xA6, 0x9F, 0xA6,
    0x9F, 0xA6, 0x9F, 0xA6, 0x7F, 0x9E, 0x7E, 0x9E, 0x5E, 0x9E, 0x3E, 0x96, 0x3E, 0x96, 0x1E, 0x8E,
    0x7F, 0x9E, 0x7F, 0xA6, 0x9F, 0xA6, 0x9F, 0xAE, 0x9F, 0xAE, 0xBF, 0xAE, 0xBF, 0xAE, 0xBF, 0xAE,
    0xBF, 0xAE, 0xDF, 0xB6, 0xDF, 0xB6, 0xDF, 0xB6, 0xDF, 0xB6, 0xDF, 0xB6, 0xFF, 0xBE, 0xFF, 0xBE,
    0xFF, 0xBE, 0xFF, 0xBE, 0xFF, 0xBE, 0x1F, 0xBF, 0x1F, 0xBF, 0x1F, 0xC7, 0x1F, 0xC7, 0x1F, 0xC7,
    0x1F, 0xC7, 0x3F, 0xC7, 0x3F, 0xC7, 0x3F, 0xC7, 0x3F, 0xCF, 0x3F, 0xCF, 0x3F, 0xCF, 0x3F, 0xCF,
    0x3F, 0xCF, 0x3F, 0xCF, 0x3F, 0xCF, 0x3F, 0xD7, 0x3F, 0xD7, 0x3F, 0xD7, 0x3F, 0xD7, 0x3F, 0xD7,
    0x3F, 0xD7, 0x3F, 0xD7, 0x3F, 0xDF, 0x5E, 0xDF, 0x5E, 0xDF, 0x5F, 0xDF, 0x5F, 0xDF, 0x7F, 0xD7,
    0x7F, 0xD7, 0x9F, 0xCF, 0x7F, 0xD7, 0x7F, 0xDF, 0x7F, 0xDF, 0x7F, 0xDF, 0x7F, 0xDF, 0x7F, 0xDF,
    0x7F, 0xDF, 0x7F, 0xDF, 0x7F, 0xDF, 0x7F, 0xDF, 0x5F, 0xD7, 0x3F, 0xDF, 0x1F, 0xEF, 0x1F, 0xE7,
    0x3F, 0xD7, 0x5F, 0xD7, 0x7F, 0xCF, 0x5F, 0xCF, 0x5F, 0xC7, 0x5F, 0xC7, 0x3F, 0xCF, 0x3F, 0xCF,
    0x3F, 0xCF, 0x3F, 0xCF, 0x3F, 0xCF, 0x3F, 0xCF, 0x3F, 0xCF, 0x1F, 0xCF, 0x1F, 0xC7, 0x1F, 0xC7,
    0x1F, 0xC7, 0x1F, 0xC7, 0x1F, 0xC7, 0x1F, 0xC7, 0xFF, 0xC6, 0xFF, 0xBE, 0xFF, 0xBE, 0xFF, 0xBE,
    0xFF, 0xBE, 0xFF, 0xBE, 0xFF, 0xBE, 0xFF, 0xB6, 0xFF, 0xB6, 0xFE, 0xB6, 0xDF, 0xB6, 0xDF, 0xB6,
    0xDF, 0xB6, 0xBF, 0xAE, 0xBF, 0xAE, 0xBF, 0xAE, 0xBF, 0xAE, 0xBF, 0xAE, 0xBF, 0xAE, 0x9F, 0xA6,
    0x9F, 0xA6, 0x9F, 0xA6, 0x7F, 0xA6, 0x7F, 0x9E, 0x5E, 0x9E, 0x5E, 0x96, 0x3E, 0x96, 0x3E, 0x96,
    0x7F, 0x9E, 0x7F, 0xA6, 0x9F, 0xA6, 0x9F, 0xAE, 0x9F, 0xAE, 0xBF, 0xAE, 0xBF, 0xAE, 0xBF, 0xB6,
    0xBF, 0xB6, 0xDF, 0xB6, 0xDF, 0xB6, 0xDF, 0xB6, 0xDF, 0xB6, 0xDF, 0xBE, 0xFF, 0xBE, 0xFF, 0xBE,
    0xFF, 0xBE, 0xFF, 0xBE, 0x1F, 0xBF, 0x1F, 0xBF, 0x1F, 0xC7, 0x1F, 0xC7, 0x1F, 0xC7, 0x1F, 0xC7,
    0x3F, 0xC7, 0x3F, 0xC7, 0x5F, 0xC7, 0x3F, 0xC7, 0x3F, 0xCF, 0x1F, 0xD7, 0x1F, 0xDF, 0x1F, 0xD7,
    0x3F, 0xD7, 0x5F, 0xCF, 0x7F, 0xCF, 0x7F, 0xCF, 0x7F, 0xCF, 0x5F, 0xD7, 0x1F, 0xD7, 0x1F, 0xDF,
    0x5F, 0xD7, 0x9F, 0xD7, 0x9F, 0xD7, 0x5F, 0xCF, 0x3E, 0xCF, 0x7F, 0xD7, 0x7F, 0xD7, 0x7F, 0xD7,
    0x7F, 0xD7, 0x7F, 0xD7, 0x7F, 0xDF, 0x7F, 0xDF, 0x7F, 0xDF, 0x7F, 0xDF, 0x7F, 0xDF, 0x7F, 0xDF,
    0x7F, 0xDF, 0x7F, 0xDF, 0x7F, 0xDF, 0x7F, 0xDF, 0x7F, 0xD7, 0x3F, 0xD7, 0x3F, 0xD7, 0x7F, 0xDF,
    0x7F, 0xDF, 0x3D, 0xDF, 0x3D, 0xDF, 0x5E, 0xD7, 0x5F, 0xCF, 0x5F, 0xCF, 0x5F, 0xCF, 0x3F, 0xCF,
    0x5F, 0xCF, 0x3F, 0xCF, 0x3F, 0xCF, 0x3F, 0xCF, 0x3F, 0xCF, 0x3F, 0xCF, 0x3F, 0xCF, 0x3F, 0xC7,
    0x3F, 0xC7, 0x3F, 0xC7, 0x1F, 0xC7, 0x1F, 0xC7, 0x1F, 0xC7, 0x1F, 0xC7, 0x1F, 0xC7, 0xFF, 0xC6,
    0xFF, 0xBE, 0xFF, 0xBE, 0xFF, 0xBE, 0xFF, 0xB6, 0xFF, 0xB6, 0xFF, 0xB6, 0xDF, 0xB6, 0xDF, 0xB6,
    0xDF, 0xB6, 0xDE, 0xB6, 0xDF, 0xB6, 0xDF, 0xAE, 0xBF, 0xAE, 0xBF, 0xAE, 0xBF, 0xAE, 0xBF, 0xAE,
    0x9F, 0xA6, 0x9F, 0xA6, 0x7F, 0xA6, 0x7F, 0x9E, 0x5F, 0x9E, 0x5E, 0x9E, 0x3E, 0x96, 0x3E, 0x96,
    0x7F, 0xA6, 0x7F, 0xA6, 0x9F, 0xA6, 0x9F, 0xAE, 0x9F, 0xAE, 0xBF, 0xAE, 0xBF, 0xB6, 0xDF, 0xB6,
    0xBF, 0xB6, 0xDF, 0xB6, 0xDF, 0xB6, 0xDF, 0xBE, 0xDF, 0xBE, 0xFF, 0xBE, 0xFF, 0xBE, 0xFF, 0xBE,
    0xFF, 0xBE, 0xFF, 0xBE, 0xFF, 0xC6, 0xFF, 0xC6, 0x1F, 0xC7, 0x1F, 0xC7, 0x1F, 0xC7, 0x1F, 0xC7,
    0x3F, 0xC7, 0x3F, 0xC7, 0x3F, 0xC7, 0x3F, 0xC7, 0x3F, 0xCF, 0x3F, 0xD7, 0x3F, 0xD7, 0x3E, 0xD7,
    0x5E, 0xD7, 0x5F, 0xCF, 0x7F, 0xCF, 0x7F, 0xCF, 0x7F, 0xD7, 0x7F, 0xD7, 0x5F, 0xDF, 0x9F, 0xE7,
    0xFF, 0xD7, 0xBF, 0xB7, 0xBD, 0x9E, 0xD7, 0x64, 0xD7, 0x64, 0xFF, 0xB6, 0x5F, 0xCF, 0x5F, 0xD7,
    0x5F, 0xD7, 0x5F, 0xDF, 0x7F, 0xDF, 0x7F, 0xDF, 0x7F, 0xDF, 0x7F, 0xDF, 0x7F, 0xDF, 0x7F, 0xDF,
    0x7F, 0xDF, 0x7F, 0xDF, 0x7F, 0xDF, 0x7F, 0xDF, 0xDF, 0xD7, 0x7A, 0x75, 0x57, 0x4C, 0x1D, 0x86,
    0x1E, 0xB7, 0x9F, 0xD7, 0x9F, 0xD7, 0x7F, 0xD7, 0x5F, 0xD7, 0x3F, 0xCF, 0x5F, 0xD7, 0x5F, 0xD7,
    0x5F, 0xD7, 0x5F, 0xCF, 0x3F, 0xCF, 0x3F, 0xCF, 0x3F, 0xCF, 0x3F, 0xCF, 0x3F, 0xCF, 0x3F, 0xCF,
    0x1F, 0xC7, 0x3F, 0xC7, 0x1F, 0xC7, 0x1F, 0xC7, 0x1F, 0xC7, 0x1F, 0xC7, 0x1F, 0xC7, 0xFF, 0xC6,
    0xFF, 0xBE, 0xFF, 0xBE, 0xFF, 0xBE, 0xFF, 0xBE, 0xFF, 0xB6, 0xFF, 0xB6, 0xFF, 0xB6, 0xDF, 0xB6,
    0xDF, 0xB6, 0xDE, 0xB6, 0xBF, 0xB6, 0xBF, 0xB6, 0xBF, 0xAE, 0xBF, 0xAE, 0xBF, 0xAE, 0x9F, 0xAE,
    0x9F, 0xA6, 0x9F, 0xA6, 0x7F, 0xA6, 0x7F, 0xA6, 0x5F, 0x9E, 0x5E, 0x9E, 0x5E, 0x96, 0x3E, 0x96,
    0x7F, 0xA6, 0x7F, 0xA6, 0x9F, 0xA6, 0x9F, 0xAE, 0xBF, 0xAE, 0xBF, 0xAE, 0xBF, 0xB6, 0xDF, 0xB6,
    0xBF, 0xB6, 0xDF, 0xB6, 0xDF, 0xB6, 0xDF, 0xBE, 0xDF, 0xBE, 0xFF, 0xBE, 0xFF, 0xBE, 0xFF, 0xBE,
    0xFF, 0xBE, 0x1F, 0xC7, 0x1F, 0xC7, 0x1F, 0xC7, 0x1F, 0xC7, 0x3F, 0xC7, 0x3F, 0xC7, 0x3F, 0xCF,
    0x3F, 0xCF, 0x1F, 0xCF, 0x1F, 0xCF, 0x3F, 0xCF, 0x3F, 0xCF, 0x5F, 0xC7, 0x7E, 0xC7, 0x7E, 0xCF,
    0x5E, 0xD7, 0x5E, 0xD7, 0x5E, 0xDF, 0x5F, 0xDF, 0x7F, 0xE7, 0x9F, 0xDF, 0x9F, 0xD7, 0xFD, 0xBE,
    0x1B, 0x76, 0xB7, 0x2C, 0xD5, 0x13, 0xB6, 0x13, 0x96, 0x13, 0x79, 0x6D, 0x3E, 0xBF, 0x1E, 0xC7,
    0x5F, 0xD7, 0x7F, 0xDF, 0x7F, 0xE7, 0x9F, 0xE7, 0x9F, 0xE7, 0x7F, 0xDF, 0x7F, 0xDF, 0x7F, 0xDF,
    0x7F, 0xDF, 0x7F, 0xDF, 0x7F, 0xDF, 0x9F, 0xDF, 0xDE, 0x9E, 0xF7, 0x23, 0x57, 0x03, 0xD8, 0x13,
    0x36, 0x34, 0x5A, 0x65, 0x5E, 0x8E, 0x1F, 0xB7, 0x7F, 0xD7, 0x7E, 0xDF, 0x5F, 0xD7, 0x5F, 0xD7,
    0x5F, 0xD7, 0x5F, 0xCF, 0x3F, 0xCF, 0x3F, 0xCF, 0x3F, 0xCF, 0x3F, 0xCF, 0x3F, 0xCF, 0x3F, 0xCF,
    0x3F, 0xCF, 0x3F, 0xCF, 0x3F, 0xC7, 0x3F, 0xC7, 0x1F, 0xC7, 0x1F, 0xC7, 0x1F, 0xC7, 0x1F, 0xC7,
    0x1F, 0xC7, 0x1F, 0xBF, 0xFF, 0xBE, 0xFF, 0xBE, 0xFF, 0xBE, 0xFF, 0xB6, 0xFF, 0xB6, 0xFF, 0xB6,
    0xDF, 0xB6, 0xDF, 0xB6, 0xDF, 0xB6, 0xDF, 0xB6, 0xBF, 0xAE, 0xBF, 0xAE, 0xBF, 0xAE, 0x9F, 0xAE,
    0x9F, 0xA6, 0x9F, 0xA6, 0x7E, 0xA6, 0x7E, 0xA6, 0x5E, 0x9E, 0x5E, 0x9E, 0x5E, 0x96, 0x5E, 0x96,
    0x7F, 0xA6, 0x7F, 0xA6, 0x9F, 0xAE, 0x9F, 0xAE, 0xBF, 0xAE, 0xBF, 0xB6, 0xBF, 0xB6, 0xDF, 0xB6,
    0xBF, 0xB6, 0xDF, 0xBE, 0xDF, 0xBE, 0xDF, 0xBE, 0xFE, 0xBE, 0xFE, 0xBE, 0xFF, 0xBE, 0xFF, 0xBE,
    0xFF, 0xBE, 0x1F, 0xC7, 0x1F, 0xC7, 0x1F, 0xC7, 0x1F, 0xC7, 0x3F, 0xCF, 0x3F, 0xCF, 0x3F, 0xCF,
    0x3F, 0xCF, 0x3F, 0xD7, 0x1F, 0xD7, 0x1F, 0xD7, 0x3F, 0xCF, 0x5F, 0xCF, 0x5F, 0xCF, 0x7F, 0xCF,
    0x7F, 0xCF, 0x7F, 0xD7, 0x9F, 0xD7, 0xBF, 0xD7, 0x3F, 0xBF, 0x3D, 0x8E, 0x1B, 0x5D, 0x19, 0x2C,
    0xD9, 0x0B, 0xD9, 0x03, 0xD9, 0x03, 0x1A, 0x04, 0xDA, 0x03, 0xD6, 0x23, 0xDB, 0x85, 0xDE, 0xAE,
    0x3D, 0xC7, 0x7C, 0xDF, 0x7E, 0xDF, 0x9F, 0xE7, 0x9F, 0xE7, 0x9F, 0xE7, 0x9F, 0xE7, 0x7F, 0xDF,
    0x5D, 0xEF, 0x5B, 0xF7, 0xBD, 0xEF, 0xBF, 0xC7, 0xDA, 0x3C, 0xB8, 0x03, 0xFB, 0x03, 0xDB, 0x03,
    0xBA, 0x03, 0x98, 0x0B, 0xD7, 0x1B, 0x58, 0x3C, 0xBC, 0x75, 0xDF, 0xA6, 0x7F, 0xCF, 0x9F, 0xD7,
    0x7F, 0xD7, 0x5F, 0xCF, 0x5F, 0xCF, 0x5F, 0xCF, 0x5F, 0xCF, 0x3F, 0xCF, 0x3F, 0xCF, 0x3F, 0xCF,
    0x3E, 0xCF, 0x3F, 0xCF, 0x3F, 0xC7, 0x3F, 0xC7, 0x3F, 0xC7, 0x3F, 0xC7, 0x1F, 0xC7, 0x1F, 0xC7,
    0x1F, 0xC7, 0x1F, 0xC7, 0xFF, 0xBE, 0xFF, 0xBE, 0xFF, 0xBE, 0xFF, 0xBE, 0xFF, 0xBE, 0xFF, 0xBE,
    0xFF, 0xB6, 0xDF, 0xB6, 0xDF, 0xB6, 0xDF, 0xB6, 0xBF, 0xB6, 0xBF, 0xAE, 0xBF, 0xAE, 0x9F, 0xAE,
    0x9E, 0xA6, 0x9F, 0xA6, 0x7E, 0xA6, 0x7E, 0xA6, 0x5E, 0x9E, 0x5E, 0x9E, 0x5E, 0x96, 0x3E, 0x96,
    0x7F, 0xA6, 0x9F, 0xA6, 0x9F, 0xAE, 0x9F, 0xAE, 0xBF, 0xB6, 0xBF, 0xB6, 0xDF, 0xB6, 0xDF, 0xB6,
    0xDF, 0xB6, 0xDF, 0xBE, 0xDF, 0xBE, 0xFE, 0xBE, 0xFE, 0xBE, 0xFE, 0xBE, 0xFF, 0xC6, 0xFF, 0xC6,
    0x1F, 0xC7, 0x1F, 0xC7, 0x1F, 0xC7, 0x1F, 0xC7, 0x3F, 0xC7, 0x3F, 0xCF, 0x3F, 0xCF, 0x5F, 0xCF,
    0x5F, 0xCF, 0x3F, 0xCF, 0x3E, 0xCF, 0x3E, 0xCF, 0x3E, 0xCF, 0x3E, 0xCF, 0x5E, 0xCF, 0x7F, 0xCF,
    0xBF, 0xCF, 0x9F, 0xBF, 0xBE, 0x9E, 0x7B, 0x6D, 0x58, 0x3C, 0xD8, 0x23, 0xB9, 0x0B, 0xBB, 0x03,
    0xDC, 0x03, 0xFC, 0x03, 0xFB, 0x03, 0xFA, 0x03, 0x19, 0x04, 0xB7, 0x13, 0x17, 0x3C, 0xFC, 0x85,
    0xBC, 0xB6, 0x1B, 0xCF, 0x5E, 0xDF, 0x9F, 0xE7, 0x9F, 0xE7, 0x9F, 0xE7, 0x9F, 0xE7, 0x7F, 0xE7,
    0x5D, 0xEF, 0x7C, 0xEF, 0xDF, 0xDF, 0x1B, 0x7E, 0xB7, 0x13, 0xDA, 0x0B, 0xBA, 0x03, 0xDB, 0x03,
    0xDC, 0x03, 0xDA, 0x03, 0xB9, 0x03, 0x77, 0x03, 0x77, 0x0B, 0x39, 0x2C, 0x1A, 0x5D, 0x5E, 0x96,
    0x3F, 0xBF, 0x9F, 0xCF, 0x9F, 0xD7, 0x5F, 0xD7, 0x3E, 0xD7, 0x3E, 0xD7, 0x3E, 0xD7, 0x3E, 0xD7,
    0x3E, 0xCF, 0x3E, 0xCF, 0x3E, 0xCF, 0x3E, 0xC7, 0x3E, 0xC7, 0x3F, 0xC7, 0x3F, 0xC7, 0x1F, 0xC7,
    0x1F, 0xC7, 0x1F, 0xC7, 0x1F, 0xBF, 0x1F, 0xBF, 0xFF, 0xBE, 0xFF, 0xBE, 0xFF, 0xBE, 0xFF, 0xBE,
    0xFF, 0xBE, 0xDF, 0xB6, 0xDF, 0xB6, 0xDF, 0xB6, 0xBF, 0xB6, 0xBF, 0xAE, 0xBF, 0xAE, 0x9E, 0xAE,
    0x9E, 0xA6, 0x9E, 0xA6, 0x9E, 0xA6, 0x7E, 0xA6, 0x5E, 0x9E, 0x5E, 0x9E, 0x5E, 0x96, 0x3E, 0x96,
    0x9F, 0xA6, 0x9E, 0xAE, 0xBF, 0xAE, 0xBF, 0xAE, 0xBF, 0xB6, 0xBF, 0xB6, 0xDF, 0xB6, 0xDF, 0xB6,
    0xDF, 0xB6, 0xDF, 0xBE, 0xFF, 0xBE, 0xFE, 0xBE, 0xFE, 0xBE, 0xFE, 0xBE, 0xFF, 0xC6, 0x1F, 0xC7,
    0x1F, 0xC7, 0x1F, 0xC7, 0x1F, 0xC7, 0x3F, 0xC7, 0x3F, 0xCF, 0x3F, 0xCF, 0x3F, 0xCF, 0x5F, 0xCF,
    0x5F, 0xCF, 0x5F, 0xCF, 0x3E, 0xC7, 0x3E, 0xC7, 0x9E, 0xD7, 0x9F, 0xD7, 0x9F, 0xCF, 0x1F, 0xB7,
    0x1D, 0x86, 0x1B, 0x55, 0xF9, 0x23, 0x58, 0x0B, 0x59, 0x0B, 0xB9, 0x0B, 0xFA, 0x0B, 0xDA, 0x03,
    0xDB, 0x03, 0xDB, 0x03, 0xDA, 0x03, 0xF9, 0x03, 0xF7, 0x03, 0xF8, 0x13, 0xD7, 0x23, 0x98, 0x54,
    0x1B, 0x9E, 0xBC, 0xC6, 0x3E, 0xD7, 0x7F, 0xDF, 0x9F, 0xE7, 0x9F, 0xE7, 0x9F, 0xE7, 0x9F, 0xE7,
    0x5E, 0xE7, 0xDF, 0xDF, 0xFE, 0xA6, 0xF5, 0x23, 0xB8, 0x0B, 0xB9, 0x03, 0xB9, 0x03, 0xB9, 0x03,
    0xD9, 0x03, 0xDA, 0x03, 0xDA, 0x03, 0xDA, 0x03, 0xDA, 0x03, 0xBA, 0x03, 0x98, 0x0B, 0xD8, 0x1B,
    0x58, 0x44, 0x5A, 0x75, 0xBE, 0xA6, 0x3F, 0xBF, 0x5F, 0xCF, 0x3F, 0xCF, 0x1E, 0xD7, 0x3E, 0xD7,
    0x3E, 0xCF, 0x3E, 0xCF, 0x3E, 0xCF, 0x3E, 0xCF, 0x3E, 0xCF, 0x3F, 0xC7, 0x3F, 0xC7, 0x3F, 0xC7,
    0x1F, 0xC7, 0x1F, 0xC7, 0x1F, 0xC7, 0x1F, 0xBF, 0xFF, 0xBE, 0xFF, 0xBE, 0xFF, 0xBE, 0xFF, 0xBE,
    0xFF, 0xBE, 0xFF, 0xBE, 0xDF, 0xBE, 0xDF, 0xB6, 0xDF, 0xB6, 0xDE, 0xB6, 0xBF, 0xAE, 0xBE, 0xAE,
    0x9E, 0xAE, 0x9E, 0xA6, 0x9E, 0xA6, 0x7E, 0xA6, 0x7E, 0x9E, 0x5E, 0x9E, 0x5E, 0x9E, 0x5E, 0x96,
    0x9F, 0xAE, 0x9E, 0xAE, 0xBF, 0xAE, 0xBF, 0xB6, 0xBF, 0xB6, 0xDF, 0xB6, 0xDF, 0xB6, 0xDF, 0xB6,
    0xDF, 0xBE, 0xFF, 0xBE, 0xFF, 0xBE, 0xFE, 0xBE, 0xFE, 0xBE, 0xFE, 0xC6, 0x1F, 0xC7, 0x1F, 0xC7,
    0x1E, 0xC7, 0x1F, 0xC7, 0x1F, 0xC7, 0x3F, 0xCF, 0x3F, 0xCF, 0x3F, 0xCF, 0x3F, 0xCF, 0x3F, 0xCF,
    0x5F, 0xCF, 0x3F, 0xD7, 0x7F, 0xD7, 0x9F, 0xCF, 0x9F, 0xC7, 0xBF, 0x9E, 0x7C, 0x6D, 0x39, 0x3C,
    0x98, 0x1B, 0x99, 0x13, 0xBA, 0x0B, 0xBC, 0x0B, 0xBC, 0x0B, 0xBB, 0x0B, 0xD9, 0x0B, 0xF8, 0x0B,
    0xD7, 0x0B, 0xD8, 0x0B, 0xB8, 0x0B, 0xB9, 0x0B, 0xB9, 0x0B, 0xDA, 0x03, 0xB9, 0x0B, 0xB7, 0x2B,
    0xFA, 0x74, 0x3D, 0xBE, 0xFD, 0xD6, 0x5E, 0xDF, 0x9F, 0xE7, 0xBF, 0xE7, 0xBF, 0xE7, 0x7F, 0xE7,
    0xDF, 0xE7, 0x9F, 0xC7, 0xF9, 0x4C, 0xB6, 0x03, 0xB9, 0x03, 0xB9, 0x0B, 0x98, 0x0B, 0x97, 0x0B,
    0x97, 0x0B, 0xB8, 0x0B, 0xBA, 0x03, 0xDB, 0x03, 0xFC, 0x03, 0xFC, 0x03, 0xFB, 0x03, 0xDA, 0x0B,
    0x98, 0x13, 0x76, 0x13, 0xF7, 0x2B, 0xB9, 0x4C, 0x3E, 0x8E, 0xFF, 0xAE, 0x1F, 0xBF, 0x5F, 0xCF,
    0x5F, 0xCF, 0x3E, 0xCF, 0x3E, 0xCF, 0x3F, 0xCF, 0x3F, 0xCF, 0x3F, 0xCF, 0x3F, 0xCF, 0x3F, 0xC7,
    0x3F, 0xC7, 0x1F, 0xC7, 0x1F, 0xC7, 0x1F, 0xC7, 0xFF, 0xC6, 0xFF, 0xC6, 0xFF, 0xC6, 0xFF, 0xBE,
    0xFF, 0xBE, 0xFF, 0xBE, 0xDF, 0xBE, 0xDF, 0xB6, 0xDE, 0xB6, 0xDE, 0xB6, 0xDE, 0xAE, 0xBF, 0xAE,
    0xBE, 0xAE, 0xBE, 0xA6, 0x9E, 0xA6, 0x9E, 0xA6, 0x7E, 0xA6, 0x7E, 0x9E, 0x5E, 0x9E, 0x5E, 0x9E,
    0x9F, 0xAE, 0x9F, 0xAE, 0xBF, 0xAE, 0xBF, 0xB6, 0xDF, 0xB6, 0xDF, 0xB6, 0xDF, 0xB6, 0xFF, 0xBE,
    0xFF, 0xBE, 0xFF, 0xBE, 0xFF, 0xBE, 0xFE, 0xBE, 0x1E, 0xC7, 0x1F, 0xC7, 0x1F, 0xC7, 0x1F, 0xC7,
    0x1F, 0xC7, 0x1F, 0xC7, 0x3F, 0xCF, 0x3F, 0xCF, 0x3F, 0xCF, 0x3F, 0xCF, 0x3F, 0xCF, 0x5F, 0xCF,
    0x5F, 0xCF, 0x3F, 0xDF, 0x9F, 0xE7, 0x7D, 0xA6, 0x99, 0x54, 0xD9, 0x23, 0x58, 0x0B, 0x79, 0x03,
    0xBA, 0x0B, 0xBA, 0x0B, 0xBA, 0x0B, 0x9B, 0x0B, 0x9B, 0x0B, 0xB9, 0x13, 0xD6, 0x1B, 0xD5, 0x1B,
    0x34, 0x2C, 0x56, 0x2C, 0x38, 0x24, 0xB8, 0x13, 0x9A, 0x0B, 0xBB, 0x03, 0xDA, 0x03, 0x57, 0x13,
    0xD7, 0x43, 0x9C, 0x9D, 0x9D, 0xC6, 0x1E, 0xD7, 0x7F, 0xE7, 0xBF, 0xEF, 0xBF, 0xEF, 0x7F, 0xE7,
    0xDF, 0xDF, 0xDC, 0x75, 0xF7, 0x13, 0xD8, 0x03, 0xDA, 0x03, 0x99, 0x03, 0xB7, 0x1B, 0xF7, 0x2B,
    0xF6, 0x33, 0xB5, 0x2B, 0x96, 0x23, 0xB8, 0x13, 0xBA, 0x03, 0xDB, 0x03, 0xFB, 0x03, 0xFB, 0x03,
    0xDA, 0x0B, 0xBA, 0x03, 0xB9, 0x0B, 0x98, 0x0B, 0xB7, 0x13, 0x58, 0x3C, 0x9B, 0x7D, 0xFE, 0xBE,
    0x3F, 0xCF, 0x3E, 0xCF, 0x3E, 0xCF, 0x3E, 0xCF, 0x3F, 0xCF, 0x3F, 0xCF, 0x3F, 0xCF, 0x3F, 0xCF,
    0x3F, 0xC7, 0x3F, 0xC7, 0x1F, 0xC7, 0x1F, 0xC7, 0x1F, 0xC7, 0x1F, 0xC7, 0x1F, 0xC7, 0xFF, 0xBE,
    0xFF, 0xBE, 0xFF, 0xBE, 0xFF, 0xBE, 0xFF, 0xB6, 0xDF, 0xB6, 0xDF, 0xB6, 0xDF, 0xAE, 0xBF, 0xAE,
    0xBF, 0xAE, 0xBF, 0xAE, 0xBF, 0xAE, 0x9E, 0xA6, 0x7E, 0xA6, 0x7E, 0xA6, 0x7E, 0x9E, 0x5E, 0x9E,
    0x9E, 0xAE, 0xBF, 0xAE, 0xBF, 0xB6, 0xDF, 0xB6, 0xDF, 0xB6, 0xDF, 0xB6, 0xDF, 0xB6, 0xFF, 0xBE,
    0xFF, 0xBE, 0xFF, 0xBE, 0xFF, 0xBE, 0x1F, 0xBF, 0x1F, 0xC7, 0x1E, 0xC7, 0x1E, 0xC7, 0x1F, 0xC7,
    0x1F, 0xC7, 0x3F, 0xCF, 0x3F, 0xCF, 0x3F, 0xCF, 0x3F, 0xCF, 0x5F, 0xCF, 0x5F, 0xCF, 0x5F, 0xD7,
    0x5F, 0xD7, 0x5F, 0xD7, 0xBF, 0xDF, 0xDB, 0x8D, 0x76, 0x03, 0xBB, 0x03, 0xBA, 0x03, 0xB9, 0x03,
    0xBA, 0x03, 0xB9, 0x03, 0xB7, 0x13, 0xB6, 0x13, 0xD7, 0x13, 0xF6, 0x2B, 0xD5, 0x3B, 0x15, 0x4C,
    0x52, 0x64, 0xB3, 0x74, 0xF7, 0x64, 0x57, 0x34, 0xB7, 0x13, 0xBB, 0x03, 0xBB, 0x03, 0x98, 0x13,
    0x96, 0x1B, 0xFA, 0x54, 0x5E, 0x9E, 0xBE, 0xCE, 0x1D, 0xE7, 0x5F, 0xF7, 0x7F, 0xEF, 0xDF, 0xE7,
    0xFF, 0xAE, 0x19, 0x2C, 0xDA, 0x03, 0xDB, 0x03, 0xFC, 0x03, 0xD9, 0x03, 0xF5, 0x33, 0x34, 0x5C,
    0x73, 0x6C, 0x52, 0x84, 0x33, 0x7C, 0x15, 0x54, 0xD7, 0x33, 0xB8, 0x1B, 0xBA, 0x0B, 0xDA, 0x03,
    0xB9, 0x0B, 0xB9, 0x0B, 0xB9, 0x0B, 0xB9, 0x0B, 0xB9, 0x0B, 0x56, 0x0B, 0x77, 0x4C, 0x5C, 0xA6,
    0xBD, 0xBE, 0x1E, 0xCF, 0x3E, 0xCF, 0x3E, 0xCF, 0x3E, 0xCF, 0x3F, 0xCF, 0x3F, 0xCF, 0x3F, 0xCF,
    0x3F, 0xCF, 0x3F, 0xC7, 0x1F, 0xC7, 0x1F, 0xC7, 0x1F, 0xC7, 0x1F, 0xC7, 0x1F, 0xC7, 0xFF, 0xC6,
    0xFF, 0xBE, 0xFF, 0xBE, 0xFF, 0xBE, 0xFF, 0xBE, 0xDF, 0xB6, 0xDF, 0xB6, 0xDF, 0xB6, 0xBF, 0xAE,
    0xBF, 0xAE, 0xBE, 0xAE, 0xBE, 0xAE, 0x9E, 0xA6, 0x7E, 0xA6, 0x7E, 0xA6, 0x7E, 0x9E, 0x7E, 0x9E,
    0x9E, 0xAE, 0xBF, 0xAE, 0xDF, 0xB6, 0xDF, 0xB6, 0xDF, 0xB6, 0xDF, 0xB6, 0xDF, 0xB6, 0xFF, 0xBE,
    0xFF, 0xBE, 0xFF, 0xBE, 0x1F, 0xBF, 0x1F, 0xC7, 0x1F, 0xC7, 0x1E, 0xC7, 0x3E, 0xC7, 0x3F, 0xC7,
    0x3F, 0xCF, 0x3F, 0xCF, 0x3F, 0xCF, 0x3F, 0xCF, 0x5F, 0xCF, 0x5F, 0xCF, 0x5F, 0xD7, 0x5F, 0xD7,
    0x5F, 0xD7, 0x5F, 0xD7, 0xBF, 0xDF, 0xBD, 0xA6, 0x18, 0x1C, 0xBB, 0x03, 0xBA, 0x03, 0xB9, 0x03,
    0xDA, 0x03, 0xB8, 0x0B, 0x95, 0x1B, 0xF4, 0x33, 0x54, 0x44, 0x54, 0x5C, 0x54, 0x6C, 0x75, 0x7C,
    0x93, 0x8C, 0xD4, 0x94, 0x78, 0x95, 0x9B, 0x7D, 0xF7, 0x3B, 0x79, 0x0B, 0x9A, 0x0B, 0xB9, 0x13,
    0xD8, 0x13, 0x17, 0x24, 0x9C, 0x75, 0x9E, 0xB6, 0xDE, 0xCE, 0x5F, 0xE7, 0xBF, 0xE7, 0xBF, 0xCF,
    0xDA, 0x54, 0xB8, 0x13, 0xFB, 0x03, 0xDB, 0x03, 0xDA, 0x03, 0xD7, 0x13, 0x14, 0x4C, 0x73, 0x6C,
    0xB3, 0x7C, 0xD4, 0x9C, 0x36, 0x9D, 0x79, 0x95, 0x3A, 0x75, 0x99, 0x54, 0x39, 0x34, 0xF8, 0x1B,
    0xB8, 0x13, 0x98, 0x0B, 0xB9, 0x0B, 0xB9, 0x03, 0xB9, 0x0B, 0xB7, 0x13, 0x77, 0x54, 0xB9, 0x9D,
    0x3A, 0xAE, 0x9C, 0xBE, 0x1E, 0xCF, 0x5F, 0xD7, 0x3F, 0xCF, 0x3F, 0xCF, 0x3F, 0xCF, 0x3F, 0xCF,
    0x3F, 0xCF, 0x3F, 0xCF, 0x3F, 0xCF, 0x3F, 0xCF, 0x1F, 0xC7, 0x1F, 0xC7, 0x1F, 0xC7, 0x1F, 0xC7,
    0x1F, 0xC7, 0xFF, 0xBE, 0xFF, 0xBE, 0xFF, 0xBE, 0xFF, 0xB6, 0xFF, 0xB6, 0xDF, 0xB6, 0xDF, 0xB6,
    0xBF, 0xAE, 0xBF, 0xAE, 0xBF, 0xAE, 0xBE, 0xAE, 0x9E, 0xA6, 0x9F, 0xA6, 0x7F, 0x9E, 0x7E, 0x9E,
    0xBE, 0xAE, 0xBF, 0xAE, 0xDF, 0xB6, 0xDF, 0xB6, 0xFF, 0xB6, 0xFF, 0xB6, 0xFF, 0xBE, 0xFF, 0xBE,
    0xFF, 0xBE, 0xFF, 0xBE, 0x1F, 0xC7, 0x1F, 0xC7, 0x1F, 0xC7, 0x3F, 0xC7, 0x3F, 0xC7, 0x3F, 0xCF,
    0x3F, 0xCF, 0x3F, 0xCF, 0x3F, 0xCF, 0x5F, 0xCF, 0x5F, 0xD7, 0x5F, 0xD7, 0x5F, 0xD7, 0x5F, 0xD7,
    0x5F, 0xD7, 0x5F, 0xDF, 0x7F, 0xE7, 0x3E, 0xBF, 0x79, 0x34, 0x99, 0x03, 0xDA, 0x03, 0xB9, 0x03,
    0xB9, 0x03, 0xF8, 0x1B, 0x36, 0x44, 0x52, 0x64, 0x71, 0x74, 0x93, 0x7C, 0xB4, 0x8C, 0xF5, 0x9C,
    0x76, 0xAD, 0xF8, 0xBD, 0x3B, 0xB6, 0x9E, 0xB6, 0x3A, 0x7D, 0x56, 0x1B, 0x79, 0x0B, 0x98, 0x13,
    0xD9, 0x13, 0xB7, 0x0B, 0x77, 0x44, 0x1C, 0x9E, 0xFD, 0xC6, 0x7F, 0xDF, 0xFF, 0xE7, 0xDC, 0x85,
    0x76, 0x1B, 0xFA, 0x13, 0xFB, 0x03, 0xDA, 0x03, 0xD8, 0x13, 0xF5, 0x33, 0x53, 0x64, 0xB3, 0x84,
    0x35, 0x95, 0x97, 0xA5, 0xF9, 0xB5, 0x5B, 0xBE, 0x3B, 0xB6, 0xDB, 0xA5, 0x5A, 0x7D, 0xD9, 0x5C,
    0x9A, 0x44, 0xB8, 0x13, 0xBA, 0x03, 0xDA, 0x0B, 0xB9, 0x0B, 0xB7, 0x13, 0x57, 0x4C, 0x17, 0x85,
    0xB8, 0x9D, 0x5B, 0xB6, 0x1E, 0xCF, 0x5F, 0xD7, 0x5F, 0xD7, 0x5F, 0xD7, 0x3F, 0xD7, 0x3F, 0xCF,
    0x3F, 0xCF, 0x3F, 0xCF, 0x3F, 0xCF, 0x3F, 0xCF, 0x1F, 0xC7, 0x1F, 0xC7, 0x1F, 0xC7, 0x1F, 0xC7,
    0x1F, 0xC7, 0xFF, 0xC6, 0xFF, 0xBE, 0xFF, 0xBE, 0xFF, 0xB6, 0xFF, 0xB6, 0xDF, 0xB6, 0xDF, 0xB6,
    0xDF, 0xB6, 0xBF, 0xB6, 0xBF, 0xAE, 0x9E, 0xAE, 0x9E, 0xA6, 0x9E, 0xA6, 0x7E, 0xA6, 0x7E, 0x9E,
    0xBE, 0xAE, 0xBF, 0xAE, 0xDF, 0xB6, 0xDF, 0xB6, 0xFF, 0xB6, 0xFF, 0xB6, 0xFF, 0xBE, 0xFF, 0xBE,
    0xFF, 0xBE, 0xFF, 0xC6, 0x1F, 0xC7, 0x1F, 0xC7, 0x1F, 0xC7, 0x1F, 0xC7, 0x3F, 0xCF, 0x3F, 0xCF,
    0x3F, 0xCF, 0x3F, 0xCF, 0x3F, 0xCF, 0x5F, 0xD7, 0x5F, 0xD7, 0x5F, 0xD7, 0x5F, 0xD7, 0x5F, 0xD7,
    0x5F, 0xD7, 0x5F, 0xDF, 0x5E, 0xE7, 0x7F, 0xCF, 0xFA, 0x4C, 0x57, 0x03, 0xBA, 0x0B, 0xB9, 0x03,
    0xB8, 0x0B, 0xF7, 0x2B, 0x75, 0x5C, 0x71, 0x7C, 0xD1, 0x8C, 0x55, 0x9D, 0x97, 0xAD, 0xF9, 0xB5,
    0x5A, 0xC6, 0xBB, 0xCE, 0x1D, 0xCF, 0x1E, 0xC7, 0xFE, 0xBE, 0x9A, 0x4C, 0x79, 0x13, 0xB9, 0x13,
    0xB8, 0x0B, 0xD9, 0x0B, 0xD7, 0x13, 0xF9, 0x4C, 0xFC, 0x85, 0x7D, 0x9E, 0xBE, 0x96, 0x17, 0x34,
    0x98, 0x0B, 0xDB, 0x03, 0xFC, 0x03, 0xDA, 0x0B, 0xF6, 0x2B, 0x54, 0x5C, 0x93, 0x7C, 0xF3, 0x94,
    0x96, 0xA5, 0x5A, 0xBE, 0xBC, 0xCE, 0xFD, 0xDE, 0xBB, 0xDE, 0x59, 0xD6, 0x3A, 0xC6, 0x3C, 0xA6,
    0x5B, 0x6D, 0xB8, 0x13, 0xBA, 0x03, 0xDA, 0x03, 0xB9, 0x0B, 0xB8, 0x1B, 0x57, 0x4C, 0xF6, 0x84,
    0x98, 0x9D, 0x7B, 0xBE, 0x3E, 0xCF, 0x5F, 0xD7, 0x5F, 0xD7, 0x5F, 0xD7, 0x3F, 0xD7, 0x3F, 0xD7,
    0x3F, 0xCF, 0x3F, 0xCF, 0x3F, 0xCF, 0x3F, 0xCF, 0x3F, 0xCF, 0x1F, 0xC7, 0x1F, 0xC7, 0x1F, 0xC7,
    0x1F, 0xC7, 0x1F, 0xC7, 0xFF, 0xC6, 0xFF, 0xBE, 0xFF, 0xBE, 0xFF, 0xB6, 0xFF, 0xB6, 0xDF, 0xB6,
    0xDF, 0xB6, 0xBF, 0xB6, 0xBF, 0xB6, 0x9F, 0xAE, 0x9E, 0xAE, 0x9E, 0xA6, 0x7E, 0xA6, 0x7E, 0xA6,
    0xBE, 0xAE, 0xBE, 0xAE, 0xDF, 0xB6, 0xDF, 0xB6, 0xDF, 0xB6, 0xFF, 0xBE, 0xFF, 0xBE, 0xFF, 0xBE,
    0xFF, 0xBE, 0xFF, 0xC6, 0x1F, 0xC7, 0x1F, 0xC7, 0x1E, 0xC7, 0x1F, 0xCF, 0x3F, 0xCF, 0x3F, 0xCF,
    0x3F, 0xCF, 0x3F, 0xCF, 0x3F, 0xCF, 0x5F, 0xD7, 0x5F, 0xD7, 0x5F, 0xD7, 0x5F, 0xD7, 0x5F, 0xD7,
    0x5F, 0xD7, 0x5E, 0xDF, 0x5D, 0xDF, 0xBF, 0xD7, 0xDD, 0x6D, 0x58, 0x0B, 0x99, 0x0B, 0xB9, 0x0B,
    0xB8, 0x0B, 0xD6, 0x2B, 0x54, 0x5C, 0x93, 0x84, 0x55, 0x9D, 0x39, 0xB6, 0x9C, 0xC6, 0xFD, 0xCE,
    0x3D, 0xD7, 0x7E, 0xD7, 0xBE, 0xDF, 0x7E, 0xCF, 0x9F, 0xCF, 0x7F, 0x9E, 0xF8, 0x33, 0xB8, 0x13,
    0xB9, 0x03, 0xDA, 0x03, 0xDA, 0x03, 0xD9, 0x0B, 0xD8, 0x13, 0xD8, 0x1B, 0xF9, 0x13, 0x98, 0x0B,
    0x9A, 0x03, 0xDB, 0x03, 0xDB, 0x0B, 0xD9, 0x13, 0x35, 0x4C, 0x73, 0x7C, 0xB3, 0x8C, 0x54, 0xA5,
    0x18, 0xB6, 0xDC, 0xCE, 0x5E, 0xDF, 0x7E, 0xEF, 0x5D, 0xF7, 0x1B, 0xEF, 0x1C, 0xDF, 0x3E, 0xC7,
    0x5B, 0x6D, 0x98, 0x0B, 0xBB, 0x03, 0xBB, 0x03, 0xD9, 0x0B, 0xD7, 0x2B, 0x56, 0x54, 0xF6, 0x84,
    0xB8, 0xA5, 0x9B, 0xBE, 0x3E, 0xD7, 0x7F, 0xD7, 0x5F, 0xD7, 0x5F, 0xD7, 0x5F, 0xD7, 0x5F, 0xD7,
    0x5F, 0xD7, 0x5F, 0xCF, 0x3F, 0xCF, 0x3F, 0xCF, 0x3F, 0xCF, 0x3F, 0xCF, 0x1F, 0xC7, 0x1F, 0xC7,
    0x1F, 0xC7, 0x1F, 0xC7, 0x1F, 0xC7, 0x1F, 0xBF, 0xFF, 0xBE, 0xFF, 0xBE, 0xFF, 0xB6, 0xDF, 0xB6,
    0xDF, 0xB6, 0xDF, 0xB6, 0xBF, 0xB6, 0xBF, 0xAE, 0x9E, 0xAE, 0x9E, 0xAE, 0x7F, 0xA6, 0x7E, 0xA6,
    0xBF, 0xAE, 0xBE, 0xB6, 0xDF, 0xB6, 0xDE, 0xB6, 0xFF, 0xBE, 0xFF, 0xBE, 0xFF, 0xBE, 0x1F, 0xBF,
    0xFF, 0xBE, 0x1F, 0xC7, 0x1F, 0xC7, 0x1F, 0xC7, 0x3F, 0xCF, 0x1F, 0xCF, 0x3F, 0xCF, 0x3F, 0xCF,
    0x3F, 0xCF, 0x5F, 0xCF, 0x5F, 0xD7, 0x5F, 0xD7, 0x5F, 0xD7, 0x5F, 0xD7, 0x5F, 0xD7, 0x5F, 0xDF,
    0x5F, 0xDF, 0x7E, 0xDF, 0x7E, 0xDF, 0x9F, 0xD7, 0x9F, 0x96, 0xFB, 0x23, 0x9A, 0x0B, 0xBA, 0x0B,
    0xB8, 0x13, 0xD6, 0x2B, 0x54, 0x5C, 0x16, 0x8D, 0xB8, 0xAD, 0x7B, 0xC6, 0xFD, 0xD6, 0x5E, 0xDF,
    0x9F, 0xE7, 0xBF, 0xE7, 0xBF, 0xE7, 0xBF, 0xE7, 0xDF, 0xE7, 0x5F, 0xD7, 0x9B, 0x85, 0xB5, 0x1B,
    0xB8, 0x0B, 0xBA, 0x03, 0xDB, 0x03, 0xDB, 0x03, 0xDB, 0x03, 0xDB, 0x03, 0xBB, 0x03, 0xDC, 0x03,
    0xBB, 0x03, 0xBA, 0x0B, 0x98, 0x1B, 0xD8, 0x33, 0x54, 0x74, 0x92, 0x8C, 0xF4, 0x9C, 0xD7, 0xB5,
    0xDB, 0xD6, 0x5D, 0xDF, 0x9F, 0xE7, 0xBF, 0xEF, 0xBE, 0xE7, 0xBF, 0xE7, 0xDF, 0xD7, 0x9F, 0xB7,
    0xFA, 0x4C, 0x77, 0x03, 0xBB, 0x03, 0xBB, 0x03, 0xD9, 0x13, 0xF5, 0x43, 0x74, 0x74, 0xF5, 0x8C,
    0xB8, 0xA5, 0x9B, 0xBE, 0x3E, 0xD7, 0x7F, 0xDF, 0x7F, 0xD7, 0x5F, 0xD7, 0x5F, 0xD7, 0x5F, 0xD7,
    0x5F, 0xD7, 0x5F, 0xD7, 0x3F, 0xCF, 0x3F, 0xCF, 0x3F, 0xCF, 0x3F, 0xCF, 0x3F, 0xCF, 0x1F, 0xCF,
    0x1F, 0xC7, 0x1F, 0xC7, 0x1F, 0xC7, 0x1E, 0xBF, 0xFE, 0xBE, 0xFF, 0xBE, 0xFF, 0xBE, 0xDE, 0xB6,
    0xDF, 0xB6, 0xDF, 0xB6, 0xBF, 0xB6, 0xBF, 0xAE, 0x9F, 0xAE, 0x9E, 0xAE, 0x9F, 0xA6, 0x9E, 0xA6,
    0xDF, 0xB6, 0xDF, 0xB6, 0xFF, 0xBE, 0xFF, 0xBE, 0xFF, 0xBE, 0xFF, 0xBE, 0x1F, 0xBF, 0x1F, 0xC7,
    0x1F, 0xC7, 0x1F, 0xC7, 0x1F, 0xC7, 0x3F, 0xCF, 0x3F, 0xCF, 0x3F, 0xCF, 0x3F, 0xCF, 0x3F, 0xCF,
    0x5F, 0xCF, 0x5F, 0xD7, 0x5F, 0xD7, 0x5F, 0xD7, 0x5F, 0xD7, 0x7F, 0xDF, 0x7F, 0xDF, 0x7F, 0xDF,
    0x7F, 0xDF, 0x9E, 0xDF, 0x9E, 0xDF, 0x9F, 0xD7, 0xDF, 0xAE, 0x3A, 0x3C, 0x9A, 0x13, 0xBB, 0x0B,
    0xBA, 0x0B, 0xB6, 0x23, 0x55, 0x54, 0x78, 0x95, 0x1A, 0xB6, 0xBC, 0xCE, 0x3E, 0xDF, 0x7F, 0xE7,
    0x9F, 0xEF, 0x9F, 0xF7, 0x9F, 0xF7, 0x9F, 0xF7, 0x9F, 0xF7, 0x5F, 0xDF, 0x3F, 0xC7, 0xB9, 0x54,
    0x96, 0x13, 0xB9, 0x13, 0xDB, 0x03, 0xDB, 0x03, 0xDB, 0x03, 0xDB, 0x03, 0xDB, 0x03, 0xDB, 0x03,
    0xBA, 0x0B, 0x97, 0x1B, 0x96, 0x33, 0x36, 0x54, 0x73, 0x7C, 0xB3, 0x94, 0x96, 0xA5, 0x59, 0xC6,
    0x3D, 0xDF, 0x7E, 0xE7, 0xBF, 0xEF, 0x9E, 0xE7, 0xBE, 0xE7, 0xBF, 0xE7, 0xFF, 0xDF, 0x5F, 0xAF,
    0x16, 0x34, 0x98, 0x03, 0xBB, 0x03, 0xBB, 0x03, 0xD8, 0x1B, 0x15, 0x4C, 0xB4, 0x7C, 0x35, 0x95,
    0xD8, 0xA5, 0xBB, 0xC6, 0x5E, 0xD7, 0x7F, 0xDF, 0x7F, 0xD7, 0x7F, 0xD7, 0x7F, 0xD7, 0x5F, 0xD7,
    0x5F, 0xD7, 0x5F, 0xD7, 0x5F, 0xD7, 0x5F, 0xCF, 0x5F, 0xCF, 0x3F, 0xCF, 0x3F, 0xCF, 0x3F, 0xCF,
    0x3F, 0xC7, 0x3F, 0xC7, 0x1F, 0xC7, 0x1F, 0xC7, 0x1E, 0xBF, 0x1F, 0xBF, 0xFF, 0xBE, 0xFE, 0xBE,
    0xDE, 0xB6, 0xDF, 0xB6, 0xDF, 0xB6, 0xBF, 0xB6, 0x9F, 0xAE, 0x9F, 0xAE, 0x9F, 0xAE, 0x9F, 0xA6,
    0xDF, 0xB6, 0xDF, 0xB6, 0xFF, 0xBE, 0xFF, 0xBE, 0xFF, 0xBE, 0xFF, 0xBE, 0x1F, 0xBF, 0x1F, 0xC7,
    0x1F, 0xC7, 0x1F, 0xC7, 0x1F, 0xCF, 0x3F, 0xCF, 0x3F, 0xCF, 0x3F, 0xCF, 0x3F, 0xCF, 0x3F, 0xD7,
    0x5F, 0xD7, 0x5F, 0xD7, 0x5F, 0xD7, 0x5F, 0xD7, 0x5F, 0xDF, 0x5F, 0xDF, 0x7F, 0xDF, 0x7F, 0xDF,
    0x7F, 0xDF, 0x9F, 0xDF, 0x9E, 0xDF, 0x7F, 0xDF, 0x3F, 0xC7, 0x9A, 0x54, 0x59, 0x0B, 0xDC, 0x03,
    0xDB, 0x03, 0xB7, 0x1B, 0x56, 0x44, 0x78, 0x8D, 0x1A, 0xB6, 0xBC, 0xCE, 0x5E, 0xDF, 0x9F, 0xEF,
    0xBF, 0xEF, 0x9F, 0xEF, 0x9F, 0xF7, 0x9F, 0xF7, 0x9F, 0xF7, 0x9F, 0xEF, 0x9F, 0xDF, 0x9E, 0xAE,
    0xF7, 0x43, 0x56, 0x13, 0xB8, 0x13, 0xB8, 0x13, 0xB8, 0x13, 0xB8, 0x13, 0xB9, 0x13, 0xD9, 0x0B,
    0xB8, 0x13, 0x95, 0x2B, 0xF3, 0x53, 0x73, 0x74, 0xB3, 0x8C, 0x55, 0xA5, 0x39, 0xBE, 0xDC, 0xD6,
    0x7E, 0xE7, 0xBF, 0xEF, 0xBF, 0xEF, 0xBF, 0xE7, 0xBF, 0xE7, 0xBF, 0xE7, 0xFF, 0xDF, 0xBD, 0x9E,
    0x74, 0x1B, 0xB8, 0x0B, 0xDB, 0x03, 0xBA, 0x03, 0xD7, 0x23, 0x55, 0x64, 0x93, 0x84, 0x35, 0x9D,
    0x39, 0xB6, 0xFC, 0xC6, 0x5E, 0xD7, 0x7F, 0xDF, 0x7F, 0xDF, 0x7F, 0xDF, 0x7F, 0xDF, 0x5F, 0xD7,
    0x5F, 0xD7, 0x5F, 0xD7, 0x5F, 0xD7, 0x5F, 0xCF, 0x5F, 0xCF, 0x3F, 0xCF, 0x3F, 0xCF, 0x3F, 0xCF,
    0x3F, 0xCF, 0x1F, 0xC7, 0x1F, 0xC7, 0x1E, 0xC7, 0x1E, 0xC7, 0x1E, 0xBF, 0xFE, 0xBE, 0xFE, 0xBE,
    0xDE, 0xBE, 0xDF, 0xB6, 0xDF, 0xB6, 0xBE, 0xB6, 0x9E, 0xAE, 0x9E, 0xAE, 0x9E, 0xAE, 0x9E, 0xA6,
    0xDF, 0xB6, 0xDF, 0xB6, 0xFF, 0xBE, 0xFF, 0xBE, 0xFF, 0xBE, 0xFF, 0xBE, 0x1F, 0xC7, 0x1F, 0xC7,
    0x1F, 0xC7, 0x1F, 0xC7, 0x1F, 0xCF, 0x1F, 0xCF, 0x3F, 0xCF, 0x3F, 0xCF, 0x3F, 0xCF, 0x3F, 0xD7,
    0x3F, 0xD7, 0x5F, 0xD7, 0x5F, 0xD7, 0x5F, 0xD7, 0x5F, 0xDF, 0x5F, 0xDF, 0x7F, 0xDF, 0x7F, 0xDF,
    0x7F, 0xDF, 0x9F, 0xDF, 0x9E, 0xDF, 0x7E, 0xDF, 0x7F, 0xD7, 0x9B, 0x85, 0x79, 0x1B, 0xBD, 0x03,
    0xDC, 0x03, 0xB8, 0x0B, 0x15, 0x34, 0x17, 0x7D, 0xB8, 0xA5, 0x7B, 0xBE, 0x3E, 0xDF, 0x9F, 0xE7,
    0xBF, 0xEF, 0xBF, 0xEF, 0xBF, 0xEF, 0xBF, 0xEF, 0xBF, 0xEF, 0xBE, 0xEF, 0x9E, 0xEF, 0x5F, 0xE7,
    0x9C, 0x8D, 0x17, 0x34, 0x38, 0x34, 0x17, 0x3C, 0x17, 0x34, 0xF7, 0x33, 0xF7, 0x33, 0x39, 0x24,
    0x18, 0x24, 0x14, 0x44, 0x72, 0x74, 0xB0, 0x94, 0x14, 0xA5, 0xF8, 0xB5, 0xDB, 0xD6, 0x5D, 0xE7,
    0x9F, 0xEF, 0xBF, 0xEF, 0xBF, 0xE7, 0xBF, 0xE7, 0xBF, 0xEF, 0xBF, 0xE7, 0xFF, 0xDF, 0x1A, 0x86,
    0x74, 0x1B, 0xB9, 0x0B, 0xBB, 0x03, 0xBA, 0x03, 0xD6, 0x2B, 0x75, 0x6C, 0xB3, 0x94, 0x75, 0xAD,
    0x9A, 0xC6, 0x3E, 0xD7, 0x7F, 0xDF, 0x7F, 0xD7, 0x7F, 0xDF, 0x7F, 0xDF, 0x7F, 0xDF, 0x5F, 0xDF,
    0x5F, 0xD7, 0x5F, 0xD7, 0x5F, 0xD7, 0x5F, 0xCF, 0x5F, 0xCF, 0x3F, 0xCF, 0x3F, 0xCF, 0x3F, 0xCF,
    0x3F, 0xCF, 0x3F, 0xCF, 0x1F, 0xC7, 0x1F, 0xC7, 0x1E, 0xC7, 0x1F, 0xC7, 0x1F, 0xBF, 0xFF, 0xBE,
    0xFF, 0xBE, 0xFF, 0xBE, 0xDF, 0xB6, 0xBF, 0xB6, 0xBF, 0xB6, 0x9E, 0xAE, 0x9F, 0xAE, 0x9E, 0xA6,
    0xDF, 0xB6, 0xFF, 0xBE, 0xFF, 0xBE, 0xFF, 0xBE, 0x1F, 0xBF, 0x1F, 0xC7, 0x1F, 0xC7, 0x1F, 0xC7,
    0x1F, 0xC7, 0x3F, 0xC7, 0x3E, 0xCF, 0x1E, 0xCF, 0x3F, 0xCF, 0x5F, 0xD7, 0x3E, 0xDF, 0x3E, 0xCF,
    0x5F, 0xC7, 0x5F, 0xCF, 0x5F, 0xD7, 0x7F, 0xD7, 0x5F, 0xD7, 0x5F, 0xDF, 0x7F, 0xDF, 0x5F, 0xE7,
    0x5E, 0xE7, 0x9F, 0xDF, 0x9E, 0xD7, 0x9E, 0xDF, 0xBF, 0xDF, 0x7D, 0x9E, 0xD7, 0x23, 0xBB, 0x03,
    0xDC, 0x03, 0xBA, 0x0B, 0xD7, 0x23, 0xD6, 0x6C, 0x98, 0x9D, 0x7B, 0xBE, 0x3E, 0xDF, 0x9F, 0xE7,
    0xBF, 0xEF, 0xDF, 0xEF, 0xDF, 0xEF, 0xBF, 0xEF, 0xBF, 0xEF, 0xBE, 0xEF, 0xBE, 0xF7, 0x7F, 0xEF,
    0x1F, 0xD7, 0x9D, 0xAE, 0xB9, 0x95, 0x37, 0x8D, 0xF7, 0x84, 0xB6, 0x7C, 0xB5, 0x74, 0xD6, 0x6C,
    0xD6, 0x6C, 0xB4, 0x7C, 0xD3, 0x8C, 0x13, 0xA5, 0xB6, 0xB5, 0x9A, 0xCE, 0x1D, 0xDF, 0x5E, 0xE7,
    0xBF, 0xE7, 0xDF, 0xE7, 0xDF, 0xE7, 0xBF, 0xE7, 0x9F, 0xEF, 0xBF, 0xEF, 0xDF, 0xD7, 0x39, 0x65,
    0x75, 0x13, 0xD8, 0x0B, 0xB9, 0x03, 0xB8, 0x0B, 0xD5, 0x3B, 0x94, 0x7C, 0xF3, 0x9C, 0xD7, 0xB5,
    0xDD, 0xC6, 0x5E, 0xD7, 0x5D, 0xE7, 0x5D, 0xE7, 0x5E, 0xDF, 0x7E, 0xDF, 0x7E, 0xDF, 0x3E, 0xD7,
    0x3E, 0xD7, 0x5E, 0xDF, 0x3E, 0xD7, 0x3E, 0xD7, 0x5E, 0xD7, 0x3F, 0xCF, 0x3F, 0xCF, 0x3F, 0xCF,
    0x3F, 0xCF, 0x3F, 0xCF, 0x3F, 0xCF, 0x3F, 0xC7, 0x1F, 0xC7, 0x1F, 0xC7, 0x1F, 0xBF, 0xFF, 0xBE,
    0xFF, 0xBE, 0xFF, 0xBE, 0xDF, 0xB6, 0xDF, 0xB6, 0xBF, 0xB6, 0x9E, 0xAE, 0x9F, 0xAE, 0x9E, 0xA6,
    0xDF, 0xB6, 0xFF, 0xBE, 0xFF, 0xBE, 0x1F, 0xBF, 0x1F, 0xC7, 0x1F, 0xC7, 0x1F, 0xC7, 0x3F, 0xC7,
    0x3F, 0xC7, 0x3E, 0xCF, 0x1E, 0xCF, 0x1E, 0xCF, 0x3F, 0xCF, 0x5F, 0xCF, 0x1E, 0xD7, 0x7F, 0xD7,
    0x9F, 0xCF, 0x7F, 0xD7, 0x7E, 0xDF, 0x5D, 0xDF, 0x5F, 0xD7, 0x5F, 0xD7, 0x5F, 0xDF, 0x5E, 0xE7,
    0x3D, 0xEF, 0x7E, 0xDF, 0xBF, 0xDF, 0x7D, 0xE7, 0x9E, 0xDF, 0x1E, 0xB7, 0x77, 0x3C, 0xB8, 0x03,
    0xDC, 0x03, 0xBC, 0x0B, 0xB8, 0x13, 0x96, 0x5C, 0x97, 0x9D, 0x5B, 0xBE, 0x3D, 0xD7, 0x7E, 0xE7,
    0xBF, 0xEF, 0xBF, 0xEF, 0xBF, 0xEF, 0xBF, 0xEF, 0xBF, 0xEF, 0xBF, 0xEF, 0xBF, 0xEF, 0x9F, 0xEF,
    0x5E, 0xE7, 0x1D, 0xDF, 0x5A, 0xC6, 0xD8, 0xB5, 0x97, 0xAD, 0x76, 0xAD, 0x76, 0xAD, 0x76, 0xAD,
    0x76, 0xAD, 0x96, 0xAD, 0xB7, 0xAD, 0xF8, 0xB5, 0x7A, 0xCE, 0x1C, 0xDF, 0x5E, 0xE7, 0x9F, 0xEF,
    0xBF, 0xEF, 0xDF, 0xE7, 0xDF, 0xE7, 0xDF, 0xE7, 0x9F, 0xEF, 0xBF, 0xF7, 0x5F, 0xBF, 0x37, 0x3C,
    0x97, 0x13, 0xD9, 0x0B, 0xD8, 0x0B, 0xB8, 0x0B, 0x16, 0x44, 0x93, 0x84, 0x34, 0x9D, 0x3A, 0xB6,
    0xFF, 0xB6, 0x5F, 0xD7, 0x5D, 0xE7, 0x5D, 0xE7, 0x5E, 0xDF, 0x7E, 0xD7, 0x7E, 0xD7, 0x7E, 0xDF,
    0xBF, 0xDF, 0xDF, 0xE7, 0x9F, 0xDF, 0x7F, 0xDF, 0x5F, 0xD7, 0x5F, 0xD7, 0x3F, 0xCF, 0x3F, 0xCF,
    0x3F, 0xCF, 0x3F, 0xCF, 0x3F, 0xCF, 0x3F, 0xC7, 0x3F, 0xC7, 0x3F, 0xC7, 0x1F, 0xC7, 0x1F, 0xBF,
    0xFF, 0xBE, 0xFF, 0xBE, 0xDF, 0xB6, 0xDF, 0xB6, 0xBF, 0xB6, 0x9E, 0xAE, 0x9E, 0xAE, 0x9E, 0xAE,
    0xDF, 0xB6, 0xFF, 0xBE, 0xFF, 0xBE, 0x1F, 0xBF, 0x1F, 0xC7, 0x1F, 0xC7, 0x1F, 0xC7, 0x3F, 0xC7,
    0x3F, 0xC7, 0x3E, 0xCF, 0x3E, 0xCF, 0x3E, 0xD7, 0x3F, 0xCF, 0x7F, 0xCF, 0xDF, 0xB6, 0xBA, 0x8D,
    0xFB, 0x95, 0xDE, 0xB6, 0x1E, 0xC7, 0x5F, 0xD7, 0x9F, 0xD7, 0x9F, 0xCF, 0x9F, 0xD7, 0x9F, 0xDF,
    0x7E, 0xE7, 0x7E, 0xDF, 0x9E, 0xDF, 0x9D, 0xEF, 0x9E, 0xDF, 0x9F, 0xCF, 0xDA, 0x4C, 0x99, 0x03,
    0xDB, 0x03, 0xDB, 0x03, 0xB8, 0x13, 0x35, 0x54, 0x36, 0x95, 0x1A, 0xB6, 0x1D, 0xD7, 0x7E, 0xE7,
    0xBF, 0xEF, 0xBF, 0xF7, 0xBF, 0xF7, 0xBF, 0xF7, 0xBF, 0xF7, 0xBF, 0xEF, 0xBF, 0xEF, 0xBF, 0xEF,
    0x9F, 0xEF, 0x5E, 0xE7, 0xFD, 0xDE, 0xBB, 0xD6, 0x9B, 0xCE, 0x9B, 0xCE, 0x9A, 0xCE, 0x9A, 0xCE,
    0x9A, 0xCE, 0x7A, 0xCE, 0x9A, 0xCE, 0xDB, 0xD6, 0x1C, 0xDF, 0x5E, 0xE7, 0x9F, 0xEF, 0xBF, 0xF7,
    0xBF, 0xEF, 0xDF, 0xEF, 0xDF, 0xEF, 0xDF, 0xEF, 0xBF, 0xEF, 0xFF, 0xEF, 0xBD, 0xA6, 0x95, 0x1B,
    0xD8, 0x0B, 0xFA, 0x03, 0xDA, 0x03, 0xD8, 0x13, 0x56, 0x54, 0xB3, 0x8C, 0x34, 0xA5, 0x7B, 0xBE,
    0xFE, 0xBE, 0x5F, 0xD7, 0x5E, 0xDF, 0x7F, 0xDF, 0x9F, 0xD7, 0xBF, 0xCF, 0x9F, 0xCF, 0x9F, 0xC7,
    0x1E, 0xBF, 0x7C, 0x9E, 0x7B, 0x7D, 0x7E, 0x9E, 0x5F, 0xC7, 0x3F, 0xCF, 0x3E, 0xD7, 0x3F, 0xCF,
    0x3F, 0xCF, 0x3F, 0xCF, 0x3F, 0xCF, 0x3F, 0xC7, 0x3F, 0xC7, 0x3F, 0xC7, 0x3F, 0xC7, 0x1F, 0xBF,
    0x1F, 0xBF, 0xFF, 0xBE, 0xFF, 0xBE, 0xDF, 0xB6, 0xBF, 0xB6, 0xBE, 0xAE, 0x9E, 0xAE, 0x9E, 0xAE,
    0xDF, 0xB6, 0xFF, 0xBE, 0xFF, 0xBE, 0x1F, 0xC7, 0x1F, 0xC7, 0x1F, 0xC7, 0x1F, 0xC7, 0x3F, 0xCF,
    0x3F, 0xCF, 0x5F, 0xCF, 0x3F, 0xCF, 0x3F, 0xD7, 0x3F, 0xCF, 0x5F, 0xC7, 0xDD, 0x85, 0x55, 0x13,
    0xB7, 0x13, 0x38, 0x2C, 0x99, 0x44, 0xF9, 0x54, 0xDC, 0x75, 0x9E, 0x8E, 0xFF, 0x9E, 0x9F, 0xBF,
    0xDF, 0xCF, 0xFF, 0xD7, 0xFF, 0xDF, 0xBF, 0xDF, 0xFF, 0xDF, 0x1E, 0xAF, 0x39, 0x3C, 0x99, 0x0B,
    0xFA, 0x03, 0xDA, 0x03, 0xB9, 0x13, 0xB4, 0x43, 0xF5, 0x8C, 0xD9, 0xAD, 0xDC, 0xCE, 0x7E, 0xE7,
    0xBF, 0xEF, 0xBF, 0xF7, 0xBF, 0xF7, 0xBF, 0xF7, 0xBF, 0xF7, 0xBF, 0xF7, 0xBF, 0xF7, 0xBF, 0xF7,
    0xBF, 0xF7, 0x9F, 0xEF, 0x7E, 0xEF, 0x5E, 0xE7, 0x5E, 0xE7, 0x5E, 0xE7, 0x5D, 0xE7, 0x5D, 0xE7,
    0x5D, 0xE7, 0x5D, 0xE7, 0x5E, 0xE7, 0x7D, 0xE7, 0x7E, 0xEF, 0xBF, 0xEF, 0xBF, 0xF7, 0xBF, 0xF7,
    0xBF, 0xF7, 0xBF, 0xF7, 0xBF, 0xF7, 0xDF, 0xEF, 0xDF, 0xE7, 0xFF, 0xE7, 0xFC, 0x7D, 0x76, 0x13,
    0xFA, 0x0B, 0xFB, 0x03, 0xFB, 0x03, 0xD8, 0x13, 0xF4, 0x43, 0x93, 0x84, 0x75, 0xAD, 0xBB, 0xC6,
    0x7F, 0xD7, 0x9F, 0xDF, 0x9F, 0xE7, 0x5F, 0xCF, 0xBE, 0xA6, 0x1D, 0x76, 0x9C, 0x5D, 0xD9, 0x4C,
    0x16, 0x34, 0xD6, 0x23, 0x57, 0x0B, 0x1C, 0x4D, 0xFF, 0xA6, 0xDE, 0xBE, 0xFD, 0xD6, 0x3F, 0xCF,
    0x3F, 0xCF, 0x3F, 0xCF, 0x3F, 0xCF, 0x3F, 0xCF, 0x3F, 0xC7, 0x3F, 0xC7, 0x1F, 0xC7, 0x1F, 0xBF,
    0x1F, 0xBF, 0xFF, 0xBE, 0xFF, 0xBE, 0xDF, 0xB6, 0xBE, 0xB6, 0xBE, 0xAE, 0xBE, 0xAE, 0x9E, 0xAE,
    0xDF, 0xB6, 0xFF, 0xBE, 0xFF, 0xBE, 0x1F, 0xC7, 0x1F, 0xC7, 0x3F, 0xC7, 0x3F, 0xCF, 0x3F, 0xCF,
    0x3F, 0xCF, 0x5F, 0xCF, 0x3F, 0xCF, 0x3F, 0xCF, 0x3F, 0xD7, 0x3F, 0xBF, 0xBA, 0x4C, 0x78, 0x03,
    0xB9, 0x03, 0x98, 0x03, 0x77, 0x03, 0x76, 0x03, 0x96, 0x03, 0xD7, 0x13, 0x38, 0x24, 0xDA, 0x3C,
    0xBC, 0x65, 0x3C, 0x86, 0xDE, 0xA6, 0x5F, 0xBF, 0xDE, 0xA6, 0x77, 0x44, 0x57, 0x13, 0xDA, 0x0B,
    0xF9, 0x03, 0xD9, 0x03, 0x99, 0x13, 0x94, 0x43, 0x94, 0x84, 0x78, 0xA5, 0x9B, 0xC6, 0x3D, 0xDF,
    0x9F, 0xEF, 0xBF, 0xF7, 0xBF, 0xF7, 0xBF, 0xF7, 0xBF, 0xF7, 0xBF, 0xF7, 0xBF, 0xF7, 0xBF, 0xF7,
    0xBF, 0xF7, 0xBF, 0xF7, 0xBF, 0xEF, 0xBF, 0xEF, 0xBF, 0xEF, 0x9E, 0xEF, 0x9E, 0xEF, 0x9E, 0xEF,
    0x9F, 0xEF, 0x9F, 0xEF, 0xBF, 0xEF, 0xBF, 0xF7, 0xBF, 0xF7, 0xBF, 0xF7, 0xDF, 0xF7, 0xBF, 0xF7,
    0xBF, 0xF7, 0xBF, 0xF7, 0xBF, 0xF7, 0xDF, 0xEF, 0xDF, 0xE7, 0xFF, 0xE7, 0xF8, 0x64, 0x56, 0x0B,
    0x1B, 0x04, 0x1C, 0x04, 0xFC, 0x03, 0xDB, 0x03, 0x76, 0x13, 0x55, 0x5C, 0xB9, 0x95, 0x5D, 0x96,
    0x3D, 0x86, 0xBC, 0x7D, 0x1A, 0x65, 0x79, 0x44, 0xD8, 0x13, 0xB9, 0x03, 0xD9, 0x03, 0xB9, 0x03,
    0xB9, 0x03, 0xDA, 0x03, 0x1C, 0x04, 0x3B, 0x1C, 0xDE, 0x75, 0x9D, 0xB6, 0xBC, 0xCE, 0x3E, 0xCF,
    0x3E, 0xCF, 0x3E, 0xCF, 0x3F, 0xCF, 0x3F, 0xCF, 0x3F, 0xC7, 0x3F, 0xC7, 0x3F, 0xC7, 0x1F, 0xBF,
    0x1F, 0xBF, 0xFF, 0xBE, 0xFF, 0xBE, 0xDF, 0xB6, 0xBE, 0xB6, 0xBE, 0xB6, 0xBE, 0xAE, 0xBE, 0xAE,
    0xDF, 0xBE, 0xFF, 0xBE, 0x1F, 0xBF, 0x1F, 0xC7, 0x1F, 0xC7, 0x1F, 0xC7, 0x3F, 0xCF, 0x3F, 0xCF,
    0x3F, 0xCF, 0x3F, 0xCF, 0x3F, 0xCF, 0x3F, 0xCF, 0x5F, 0xCF, 0x3D, 0x8E, 0x18, 0x24, 0x99, 0x0B,
    0x79, 0x0B, 0xBA, 0x03, 0xDA, 0x03, 0xFA, 0x03, 0xFB, 0x03, 0xDB, 0x03, 0xBA, 0x03, 0xB8, 0x03,
    0x97, 0x0B, 0x97, 0x1B, 0xF7, 0x2B, 0x39, 0x34, 0xF8, 0x23, 0x77, 0x13, 0xBA, 0x03, 0xDC, 0x03,
    0xDB, 0x03, 0xD9, 0x13, 0xD5, 0x1B, 0xD3, 0x4B, 0x94, 0x84, 0x78, 0xA5, 0x7B, 0xC6, 0x1D, 0xDF,
    0x9F, 0xEF, 0xBF, 0xF7, 0xBF, 0xF7, 0xBF, 0xF7, 0xBF, 0xF7, 0xBF, 0xF7, 0xBF, 0xF7, 0xBF, 0xF7,
    0xBF, 0xF7, 0xBF, 0xF7, 0xDF, 0xF7, 0xDF, 0xF7, 0xDF, 0xF7, 0xDF, 0xF7, 0xDF, 0xF7, 0xBF, 0xF7,
    0xBF, 0xF7, 0xBF, 0xF7, 0xBF, 0xF7, 0xDF, 0xF7, 0xDF, 0xF7, 0xDF, 0xF7, 0xDF, 0xF7, 0xDF, 0xF7,
    0xDF, 0xF7, 0xDF, 0xF7, 0xDF, 0xF7, 0xBF, 0xFF, 0xBF, 0xF7, 0xFF, 0xE7, 0x7D, 0xB6, 0xF6, 0x43,
    0x77, 0x0B, 0xBB, 0x03, 0xDE, 0x03, 0xBA, 0x0B, 0x98, 0x13, 0xB7, 0x23, 0xF8, 0x2B, 0x19, 0x2C,
    0xD8, 0x13, 0xB8, 0x0B, 0x98, 0x03, 0x99, 0x03, 0xDA, 0x03, 0xFA, 0x03, 0xFA, 0x03, 0xDA, 0x03,
    0xBB, 0x03, 0xBB, 0x03, 0xFC, 0x03, 0xB8, 0x0B, 0x78, 0x4C, 0xFA, 0xA5, 0x5A, 0xBE, 0xFD, 0xC6,
    0x3E, 0xCF, 0x3E, 0xCF, 0x3E, 0xCF, 0x3F, 0xCF, 0x3F, 0xCF, 0x3F, 0xC7, 0x1F, 0xC7, 0x1F, 0xC7,
    0xFF, 0xBE, 0xFF, 0xBE, 0xFE, 0xBE, 0xDE, 0xB6, 0xDE, 0xB6, 0xBE, 0xB6, 0xBE, 0xAE, 0xBE, 0xAE,
    0xFE, 0xBE, 0xFF, 0xBE, 0x1F, 0xC7, 0x1F, 0xC7, 0x1F, 0xC7, 0x1F, 0xC7, 0x1F, 0xCF, 0x3F, 0xCF,
    0x3F, 0xCF, 0x3F, 0xCF, 0x5F, 0xCF, 0x5F, 0xC7, 0x5F, 0xBF, 0x1A, 0x5D, 0x97, 0x0B, 0xBA, 0x03,
    0x9B, 0x03, 0xBA, 0x03, 0xDA, 0x03, 0xDA, 0x03, 0xDB, 0x03, 0xDB, 0x03, 0xDA, 0x03, 0xBA, 0x0B,
    0xB9, 0x13, 0x98, 0x13, 0x98, 0x0B, 0x99, 0x0B, 0x9A, 0x03, 0xBB, 0x03, 0xDC, 0x03, 0xDC, 0x03,
    0xBA, 0x0B, 0xD7, 0x23, 0x34, 0x3C, 0x53, 0x6C, 0xD5, 0x94, 0x98, 0xAD, 0x7B, 0xCE, 0x3E, 0xE7,
    0xBF, 0xEF, 0xBF, 0xF7, 0xBF, 0xF7, 0xDF, 0xF7, 0xDF, 0xF7, 0xDF, 0xF7, 0xDF, 0xF7, 0xDF, 0xF7,
    0xDF, 0xF7, 0xDF, 0xF7, 0xDF, 0xF7, 0xFF, 0xF7, 0xDF, 0xF7, 0xDF, 0xF7, 0xDF, 0xF7, 0xDF, 0xF7,
    0xDF, 0xF7, 0xDF, 0xF7, 0xDF, 0xF7, 0xDF, 0xF7, 0xDF, 0xF7, 0xDF, 0xF7, 0xDF, 0xF7, 0xDF, 0xF7,
    0xDF, 0xF7, 0xDF, 0xEF, 0xDF, 0xF7, 0x9F, 0xFF, 0xBF, 0xF7, 0xDF, 0xEF, 0x9F, 0xE7, 0x7E, 0xA6,
    0x78, 0x3C, 0x98, 0x03, 0xDC, 0x03, 0xDB, 0x0B, 0xBA, 0x13, 0xBA, 0x0B, 0xBA, 0x0B, 0xBA, 0x03,
    0xDB, 0x03, 0xFB, 0x03, 0xFB, 0x03, 0xFB, 0x03, 0xFB, 0x03, 0xDB, 0x03, 0xDA, 0x03, 0xBA, 0x03,
    0xBA, 0x03, 0xDA, 0x03, 0xDB, 0x03, 0xB9, 0x0B, 0xD6, 0x33, 0x38, 0x85, 0xD8, 0xAD, 0x7B, 0xB6,
    0x1D, 0xC7, 0x3E, 0xCF, 0x3E, 0xCF, 0x3E, 0xCF, 0x3F, 0xCF, 0x3F, 0xC7, 0x1F, 0xC7, 0x1F, 0xC7,
    0xFF, 0xBE, 0xFF, 0xBE, 0xFE, 0xBE, 0xDE, 0xBE, 0xDE, 0xB6, 0xBE, 0xB6, 0xBE, 0xAE, 0xBE, 0xAE,
    0xFF, 0xBE, 0x1F, 0xBF, 0x1F, 0xC7, 0x1F, 0xC7, 0x1F, 0xC7, 0x1F, 0xC7, 0x3F, 0xCF, 0x3F, 0xCF,
    0x3F, 0xCF, 0x3F, 0xCF, 0x3F, 0xCF, 0x9F, 0xCF, 0xFF, 0x9E, 0x18, 0x2C, 0xB8, 0x0B, 0xDB, 0x03,
    0xDB, 0x03, 0xDA, 0x03, 0xB9, 0x0B, 0xB8, 0x13, 0xB9, 0x0B, 0xBA, 0x0B, 0xBA, 0x0B, 0xB9, 0x0B,
    0xB9, 0x0B, 0xB9, 0x0B, 0xBA, 0x0B, 0xDB, 0x03, 0xDB, 0x03, 0xBC, 0x03, 0xDA, 0x03, 0xD8, 0x0B,
    0xD6, 0x23, 0x14, 0x4C, 0x74, 0x64, 0x94, 0x84, 0x16, 0x9D, 0xD8, 0xB5, 0x9B, 0xCE, 0x3E, 0xE7,
    0xBF, 0xEF, 0xBF, 0xF7, 0xBF, 0xF7, 0xDF, 0xF7, 0xDF, 0xF7, 0xDF, 0xF7, 0xDF, 0xF7, 0xDF, 0xF7,
    0xDF, 0xF7, 0xDF, 0xF7, 0xDF, 0xF7, 0xDF, 0xF7, 0xDF, 0xF7, 0xDF, 0xF7, 0xDF, 0xF7, 0xDF, 0xF7,
    0xDF, 0xF7, 0xDF, 0xF7, 0xDF, 0xF7, 0xDF, 0xF7, 0xDF, 0xF7, 0xDF, 0xF7, 0xDF, 0xF7, 0xDF, 0xF7,
    0xDF, 0xF7, 0xFF, 0xEF, 0xDF, 0xF7, 0x9F, 0xFF, 0xBF, 0xF7, 0xDF, 0xEF, 0x9F, 0xE7, 0x9F, 0xD7,
    0xBF, 0x9E, 0x58, 0x3C, 0x98, 0x0B, 0xDB, 0x0B, 0xDB, 0x03, 0xDB, 0x0B, 0xDB, 0x0B, 0xDB, 0x03,
    0xFB, 0x03, 0xFB, 0x03, 0xDA, 0x03, 0xD9, 0x0B, 0xB9, 0x0B, 0x9A, 0x0B, 0x99, 0x13, 0xD8, 0x1B,
    0xF9, 0x0B, 0xFA, 0x03, 0xD9, 0x03, 0xB9, 0x0B, 0xD8, 0x1B, 0x77, 0x54, 0x58, 0x8D, 0x3A, 0xAE,
    0xFD, 0xC6, 0x3E, 0xCF, 0x3E, 0xCF, 0x3E, 0xCF, 0x3F, 0xCF, 0x3F, 0xC7, 0x1F, 0xC7, 0x1F, 0xC7,
    0xFF, 0xC6, 0xFF, 0xBE, 0xFF, 0xBE, 0xDE, 0xBE, 0xDE, 0xB6, 0xBE, 0xB6, 0xBE, 0xAE, 0xBE, 0xAE,
    0xFF, 0xBE, 0x1F, 0xC7, 0x1F, 0xC7, 0x1E, 0xC7, 0x1E, 0xC7, 0x3F, 0xC7, 0x3F, 0xCF, 0x1F, 0xD7,
    0x1F, 0xD7, 0x3F, 0xCF, 0x5F, 0xCF, 0xBF, 0xC7, 0x9C, 0x65, 0xB8, 0x0B, 0xD9, 0x0B, 0xFA, 0x03,
    0xF9, 0x0B, 0xD8, 0x1B, 0x38, 0x3C, 0x17, 0x4C, 0xD7, 0x3B, 0xD8, 0x23, 0xD8, 0x23, 0x98, 0x13,
    0x78, 0x0B, 0x78, 0x0B, 0x99, 0x0B, 0x99, 0x0B, 0xBB, 0x03, 0xBB, 0x03, 0xB9, 0x0B, 0xD6, 0x23,
    0x74, 0x4C, 0x93, 0x74, 0x93, 0x94, 0xF4, 0x9C, 0xB7, 0xB5, 0x5A, 0xCE, 0xFC, 0xDE, 0x7E, 0xEF,
    0xBF, 0xEF, 0xBF, 0xEF, 0xBE, 0xF7, 0xDF, 0xF7, 0xDF, 0xF7, 0xDF, 0xF7, 0xDF, 0xF7, 0xDF, 0xF7,
    0xDF, 0xF7, 0xDF, 0xF7, 0xDF, 0xF7, 0xDF, 0xF7, 0xDF, 0xF7, 0xDF, 0xF7, 0xDF, 0xF7, 0xDF, 0xF7,
    0xDF, 0xF7, 0xDF, 0xF7, 0xDF, 0xF7, 0xDF, 0xF7, 0xDF, 0xF7, 0xDF, 0xF7, 0xDF, 0xF7, 0xDF, 0xF7,
    0xDF, 0xF7, 0xFF, 0xEF, 0xDF, 0xF7, 0xBF, 0xFF, 0xBF, 0xF7, 0xFF, 0xEF, 0xDE, 0xE7, 0x7E, 0xDF,
    0x5F, 0xCF, 0x5D, 0x96, 0x97, 0x3C, 0xB9, 0x13, 0xDB, 0x0B, 0xBA, 0x0B, 0xBA, 0x0B, 0xDA, 0x0B,
    0xBA, 0x03, 0xB9, 0x0B, 0xB7, 0x1B, 0x95, 0x23, 0x94, 0x2B, 0xD7, 0x2B, 0x16, 0x44, 0x57, 0x4C,
    0x18, 0x24, 0xDA, 0x03, 0xB9, 0x0B, 0xB9, 0x03, 0xDA, 0x0B, 0xF7, 0x33, 0xF7, 0x7C, 0xF9, 0x9D,
    0x9B, 0xB6, 0x1E, 0xCF, 0x3E, 0xCF, 0x3E, 0xCF, 0x1F, 0xCF, 0x1F, 0xCF, 0x1F, 0xC7, 0x1F, 0xC7,
    0xFF, 0xC6, 0xFF, 0xC6, 0xFF, 0xBE, 0xDF, 0xBE, 0xDE, 0xB6, 0xBE, 0xB6, 0xBE, 0xAE, 0xBE, 0xAE,
    0x1F, 0xBF, 0x1F, 0xC7, 0x1F, 0xC7, 0x1F, 0xC7, 0x3F, 0xCF, 0x3F, 0xCF, 0x1F, 0xCF, 0x1F, 0xD7,
    0x3E, 0xD7, 0x5E, 0xCF, 0x7F, 0xCF, 0xFF, 0xAE, 0x59, 0x2C, 0xB9, 0x03, 0xFA, 0x03, 0xD8, 0x0B,
    0xD7, 0x13, 0xD5, 0x33, 0x55, 0x64, 0x34, 0x74, 0x74, 0x7C, 0xB6, 0x74, 0xB7, 0x6C, 0x97, 0x5C,
    0x37, 0x4C, 0xF6, 0x3B, 0x96, 0x2B, 0x76, 0x23, 0x77, 0x1B, 0x97, 0x1B, 0x96, 0x1B, 0x15, 0x3C,
    0xB3, 0x6C, 0xB2, 0x8C, 0xB3, 0xAC, 0x96, 0xB5, 0x99, 0xCE, 0xFB, 0xDE, 0x5D, 0xE7, 0xBE, 0xEF,
    0xDF, 0xEF, 0xDF, 0xEF, 0xBF, 0xEF, 0xDF, 0xEF, 0xDF, 0xEF, 0xDF, 0xEF, 0xBE, 0xEF, 0xBF, 0xF7,
    0xDF, 0xF7, 0xDF, 0xF7, 0xDF, 0xF7, 0xDF, 0xF7, 0xFF, 0xF7, 0xFF, 0xF7, 0xFF, 0xF7, 0xDF, 0xF7,
    0xDF, 0xF7, 0xDF, 0xF7, 0xDF, 0xF7, 0xDF, 0xF7, 0xDF, 0xF7, 0xBF, 0xF7, 0xDF, 0xF7, 0xDF, 0xF7,
    0xDF, 0xEF, 0xFF, 0xEF, 0xDF, 0xF7, 0xBF, 0xFF, 0xBF, 0xF7, 0xDE, 0xEF, 0xDE, 0xE7, 0xBE, 0xEF,
    0x5E, 0xDF, 0x3E, 0xC7, 0x7C, 0x96, 0x17, 0x3C, 0x76, 0x1B, 0x96, 0x23, 0x97, 0x23, 0xB7, 0x23,
    0x18, 0x2C, 0x37, 0x3C, 0x15, 0x4C, 0x34, 0x5C, 0x33, 0x64, 0x94, 0x64, 0x93, 0x74, 0xB4, 0x7C,
    0x58, 0x54, 0xBA, 0x13, 0xB8, 0x0B, 0xD9, 0x03, 0xDB, 0x03, 0xB7, 0x1B, 0x76, 0x5C, 0x98, 0x9D,
    0x3A, 0xAE, 0xDD, 0xC6, 0x1E, 0xCF, 0x1E, 0xCF, 0x1F, 0xCF, 0x1F, 0xCF, 0x1F, 0xC7, 0x1F, 0xC7,
    0x1F, 0xC7, 0xFF, 0xC6, 0xFF, 0xBE, 0xDF, 0xBE, 0xDE, 0xB6, 0xBE, 0xB6, 0xBE, 0xAE, 0xBE, 0xAE,
    0xFF, 0xC6, 0x1E, 0xC7, 0x1E, 0xC7, 0x1E, 0xC7, 0x1F, 0xCF, 0x3F, 0xCF, 0x1F, 0xCF, 0x1F, 0xD7,
    0x3E, 0xD7, 0x5E, 0xCF, 0x9F, 0xC7, 0xFD, 0x75, 0xB7, 0x0B, 0xDA, 0x03, 0xDA, 0x03, 0xB8, 0x0B,
    0xB6, 0x23, 0x35, 0x4C, 0x73, 0x6C, 0xB2, 0x84, 0x34, 0x95, 0x77, 0x9D, 0xB8, 0x9D, 0x77, 0x95,
    0x57, 0x8D, 0x36, 0x85, 0xD5, 0x7C, 0x74, 0x6C, 0x33, 0x6C, 0x12, 0x5C, 0x33, 0x64, 0x94, 0x74,
    0xD4, 0x84, 0x14, 0x95, 0xB6, 0xAD, 0x79, 0xCE, 0x1B, 0xDF, 0x5D, 0xE7, 0x9E, 0xEF, 0xBE, 0xEF,
    0xDF, 0xEF, 0xDF, 0xEF, 0xDF, 0xE7, 0xDF, 0xEF, 0xDF, 0xEF, 0xDF, 0xEF, 0xBF, 0xE7, 0xDF, 0xEF,
    0xFF, 0xFF, 0xFF, 0xEF, 0xBF, 0xE7, 0x9F, 0xDF, 0x5F, 0xD7, 0x7F, 0xD7, 0x7F, 0xD7, 0xBF, 0xE7,
    0xDF, 0xEF, 0xDF, 0xEF, 0xFF, 0xEF, 0xFE, 0xEF, 0x9E, 0xF7, 0x9E, 0xFF, 0xBF, 0xF7, 0xDF, 0xEF,
    0xFF, 0xE7, 0xFF, 0xEF, 0xDF, 0xEF, 0xDF, 0xF7, 0xDF, 0xF7, 0xDF, 0xEF, 0xDE, 0xEF, 0xDF, 0xEF,
    0xBF, 0xE7, 0x5E, 0xDF, 0x1E, 0xCF, 0xD9, 0x9D, 0x54, 0x6C, 0x54, 0x6C, 0x34, 0x6C, 0x34, 0x6C,
    0x94, 0x74, 0xB3, 0x7C, 0xB3, 0x84, 0xB3, 0x8C, 0xD4, 0x8C, 0xF5, 0x8C, 0xF3, 0x9C, 0x14, 0xA5,
    0x58, 0x85, 0x58, 0x34, 0xB6, 0x0B, 0xD9, 0x03, 0xDA, 0x03, 0x98, 0x13, 0xF7, 0x3B, 0xF8, 0x94,
    0xDA, 0xAD, 0x9D, 0xBE, 0xFE, 0xCE, 0x1E, 0xCF, 0x1F, 0xCF, 0x1F, 0xCF, 0x1F, 0xCF, 0x1F, 0xC7,
    0xFF, 0xC6, 0xFF, 0xC6, 0xFF, 0xBE, 0xDF, 0xBE, 0xDE, 0xB6, 0xBE, 0xB6, 0xBE, 0xAE, 0xBE, 0xAE,
    0xFF, 0xC6, 0x1E, 0xC7, 0x1E, 0xC7, 0x1E, 0xC7, 0x1F, 0xCF, 0x3F, 0xCF, 0x3F, 0xCF, 0x1F, 0xD7,
    0x3F, 0xD7, 0x7F, 0xD7, 0x5F, 0xB7, 0x99, 0x3C, 0x98, 0x03, 0xDA, 0x03, 0xDA, 0x03, 0x97, 0x13,
    0xB5, 0x33, 0x76, 0x5C, 0xB4, 0x7C, 0x54, 0x9D, 0xD7, 0xAD, 0x39, 0xB6, 0x7A, 0xBE, 0x3A, 0xB6,
    0x19, 0xAE, 0x19, 0xAE, 0xD8, 0xA5, 0xB8, 0x9D, 0x77, 0x95, 0x36, 0x8D, 0x15, 0x8D, 0x56, 0x95,
    0x76, 0x9D, 0xB7, 0xAD, 0x9A, 0xCE, 0x1B, 0xDF, 0x5D, 0xE7, 0xBE, 0xEF, 0xBE, 0xF7, 0xBE, 0xF7,
    0xBE, 0xF7, 0xBE, 0xF7, 0xBF, 0xEF, 0xDF, 0xEF, 0xDF, 0xEF, 0xDF, 0xF7, 0xFF, 0xF7, 0x3F, 0xCF,
    0x1C, 0x8E, 0x3B, 0x65, 0xDB, 0x44, 0x7B, 0x34, 0x1A, 0x2C, 0x3A, 0x2C, 0x5B, 0x34, 0xBA, 0x3C,
    0x3A, 0x55, 0xDB, 0x7D, 0xDD, 0xB6, 0x9F, 0xDF, 0xDE, 0xF7, 0xBE, 0xF7, 0xBF, 0xEF, 0xBF, 0xEF,
    0xDF, 0xEF, 0xDF, 0xEF, 0xDF, 0xF7, 0xDF, 0xF7, 0xDF, 0xF7, 0xDF, 0xEF, 0xDF, 0xEF, 0xDF, 0xEF,
    0xDF, 0xEF, 0xBF, 0xE7, 0x5E, 0xDF, 0xFD, 0xCE, 0x7B, 0xBE, 0xF9, 0xAD, 0x77, 0x9D, 0xF5, 0x8C,
    0xF5, 0x94, 0x35, 0x9D, 0x55, 0x9D, 0x76, 0xA5, 0xB7, 0xAD, 0xD8, 0xA5, 0xD7, 0xB5, 0xF7, 0xBD,
    0x7C, 0xAE, 0x9C, 0x6D, 0xD6, 0x13, 0xD8, 0x03, 0xDA, 0x03, 0xB9, 0x13, 0x97, 0x2B, 0x78, 0x6C,
    0x9A, 0xA5, 0x3B, 0xB6, 0xDC, 0xCE, 0x1D, 0xCF, 0x1F, 0xCF, 0x1F, 0xCF, 0x1F, 0xCF, 0x1F, 0xC7,
    0x1F, 0xC7, 0xFF, 0xC6, 0xFF, 0xBE, 0xDF, 0xBE, 0xDE, 0xB6, 0xBE, 0xB6, 0xBE, 0xAE, 0xBE, 0xAE,
    0xFE, 0xC6, 0x1E, 0xC7, 0x1E, 0xC7, 0x1E, 0xC7, 0x3F, 0xCF, 0x3E, 0xCF, 0x3E, 0xCF, 0x1F, 0xD7,
    0x1F, 0xD7, 0x9F, 0xD7, 0x3D, 0x8E, 0x98, 0x1B, 0x9A, 0x03, 0xBB, 0x03, 0xB9, 0x0B, 0x56, 0x23,
    0xB5, 0x4B, 0x76, 0x6C, 0xF6, 0x8C, 0xD7, 0xAD, 0x7A, 0xC6, 0xDB, 0xCE, 0x1C, 0xD7, 0x1D, 0xCF,
    0x1D, 0xCF, 0xFD, 0xCE, 0xDC, 0xC6, 0xBB, 0xBE, 0x7B, 0xBE, 0x5A, 0xB6, 0x3A, 0xAE, 0x19, 0xAE,
    0x39, 0xB6, 0x9A, 0xCE, 0x1C, 0xDF, 0x5D, 0xE7, 0xBE, 0xEF, 0xDF, 0xF7, 0xDF, 0xF7, 0xDE, 0xF7,
    0xBE, 0xF7, 0xBE, 0xF7, 0xBF, 0xEF, 0xFF, 0xEF, 0xDF, 0xDF, 0xBE, 0xAE, 0x39, 0x6D, 0x16, 0x3C,
    0x95, 0x1B, 0x76, 0x0B, 0x99, 0x03, 0x9A, 0x03, 0xBA, 0x03, 0xBA, 0x03, 0xBA, 0x03, 0xB8, 0x03,
    0xB7, 0x03, 0xB6, 0x0B, 0xD7, 0x23, 0x9A, 0x4C, 0xBA, 0x85, 0x5E, 0xCF, 0xFF, 0xEF, 0x9F, 0xEF,
    0x9F, 0xF7, 0xBF, 0xF7, 0xBF, 0xEF, 0xBF, 0xEF, 0xBF, 0xEF, 0xDF, 0xEF, 0xDF, 0xEF, 0xBF, 0xEF,
    0xBF, 0xEF, 0xBF, 0xEF, 0xBF, 0xEF, 0x5E, 0xDF, 0x1D, 0xD7, 0x9C, 0xC6, 0x5A, 0xBE, 0x19, 0xB6,
    0xF9, 0xB5, 0x19, 0xB6, 0x59, 0xBE, 0x7A, 0xC6, 0x9B, 0xC6, 0xDC, 0xC6, 0xFD, 0xD6, 0x1D, 0xD7,
    0x3F, 0xCF, 0xFF, 0xAE, 0x36, 0x34, 0x96, 0x03, 0xDA, 0x03, 0xBA, 0x0B, 0x98, 0x1B, 0xF7, 0x43,
    0x39, 0x85, 0xF9, 0xB5, 0x9A, 0xC6, 0x1C, 0xC7, 0x1F, 0xCF, 0x1F, 0xCF, 0x1F, 0xCF, 0x1F, 0xC7,
    0x1F, 0xC7, 0x1F, 0xC7, 0xFF, 0xC6, 0xDF, 0xBE, 0xDE, 0xBE, 0xBE, 0xB6, 0xBE, 0xB6, 0xBE, 0xAE,
    0xFE, 0xC6, 0x1E, 0xC7, 0x1E, 0xC7, 0x1E, 0xCF, 0x3E, 0xCF, 0x5E, 0xCF, 0x5E, 0xCF, 0x3F, 0xDF,
    0x5F, 0xE7, 0x3F, 0xD7, 0x79, 0x54, 0x59, 0x0B, 0xBC, 0x03, 0x9C, 0x03, 0x79, 0x13, 0x76, 0x3B,
    0xF5, 0x6B, 0x96, 0x84, 0x37, 0x9D, 0x3A, 0xBE, 0xDC, 0xD6, 0x1C, 0xDF, 0x7D, 0xDF, 0x7E, 0xE7,
    0x7F, 0xDF, 0x7F, 0xDF, 0x5E, 0xDF, 0x3D, 0xD7, 0x3D, 0xD7, 0x3D, 0xD7, 0x1D, 0xD7, 0xFD, 0xCE,
    0x1C, 0xD7, 0x3D, 0xE7, 0x7D, 0xEF, 0x9E, 0xEF, 0xBE, 0xF7, 0xBE, 0xF7, 0xFF, 0xF7, 0xDF, 0xF7,
    0xDF, 0xF7, 0xDF, 0xEF, 0xDF, 0xDF, 0xFE, 0xAE, 0xF9, 0x64, 0xB7, 0x23, 0x98, 0x0B, 0x98, 0x0B,
    0xD9, 0x0B, 0xD9, 0x0B, 0xBA, 0x03, 0xDB, 0x03, 0xDB, 0x03, 0xDB, 0x03, 0xDB, 0x03, 0xFB, 0x03,
    0xFA, 0x03, 0xFA, 0x03, 0xD9, 0x03, 0xD8, 0x0B, 0xB7, 0x1B, 0x79, 0x44, 0x3D, 0x96, 0x5F, 0xD7,
    0x7E, 0xE7, 0x9E, 0xEF, 0xBF, 0xEF, 0xBF, 0xEF, 0xBF, 0xEF, 0xDF, 0xEF, 0xDF, 0xEF, 0xBF, 0xEF,
    0xBF, 0xEF, 0xBF, 0xEF, 0xBF, 0xEF, 0x9F, 0xEF, 0x7F, 0xE7, 0x3D, 0xDF, 0xFC, 0xD6, 0xFC, 0xD6,
    0xFC, 0xD6, 0xFC, 0xD6, 0x1C, 0xD7, 0x3D, 0xDF, 0x3D, 0xDF, 0x5F, 0xD7, 0x9F, 0xDF, 0x7F, 0xDF,
    0x5F, 0xD7, 0x9F, 0xCF, 0x7A, 0x65, 0x76, 0x0B, 0xDA, 0x0B, 0xDB, 0x03, 0xBA, 0x13, 0x97, 0x1B,
    0xB6, 0x6C, 0xD6, 0xAD, 0x57, 0xBE, 0xFC, 0xC6, 0x1F, 0xCF, 0x1F, 0xCF, 0x1F, 0xCF, 0x1F, 0xC7,
    0x1F, 0xC7, 0x1F, 0xC7, 0xFF, 0xC6, 0xFF, 0xBE, 0xDE, 0xBE, 0xDE, 0xB6, 0xBE, 0xB6, 0xBE, 0xB6,
    0xFE, 0xC6, 0x1E, 0xC7, 0x1E, 0xC7, 0x1E, 0xCF, 0x3E, 0xCF, 0x5E, 0xCF, 0x5E, 0xCF, 0x5E, 0xD7,
    0x9F, 0xDF, 0x5D, 0xA6, 0xB7, 0x23, 0xBB, 0x03, 0xDD, 0x03, 0xDB, 0x0B, 0x77, 0x13, 0xD5, 0x4B,
    0x54, 0x7C, 0xD5, 0x8C, 0x98, 0xA5, 0x7B, 0xC6, 0x3C, 0xDF, 0x7D, 0xE7, 0x9E, 0xEF, 0x9F, 0xEF,
    0x9F, 0xEF, 0x9F, 0xE7, 0x9F, 0xE7, 0x7E, 0xE7, 0x9F, 0xE7, 0x9F, 0xE7, 0x7F, 0xE7, 0x7E, 0xE7,
    0x7E, 0xE7, 0x9E, 0xEF, 0x9E, 0xF7, 0x9E, 0xF7, 0x9E, 0xF7, 0xBE, 0xFF, 0xDE, 0xFF, 0xBE, 0xEF,
    0xDF, 0xE7, 0xDF, 0xDF, 0x7D, 0x96, 0xF7, 0x33, 0x56, 0x13, 0x99, 0x03, 0xDA, 0x03, 0xFB, 0x03,
    0xFC, 0x03, 0xDB, 0x03, 0xDB, 0x03, 0xDA, 0x03, 0xBA, 0x03, 0xB9, 0x0B, 0xD9, 0x0B, 0xBB, 0x03,
    0xBB, 0x03, 0xB9, 0x03, 0xB8, 0x03, 0xD8, 0x03, 0xFB, 0x0B, 0xBA, 0x0B, 0x97, 0x1B, 0xF9, 0x64,
    0x1E, 0xBF, 0xBF, 0xDF, 0x7E, 0xE7, 0xBF, 0xEF, 0xBE, 0xF7, 0xBE, 0xF7, 0xBE, 0xEF, 0xDF, 0xEF,
    0xBF, 0xEF, 0xBF, 0xEF, 0xBF, 0xEF, 0x9F, 0xEF, 0x9F, 0xEF, 0x7E, 0xEF, 0x7E, 0xE7, 0x7E, 0xE7,
    0x7E, 0xE7, 0x7E, 0xE7, 0x7E, 0xE7, 0x9E, 0xE7, 0x9E, 0xE7, 0x9F, 0xDF, 0x9F, 0xDF, 0x7F, 0xDF,
    0x5E, 0xDF, 0x9F, 0xDF, 0xBE, 0xA6, 0xF7, 0x2B, 0xDA, 0x03, 0xDB, 0x03, 0xBA, 0x0B, 0x98, 0x13,
    0x16, 0x4C, 0x56, 0x95, 0x18, 0xB6, 0xBC, 0xBE, 0x1F, 0xCF, 0x1F, 0xCF, 0x1F, 0xCF, 0x1F, 0xC7,
    0x1F, 0xC7, 0x1F, 0xC7, 0xFE, 0xC6, 0xFE, 0xBE, 0xDE, 0xBE, 0xDE, 0xB6, 0xBE, 0xB6, 0xBE, 0xB6,
    0x1F, 0xC7, 0x1E, 0xC7, 0x1E, 0xC7, 0x1E, 0xCF, 0x3F, 0xCF, 0x3E, 0xCF, 0x3E, 0xCF, 0x7E, 0xCF,
    0x9F, 0xBF, 0x1A, 0x65, 0xB8, 0x0B, 0x1C, 0x04, 0xDC, 0x03, 0xDA, 0x13, 0xB5, 0x1B, 0x53, 0x5C,
    0xB2, 0x84, 0xF3, 0x8C, 0xF7, 0xB5, 0xBA, 0xD6, 0x5B, 0xE7, 0x9C, 0xEF, 0x7E, 0xEF, 0x7F, 0xEF,
    0x9F, 0xEF, 0x9F, 0xEF, 0xBF, 0xEF, 0x9F, 0xEF, 0x9F, 0xEF, 0x9F, 0xEF, 0x9F, 0xEF, 0xBF, 0xEF,
    0xBF, 0xEF, 0xBE, 0xEF, 0xBE, 0xEF, 0x9F, 0xF7, 0x9E, 0xF7, 0x9D, 0xFF, 0x9D, 0xEF, 0xDE, 0xE7,
    0xFF, 0xDF, 0xDC, 0x7D, 0xD8, 0x23, 0x7A, 0x0B, 0x9B, 0x13, 0xDB, 0x03, 0xFB, 0x03, 0xFB, 0x03,
    0xFA, 0x03, 0xB9, 0x03, 0xB8, 0x0B, 0xD7, 0x13, 0xB5, 0x1B, 0xB4, 0x23, 0xB4, 0x23, 0xB7, 0x1B,
    0xB8, 0x1B, 0xB7, 0x1B, 0x97, 0x13, 0xB9, 0x03, 0xB9, 0x03, 0xDA, 0x03, 0xDB, 0x03, 0xB9, 0x0B,
    0xFB, 0x4C, 0xBF, 0xA6, 0x5F, 0xCF, 0x7F, 0xDF, 0x9E, 0xF7, 0x9D, 0xFF, 0xBE, 0xF7, 0xDF, 0xEF,
    0xBF, 0xEF, 0xBF, 0xEF, 0xBF, 0xEF, 0xBF, 0xEF, 0x9E, 0xEF, 0x9E, 0xEF, 0xBF, 0xEF, 0xBF, 0xEF,
    0x9E, 0xEF, 0x9E, 0xE7, 0x9E, 0xEF, 0xBE, 0xEF, 0xBF, 0xE7, 0xBF, 0xE7, 0x9F, 0xE7, 0x9F, 0xDF,
    0x7F, 0xDF, 0x7E, 0xDF, 0x3E, 0xCF, 0x1B, 0x5D, 0xB9, 0x03, 0xDB, 0x03, 0xBA, 0x0B, 0x99, 0x0B,
    0xB6, 0x33, 0xB7, 0x74, 0xDA, 0xAD, 0x7C, 0xB6, 0xFE, 0xC6, 0x1F, 0xCF, 0x3F, 0xCF, 0x3F, 0xCF,
    0x1F, 0xC7, 0x1F, 0xC7, 0x1F, 0xC7, 0xFE, 0xBE, 0xDE, 0xBE, 0xDE, 0xB6, 0xDE, 0xB6, 0xDE, 0xB6,
    0x1F, 0xC7, 0x1E, 0xC7, 0x1E, 0xC7, 0x1E, 0xCF, 0x3F, 0xCF, 0x3E, 0xD7, 0x3E, 0xCF, 0x9F, 0xCF,
    0x3F, 0xA7, 0x18, 0x34, 0xD8, 0x0B, 0xFB, 0x03, 0xDB, 0x03, 0x99, 0x03, 0xF7, 0x1B, 0x75, 0x54,
    0xF4, 0x84, 0x96, 0x9D, 0x58, 0xC6, 0x1B, 0xE7, 0x7C, 0xEF, 0x7D, 0xEF, 0x7E, 0xEF, 0x7F, 0xEF,
    0x9F, 0xEF, 0x9F, 0xEF, 0xBF, 0xEF, 0xBF, 0xEF, 0x9F, 0xEF, 0x9F, 0xEF, 0x9F, 0xEF, 0xBF, 0xEF,
    0xBF, 0xEF, 0xBF, 0xEF, 0xBF, 0xEF, 0xBF, 0xF7, 0x9E, 0xFF, 0x9D, 0xF7, 0xBE, 0xEF, 0xFF, 0xDF,
    0x1C, 0x86, 0x96, 0x13, 0x9A, 0x03, 0xDC, 0x03, 0xBC, 0x03, 0xDB, 0x03, 0xDA, 0x0B, 0xD8, 0x1B,
    0xD7, 0x2B, 0x16, 0x3C, 0x75, 0x5C, 0x94, 0x6C, 0x94, 0x6C, 0x93, 0x74, 0x93, 0x74, 0x96, 0x64,
    0x35, 0x54, 0xF5, 0x43, 0xD6, 0x2B, 0xB9, 0x13, 0xB9, 0x0B, 0xDA, 0x03, 0xDC, 0x03, 0xFC, 0x03,
    0xDA, 0x03, 0x78, 0x44, 0xBE, 0xA6, 0x5F, 0xCF, 0x7D, 0xE7, 0x9D, 0xF7, 0xBE, 0xF7, 0xBF, 0xEF,
    0xBF, 0xEF, 0xBF, 0xEF, 0xBF, 0xEF, 0xBF, 0xEF, 0xBF, 0xEF, 0xBF, 0xEF, 0xBF, 0xEF, 0xBF, 0xEF,
    0x9E, 0xEF, 0x9E, 0xEF, 0x9E, 0xEF, 0xBE, 0xEF, 0xBE, 0xEF, 0xBF, 0xE7, 0xBF, 0xE7, 0x9F, 0xDF,
    0x7F, 0xD7, 0x9F, 0xD7, 0xDF, 0xCF, 0xDE, 0x65, 0xB9, 0x03, 0xDB, 0x03, 0xDA, 0x03, 0xB9, 0x0B,
    0x76, 0x23, 0x16, 0x54, 0x59, 0x95, 0x1B, 0xB6, 0xBD, 0xBE, 0x1E, 0xC7, 0x3F, 0xCF, 0x3F, 0xCF,
    0x1F, 0xCF, 0x1F, 0xC7, 0x1E, 0xC7, 0xFE, 0xBE, 0xFE, 0xBE, 0xDE, 0xBE, 0xDE, 0xB6, 0xDE, 0xB6,
    0x1E, 0xC7, 0x1E, 0xC7, 0x1E, 0xC7, 0x1E, 0xCF, 0x3F, 0xCF, 0x1E, 0xD7, 0x3E, 0xD7, 0x9F, 0xC7,
    0x9B, 0x65, 0xB8, 0x13, 0xF9, 0x0B, 0xD9, 0x03, 0xDB, 0x03, 0xBA, 0x03, 0xD8, 0x13, 0xF5, 0x2B,
    0xB6, 0x5C, 0xD9, 0x95, 0xBB, 0xBE, 0x3C, 0xDF, 0x7E, 0xEF, 0x5F, 0xE7, 0x7F, 0xE7, 0x7F, 0xE7,
    0x9F, 0xE7, 0xBF, 0xEF, 0xBF, 0xEF, 0xBF, 0xEF, 0xBF, 0xEF, 0xBF, 0xEF, 0xBF, 0xEF, 0xBF, 0xEF,
    0xDF, 0xEF, 0xBF, 0xEF, 0xBF, 0xEF, 0xBF, 0xF7, 0x9F, 0xFF, 0xBE, 0xF7, 0xFF, 0xE7, 0x7C, 0x96,
    0xF8, 0x2B, 0xBA, 0x0B, 0xFC, 0x03, 0xDC, 0x03, 0xDA, 0x03, 0x97, 0x13, 0xD6, 0x2B, 0x36, 0x4C,
    0x75, 0x64, 0xD5, 0x7C, 0xD2, 0x8C, 0xD1, 0x9C, 0x33, 0xA5, 0x74, 0xA5, 0x75, 0xA5, 0x76, 0x9D,
    0x56, 0x9D, 0x36, 0x95, 0xD7, 0x74, 0x37, 0x44, 0xB8, 0x0B, 0xDB, 0x03, 0xFD, 0x03, 0xDB, 0x03,
    0xB9, 0x0B, 0x76, 0x0B, 0xB9, 0x44, 0x9E, 0x9E, 0x1D, 0xCF, 0x5D, 0xEF, 0xBE, 0xEF, 0xBF, 0xEF,
    0xBF, 0xEF, 0xBF, 0xEF, 0xBF, 0xEF, 0xBF, 0xEF, 0xBF, 0xEF, 0xBF, 0xEF, 0xBF, 0xEF, 0xBF, 0xEF,
    0x9E, 0xEF, 0x9E, 0xEF, 0xBF, 0xEF, 0xBF, 0xEF, 0xBE, 0xEF, 0xBF, 0xEF, 0x9F, 0xE7, 0xBF, 0xD7,
    0xDF, 0xD7, 0x5F, 0xB7, 0xDD, 0x6D, 0xF9, 0x1B, 0xB9, 0x03, 0xDB, 0x03, 0xDA, 0x03, 0xBA, 0x0B,
    0x98, 0x1B, 0xD7, 0x33, 0xF9, 0x7C, 0xDA, 0xA5, 0x9C, 0xBE, 0x1E, 0xC7, 0x3F, 0xCF, 0x3F, 0xCF,
    0x1F, 0xCF, 0x1F, 0xC7, 0x1E, 0xC7, 0xFE, 0xBE, 0xFE, 0xBE, 0xDE, 0xBE, 0xDE, 0xB6, 0xDE, 0xB6,
    0x1E, 0xC7, 0x1E, 0xC7, 0x1E, 0xC7, 0x1E, 0xCF, 0x3F, 0xCF, 0x1E, 0xD7, 0x3E, 0xD7, 0x7F, 0xB7,
    0x3A, 0x4D, 0xB9, 0x03, 0xB9, 0x03, 0xD8, 0x0B, 0xDA, 0x03, 0xDB, 0x03, 0xF9, 0x0B, 0xB7, 0x0B,
    0xD7, 0x1B, 0xF9, 0x54, 0x7D, 0x9E, 0x1E, 0xC7, 0x5F, 0xDF, 0x5F, 0xE7, 0x7F, 0xE7, 0x7E, 0xE7,
    0xBE, 0xE7, 0xBE, 0xEF, 0xBE, 0xEF, 0xBF, 0xEF, 0xBF, 0xEF, 0xBF, 0xEF, 0xBF, 0xEF, 0xDF, 0xEF,
    0xDF, 0xEF, 0xDF, 0xEF, 0xDF, 0xEF, 0xBF, 0xF7, 0x9F, 0xFF, 0xDF, 0xF7, 0x3E, 0xBF, 0x35, 0x3C,
    0x77, 0x13, 0xDC, 0x13, 0xDC, 0x03, 0xDA, 0x03, 0xB6, 0x13, 0xF4, 0x43, 0x13, 0x64, 0x53, 0x6C,
    0x94, 0x7C, 0xD5, 0x8C, 0x54, 0xA5, 0xB5, 0xB5, 0x17, 0xB6, 0x59, 0xB6, 0x7A, 0xAE, 0x39, 0xBE,
    0x18, 0xC6, 0x37, 0xCE, 0x18, 0xC6, 0xB9, 0xA5, 0xB9, 0x54, 0xB8, 0x13, 0xBA, 0x03, 0xDB, 0x03,
    0xB9, 0x03, 0x99, 0x03, 0xB7, 0x13, 0x19, 0x5D, 0xBD, 0xBE, 0xFC, 0xDE, 0x5D, 0xE7, 0xBE, 0xEF,
    0xBF, 0xEF, 0xBF, 0xEF, 0xBF, 0xEF, 0xBF, 0xEF, 0xBF, 0xEF, 0xBF, 0xEF, 0xBF, 0xEF, 0xBF, 0xEF,
    0x9F, 0xEF, 0x9E, 0xEF, 0xBE, 0xEF, 0xBF, 0xEF, 0xBE, 0xEF, 0x9F, 0xEF, 0xDF, 0xEF, 0xDF, 0xD7,
    0x7D, 0x9E, 0x99, 0x4C, 0x77, 0x0B, 0x78, 0x03, 0xDA, 0x0B, 0xDA, 0x03, 0xDB, 0x03, 0xBA, 0x0B,
    0x99, 0x0B, 0xB8, 0x23, 0xB9, 0x64, 0x79, 0x9D, 0x5B, 0xAE, 0xDE, 0xC6, 0x1F, 0xCF, 0x1F, 0xCF,
    0x1F, 0xCF, 0x1F, 0xC7, 0x1E, 0xC7, 0xFE, 0xBE, 0xFE, 0xBE, 0xDE, 0xBE, 0xDE, 0xB6, 0xDE, 0xB6,
    0x1E, 0xC7, 0x1E, 0xC7, 0x1E, 0xC7, 0x3E, 0xCF, 0x3F, 0xCF, 0x3E, 0xD7, 0x3E, 0xD7, 0x5F, 0xCF,
    0xDF, 0xA6, 0x5A, 0x5D, 0xF6, 0x2B, 0x97, 0x23, 0xD9, 0x13, 0xFA, 0x0B, 0x1A, 0x04, 0xFA, 0x03,
    0xD9, 0x0B, 0xB7, 0x1B, 0x37, 0x3C, 0xDD, 0x7D, 0x5F, 0xC7, 0x9F, 0xD7, 0x7F, 0xDF, 0x9E, 0xE7,
    0x9D, 0xEF, 0x9E, 0xEF, 0xBE, 0xEF, 0xBF, 0xEF, 0xBF, 0xEF, 0xBF, 0xEF, 0xBF, 0xEF, 0xDF, 0xEF,
    0xDF, 0xEF, 0xDF, 0xEF, 0xDF, 0xEF, 0xBF, 0xF7, 0x9F, 0xFF, 0xDF, 0xEF, 0x5A, 0x65, 0x96, 0x03,
    0xDA, 0x13, 0xBB, 0x13, 0xBA, 0x0B, 0x96, 0x1B, 0xD2, 0x3B, 0x52, 0x74, 0x92, 0x84, 0xD3, 0x8C,
    0x35, 0x9D, 0x97, 0xAD, 0x38, 0xBE, 0x9A, 0xCE, 0xFB, 0xD6, 0x1D, 0xD7, 0x1D, 0xD7, 0xFC, 0xDE,
    0xFB, 0xDE, 0xFB, 0xE6, 0xDA, 0xE6, 0xBB, 0xD6, 0x9D, 0xAE, 0x19, 0x6D, 0x94, 0x23, 0xB7, 0x13,
    0xFA, 0x0B, 0xBA, 0x03, 0x99, 0x0B, 0xF9, 0x33, 0x9A, 0x8D, 0x99, 0xC6, 0x1B, 0xD7, 0x9E, 0xE7,
    0xBF, 0xEF, 0xBF, 0xEF, 0xBF, 0xEF, 0xBF, 0xEF, 0xBF, 0xEF, 0xBF, 0xEF, 0xBF, 0xEF, 0xBE, 0xEF,
    0xBD, 0xF7, 0xBE, 0xEF, 0xBF, 0xE7, 0xBF, 0xE7, 0xDF, 0xEF, 0xFF, 0xDF, 0x1E, 0xAF, 0x3A, 0x5D,
    0xB7, 0x23, 0x76, 0x1B, 0xB9, 0x13, 0xDA, 0x13, 0xDA, 0x0B, 0xDB, 0x03, 0xBA, 0x0B, 0x75, 0x2B,
    0x94, 0x33, 0xF5, 0x43, 0xB7, 0x6C, 0x58, 0x8D, 0x1A, 0xA6, 0xBD, 0xBE, 0x1E, 0xC7, 0x1F, 0xCF,
    0x1E, 0xC7, 0x1F, 0xC7, 0x1E, 0xC7, 0xFE, 0xBE, 0xFE, 0xBE, 0xDE, 0xBE, 0xDE, 0xB6, 0xDE, 0xB6,
    0x1E, 0xC7, 0x1E, 0xC7, 0x3E, 0xC7, 0x3E, 0xCF, 0x3F, 0xCF, 0x3F, 0xD7, 0x3F, 0xD7, 0x5F, 0xD7,
    0x5F, 0xCF, 0x3D, 0xBF, 0xDB, 0x8D, 0x58, 0x54, 0xB6, 0x23, 0xD8, 0x0B, 0x1A, 0x04, 0xFB, 0x03,
    0xDA, 0x0B, 0xB9, 0x13, 0x57, 0x0B, 0x97, 0x1B, 0xB9, 0x4C, 0x7E, 0x96, 0x7F, 0xC7, 0x9F, 0xDF,
    0x7E, 0xE7, 0x9E, 0xEF, 0xBE, 0xEF, 0xBF, 0xEF, 0xBF, 0xEF, 0xBF, 0xEF, 0xBF, 0xEF, 0xBF, 0xEF,
    0xDF, 0xEF, 0xDF, 0xEF, 0xDF, 0xEF, 0xDF, 0xF7, 0xFF, 0xFF, 0xFE, 0xC6, 0xF8, 0x23, 0x1B, 0x04,
    0xFB, 0x0B, 0xBA, 0x13, 0xB8, 0x1B, 0xF4, 0x3B, 0x51, 0x6C, 0x92, 0x84, 0xF3, 0x94, 0x96, 0xA5,
    0x38, 0xBE, 0xBB, 0xCE, 0x1C, 0xDF, 0x5D, 0xE7, 0x7E, 0xEF, 0x9E, 0xF7, 0x9E, 0xF7, 0x9E, 0xF7,
    0x9E, 0xEF, 0x9E, 0xEF, 0x7E, 0xEF, 0x3D, 0xE7, 0x3E, 0xCF, 0xBD, 0xB6, 0x38, 0x75, 0xB5, 0x23,
    0xD9, 0x0B, 0xDA, 0x0B, 0x9A, 0x0B, 0x79, 0x1B, 0x98, 0x5C, 0x17, 0xAE, 0xDB, 0xCE, 0x7E, 0xE7,
    0xBF, 0xEF, 0xBF, 0xEF, 0xBF, 0xEF, 0xBF, 0xEF, 0xBF, 0xEF, 0xBF, 0xEF, 0xBF, 0xEF, 0xBE, 0xEF,
    0xBC, 0xF7, 0xDE, 0xE7, 0xDF, 0xDF, 0xFF, 0xE7, 0x5E, 0xCF, 0xDA, 0x75, 0x37, 0x24, 0xB8, 0x03,
    0x99, 0x03, 0xB9, 0x13, 0xDB, 0x13, 0xBA, 0x13, 0x99, 0x13, 0x98, 0x13, 0xB7, 0x2B, 0xB2, 0x53,
    0xF1, 0x63, 0x53, 0x6C, 0xF6, 0x84, 0x78, 0x95, 0x3B, 0xAE, 0xDD, 0xC6, 0x1F, 0xCF, 0x1E, 0xCF,
    0x1E, 0xC7, 0x1F, 0xC7, 0x1E, 0xC7, 0xFE, 0xC6, 0xFE, 0xBE, 0xDE, 0xBE, 0xDE, 0xB6, 0xBE, 0xB6,
    0x1E, 0xC7, 0x1E, 0xC7, 0x3E, 0xC7, 0x3F, 0xCF, 0x3F, 0xCF, 0x5F, 0xD7, 0x5F, 0xD7, 0x5F, 0xD7,
    0x3F, 0xCF, 0x1E, 0xC7, 0xBD, 0xB6, 0x1C, 0x96, 0x1A, 0x65, 0x17, 0x34, 0xB7, 0x1B, 0xB9, 0x0B,
    0xDA, 0x0B, 0xBA, 0x0B, 0xBA, 0x0B, 0xBA, 0x0B, 0x56, 0x0B, 0xB6, 0x23, 0x5B, 0x6D, 0xFF, 0xAE,
    0x9F, 0xD7, 0x9F, 0xE7, 0x9E, 0xEF, 0x9E, 0xEF, 0xBF, 0xEF, 0xBF, 0xEF, 0xBF, 0xEF, 0xBF, 0xEF,
    0xBF, 0xEF, 0xBF, 0xEF, 0xBF, 0xEF, 0xDF, 0xEF, 0xFF, 0xEF, 0x5A, 0x75, 0x76, 0x13, 0xFB, 0x03,
    0xDB, 0x0B, 0x99, 0x13, 0xB6, 0x2B, 0x75, 0x5C, 0x93, 0x74, 0xD3, 0x8C, 0x96, 0xA5, 0x39, 0xBE,
    0xFB, 0xD6, 0x5D, 0xE7, 0x9E, 0xEF, 0xDF, 0xF7, 0xDF, 0xF7, 0xDF, 0xFF, 0xDF, 0xFF, 0xDF, 0xFF,
    0xDF, 0xFF, 0xDF, 0xF7, 0xBF, 0xF7, 0x9E, 0xEF, 0xBF, 0xE7, 0x9F, 0xD7, 0xFE, 0xB6, 0xD9, 0x54,
    0x97, 0x0B, 0xFA, 0x0B, 0xDB, 0x0B, 0x79, 0x13, 0xB6, 0x3B, 0x77, 0x95, 0x9A, 0xC6, 0x3C, 0xDF,
    0x9E, 0xE7, 0xBF, 0xEF, 0xBF, 0xEF, 0xBF, 0xEF, 0xBF, 0xEF, 0xBF, 0xEF, 0xBF, 0xEF, 0xBF, 0xEF,
    0xBE, 0xEF, 0xFF, 0xDF, 0xDF, 0xBF, 0x9D, 0x96, 0x96, 0x54, 0xB5, 0x13, 0x19, 0x04, 0x1B, 0x04,
    0xDB, 0x03, 0xBA, 0x0B, 0xBB, 0x0B, 0xB9, 0x13, 0x76, 0x2B, 0xD5, 0x43, 0x35, 0x64, 0x53, 0x6C,
    0x73, 0x74, 0xD5, 0x84, 0x57, 0x95, 0xD9, 0xA5, 0x7C, 0xBE, 0xFE, 0xCE, 0x3F, 0xCF, 0x1F, 0xCF,
    0x1E, 0xCF, 0x1F, 0xC7, 0x1E, 0xC7, 0xFE, 0xC6, 0xFE, 0xBE, 0xDE, 0xBE, 0xDE, 0xB6, 0xBE, 0xB6,
    0x1F, 0xC7, 0x1F, 0xC7, 0x3F, 0xCF, 0x3F, 0xCF, 0x5F, 0xCF, 0x5F, 0xCF, 0x5F, 0xCF, 0x5F, 0xCF,
    0x3F, 0xCF, 0x1F, 0xD7, 0x1D, 0xCF, 0xBB, 0xBE, 0x1B, 0xA6, 0x9A, 0x85, 0x78, 0x5C, 0xB7, 0x23,
    0xB9, 0x13, 0xDA, 0x13, 0xBA, 0x0B, 0xBA, 0x03, 0xBA, 0x03, 0xB8, 0x03, 0x76, 0x13, 0x37, 0x3C,
    0x1D, 0x86, 0x1E, 0xCF, 0x3D, 0xDF, 0x7E, 0xE7, 0x9E, 0xEF, 0xBF, 0xEF, 0xBF, 0xEF, 0xBF, 0xEF,
    0xBF, 0xEF, 0xBF, 0xEF, 0xBF, 0xEF, 0xFF, 0xEF, 0x9F, 0xCF, 0x79, 0x3C, 0x77, 0x0B, 0xDB, 0x03,
    0xDB, 0x0B, 0x77, 0x1B, 0xB4, 0x3B, 0x74, 0x6C, 0xF4, 0x84, 0x55, 0x9D, 0x18, 0xBE, 0xFC, 0xD6,
    0x5D, 0xE7, 0x9E, 0xEF, 0xDF, 0xF7, 0xDF, 0xF7, 0xDF, 0xF7, 0xDF, 0xFF, 0xFF, 0xFF, 0xDF, 0xFF,
    0xDF, 0xFF, 0xDF, 0xF7, 0xBF, 0xF7, 0xBF, 0xF7, 0xDF, 0xEF, 0xBF, 0xE7, 0xBF, 0xD7, 0x3D, 0x86,
    0xD7, 0x1B, 0xD9, 0x03, 0xDB, 0x03, 0xBB, 0x13, 0x56, 0x2B, 0xB6, 0x74, 0x19, 0xB6, 0xDB, 0xCE,
    0x5D, 0xE7, 0xBF, 0xEF, 0xBF, 0xEF, 0xBF, 0xEF, 0xBF, 0xEF, 0xBF, 0xEF, 0xBF, 0xEF, 0xBF, 0xEF,
    0xDF, 0xE7, 0x3F, 0xAF, 0x3B, 0x55, 0xF7, 0x1B, 0x75, 0x0B, 0xF8, 0x03, 0x1B, 0x04, 0xFC, 0x03,
    0xDB, 0x03, 0xBA, 0x0B, 0x98, 0x13, 0xD8, 0x33, 0xF6, 0x53, 0x13, 0x74, 0x52, 0x84, 0xB3, 0x84,
    0xF4, 0x8C, 0x77, 0x9D, 0x19, 0xB6, 0x7B, 0xBE, 0xDD, 0xC6, 0x1E, 0xCF, 0x3F, 0xCF, 0x1F, 0xCF,
    0x1F, 0xCF, 0x1F, 0xC7, 0x1E, 0xC7, 0xFE, 0xC6, 0xFE, 0xBE, 0xDE, 0xBE, 0xDE, 0xB6, 0xBE, 0xB6,
    0x1F, 0xC7, 0x1F, 0xC7, 0x3F, 0xCF, 0x3F, 0xCF, 0x5F, 0xCF, 0x5F, 0xCF, 0x7F, 0xCF, 0x5F, 0xCF,
    0x3F, 0xD7, 0x3F, 0xD7, 0x3D, 0xDF, 0x1B, 0xD7, 0xBB, 0xC6, 0x7C, 0xB6, 0xFC, 0xA5, 0x3B, 0x75,
    0x38, 0x3C, 0xD8, 0x23, 0x98, 0x13, 0x9A, 0x0B, 0xDB, 0x03, 0xDA, 0x03, 0xB9, 0x0B, 0x76, 0x13,
    0x58, 0x3C, 0x7C, 0xAE, 0xFB, 0xD6, 0x3D, 0xDF, 0x9E, 0xEF, 0xBF, 0xEF, 0xBF, 0xEF, 0xBF, 0xEF,
    0xBF, 0xEF, 0xBF, 0xF7, 0xBF, 0xEF, 0xFF, 0xEF, 0xFF, 0xA6, 0xD8, 0x1B, 0x98, 0x0B, 0xBB, 0x03,
    0xBB, 0x0B, 0xB7, 0x23, 0x35, 0x5C, 0x93, 0x7C, 0x35, 0x95, 0xF7, 0xB5, 0xDB, 0xD6, 0x5D, 0xE7,
    0x9E, 0xEF, 0xDF, 0xF7, 0xDF, 0xF7, 0xDF, 0xF7, 0xFF, 0xF7, 0xDF, 0xF7, 0xFF, 0xFF, 0xFF, 0xF7,
    0xFF, 0xF7, 0xDF, 0xF7, 0xDF, 0xF7, 0xDF, 0xF7, 0xDF, 0xF7, 0xBF, 0xEF, 0xBF, 0xE7, 0x7F, 0xB7,
    0xDA, 0x44, 0xD8, 0x03, 0xFB, 0x03, 0xBB, 0x0B, 0x57, 0x23, 0xF5, 0x53, 0x97, 0xA5, 0x79, 0xC6,
    0x1C, 0xD7, 0x9E, 0xE7, 0xBF, 0xEF, 0xBF, 0xEF, 0xBF, 0xEF, 0xBF, 0xEF, 0xBF, 0xEF, 0xBF, 0xEF,
    0xFF, 0xE7, 0x1C, 0x86, 0xB7, 0x0B, 0xD9, 0x03, 0xD9, 0x03, 0x19, 0x04, 0xFA, 0x03, 0xDA, 0x03,
    0xB9, 0x0B, 0x97, 0x23, 0xF7, 0x43, 0x36, 0x5C, 0x55, 0x74, 0x53, 0x84, 0x93, 0x94, 0x35, 0x9D,
    0xB7, 0xA5, 0x39, 0xBE, 0xBC, 0xCE, 0x1D, 0xD7, 0x3E, 0xD7, 0x3F, 0xD7, 0x3F, 0xCF, 0x3F, 0xCF,
    0x1F, 0xCF, 0x1F, 0xC7, 0x1E, 0xC7, 0xFE, 0xC6, 0xFE, 0xBE, 0xDE, 0xBE, 0xDE, 0xB6, 0xBE, 0xB6,
    0x1F, 0xC7, 0x1F, 0xC7, 0x3F, 0xCF, 0x3F, 0xCF, 0x3F, 0xCF, 0x5F, 0xCF, 0x5F, 0xCF, 0x5F, 0xD7,
    0x5F, 0xD7, 0x3F, 0xDF, 0x5E, 0xDF, 0x5D, 0xD7, 0x3D, 0xD7, 0x1D, 0xCF, 0xBC, 0xC6, 0x7C, 0xAE,
    0xFC, 0x8D, 0xF9, 0x5C, 0xF6, 0x33, 0xDA, 0x0B, 0xBB, 0x03, 0xBA, 0x03, 0xB9, 0x0B, 0x98, 0x13,
    0x37, 0x44, 0xB9, 0x9D, 0x59, 0xC6, 0xFC, 0xD6, 0x7E, 0xE7, 0xBE, 0xEF, 0xBF, 0xEF, 0xBF, 0xEF,
    0xBF, 0xEF, 0xBF, 0xEF, 0xBF, 0xEF, 0xFF, 0xF7, 0x7D, 0x8E, 0xD9, 0x03, 0xD9, 0x03, 0xDA, 0x03,
    0xBA, 0x0B, 0xD6, 0x33, 0x94, 0x74, 0xB3, 0x8C, 0x96, 0xA5, 0x7A, 0xC6, 0x3C, 0xDF, 0x9E, 0xEF,
    0xBF, 0xF7, 0xDF, 0xF7, 0xDF, 0xF7, 0xDF, 0xF7, 0xFF, 0xF7, 0xFF, 0xF7, 0xFF, 0xF7, 0xFF, 0xF7,
    0xFF, 0xF7, 0xFF, 0xF7, 0xDF, 0xF7, 0xDF, 0xF7, 0xBF, 0xF7, 0xBF, 0xFF, 0xBF, 0xF7, 0xDF, 0xDF,
    0xBA, 0x7D, 0xD7, 0x0B, 0xFB, 0x03, 0xFB, 0x03, 0xB8, 0x13, 0xD6, 0x33, 0x36, 0x8D, 0x18, 0xBE,
    0xDB, 0xD6, 0x7E, 0xE7, 0xBF, 0xEF, 0xBF, 0xEF, 0xBF, 0xEF, 0xBF, 0xEF, 0xBF, 0xEF, 0xBF, 0xEF,
    0xFF, 0xE7, 0x5D, 0x8E, 0xB8, 0x1B, 0xBA, 0x03, 0xBC, 0x03, 0xFC, 0x03, 0xF9, 0x13, 0xD6, 0x33,
    0xF4, 0x4B, 0x14, 0x64, 0x73, 0x74, 0x94, 0x7C, 0xF5, 0x8C, 0x56, 0x9D, 0x97, 0xA5, 0xF8, 0xB5,
    0x7A, 0xC6, 0xFC, 0xCE, 0x3D, 0xD7, 0x3E, 0xD7, 0x3E, 0xD7, 0x3F, 0xD7, 0x3F, 0xCF, 0x3F, 0xCF,
    0x1F, 0xCF, 0x1F, 0xCF, 0x1E, 0xC7, 0xFE, 0xC6, 0xFE, 0xBE, 0xDE, 0xBE, 0xDE, 0xB6, 0xBE, 0xB6,
    0x1F, 0xC7, 0x3F, 0xCF, 0x3F, 0xCF, 0x3F, 0xCF, 0x3F, 0xD7, 0x3F, 0xD7, 0x5F, 0xD7, 0x5F, 0xD7,
    0x5F, 0xD7, 0x5F, 0xDF, 0x5F, 0xDF, 0x7F, 0xDF, 0x5E, 0xD7, 0x5E, 0xD7, 0x3D, 0xD7, 0x1C, 0xCF,
    0xDD, 0xC6, 0x9D, 0xAE, 0xBA, 0x85, 0x5A, 0x2C, 0xBA, 0x03, 0xBA, 0x0B, 0x99, 0x13, 0x98, 0x0B,
    0x17, 0x44, 0x36, 0x8D, 0xD7, 0xAD, 0xBB, 0xCE, 0x3D, 0xDF, 0x9E, 0xE7, 0xBF, 0xEF, 0xBF, 0xEF,
    0xBF, 0xEF, 0xBF, 0xEF, 0xBF, 0xEF, 0xFF, 0xF7, 0xFC, 0x7D, 0xB8, 0x03, 0xFA, 0x03, 0xFA, 0x03,
    0xB9, 0x0B, 0xD6, 0x33, 0x94, 0x7C, 0xF3, 0x9C, 0xF8, 0xAD, 0xDB, 0xCE, 0x5D, 0xE7, 0xBF, 0xEF,
    0xDF, 0xF7, 0xDF, 0xF7, 0xDF, 0xF7, 0xFF, 0xF7, 0xFF, 0xF7, 0xFF, 0xF7, 0xFF, 0xF7, 0xFF, 0xF7,
    0xFF, 0xF7, 0xFF, 0xF7, 0xFF, 0xF7, 0xDF, 0xF7, 0xBF, 0xFF, 0x9F, 0xFF, 0xBE, 0xFF, 0xDF, 0xEF,
    0x3B, 0x96, 0xD7, 0x13, 0xDA, 0x03, 0xFB, 0x03, 0xB8, 0x0B, 0xF6, 0x2B, 0xF5, 0x84, 0xD7, 0xB5,
    0xBB, 0xCE, 0x7E, 0xE7, 0xBF, 0xEF, 0xBF, 0xEF, 0xBF, 0xEF, 0xBF, 0xEF, 0xBF, 0xEF, 0xBF, 0xEF,
    0xFF, 0xE7, 0x7E, 0x96, 0xB8, 0x1B, 0x9A, 0x0B, 0x9B, 0x03, 0xBB, 0x03, 0xD8, 0x23, 0xF4, 0x53,
    0x32, 0x74, 0x72, 0x84, 0xD3, 0x8C, 0x35, 0x95, 0xB7, 0xA5, 0x39, 0xB6, 0x5A, 0xBE, 0x9B, 0xC6,
    0x1D, 0xD7, 0x3E, 0xD7, 0x3E, 0xD7, 0x3E, 0xD7, 0x3F, 0xD7, 0x3F, 0xD7, 0x3F, 0xCF, 0x3F, 0xCF,
    0x1F, 0xCF, 0x1F, 0xCF, 0x1E, 0xC7, 0xFE, 0xC6, 0xFE, 0xBE, 0xDE, 0xBE, 0xDE, 0xB6, 0xBE, 0xB6,
    0x1F, 0xC7, 0x3F, 0xCF, 0x3F, 0xCF, 0x3F, 0xCF, 0x3F, 0xD7, 0x3F, 0xD7, 0x3F, 0xD7, 0x5F, 0xD7,
    0x5F, 0xD7, 0x5F, 0xD7, 0x5F, 0xDF, 0x7E, 0xDF, 0x7E, 0xDF, 0x7E, 0xDF, 0x7E, 0xDF, 0x5D, 0xDF,
    0x1C, 0xDF, 0x1D, 0xCF, 0xDD, 0xB6, 0xDA, 0x4C, 0x78, 0x03, 0xBA, 0x0B, 0x99, 0x13, 0x98, 0x13,
    0x17, 0x44, 0xF6, 0x84, 0x75, 0x9D, 0x7A, 0xC6, 0x3C, 0xD7, 0x9E, 0xE7, 0xBF, 0xEF, 0xBF, 0xEF,
    0xBF, 0xEF, 0xBF, 0xEF, 0xBF, 0xEF, 0xFF, 0xEF, 0x9B, 0x75, 0x98, 0x03, 0xDA, 0x03, 0xDA, 0x03,
    0xB9, 0x0B, 0xD6, 0x33, 0xB4, 0x7C, 0x55, 0xA5, 0x39, 0xBE, 0x1C, 0xDF, 0x9E, 0xEF, 0xBF, 0xF7,
    0xDF, 0xF7, 0xDF, 0xF7, 0xDF, 0xF7, 0xFF, 0xF7, 0xFF, 0xF7, 0xFF, 0xF7, 0xFF, 0xF7, 0xFF, 0xF7,
    0xFF, 0xF7, 0xFF, 0xF7, 0xFF, 0xF7, 0xFF, 0xF7, 0xBF, 0xFF, 0xBF, 0xFF, 0xBE, 0xFF, 0xFF, 0xEF,
    0x9C, 0x9E, 0xD8, 0x13, 0xDA, 0x03, 0xDA, 0x03, 0xB8, 0x0B, 0xD6, 0x2B, 0xB4, 0x7C, 0x96, 0xA5,
    0x7A, 0xC6, 0x7D, 0xE7, 0x9E, 0xEF, 0xBF, 0xEF, 0xDF, 0xEF, 0xBF, 0xEF, 0xBF, 0xEF, 0xBF, 0xEF,
    0xFF, 0xE7, 0x7E, 0x96, 0x97, 0x1B, 0x9A, 0x0B, 0x9B, 0x03, 0x79, 0x03, 0xD7, 0x2B, 0x14, 0x64,
    0x52, 0x84, 0xD3, 0x94, 0x96, 0xA5, 0xF8, 0xB5, 0x7A, 0xBE, 0xDB, 0xC6, 0xFC, 0xCE, 0x3D, 0xD7,
    0x5E, 0xD7, 0x5E, 0xD7, 0x5E, 0xD7, 0x3E, 0xD7, 0x3F, 0xD7, 0x3F, 0xD7, 0x3F, 0xD7, 0x3F, 0xCF,
    0x1F, 0xCF, 0x1F, 0xCF, 0x1E, 0xC7, 0xFE, 0xC6, 0xFE, 0xBE, 0xDE, 0xBE, 0xDE, 0xB6, 0xBE, 0xB6,
    0x1F, 0xC7, 0x3F, 0xCF, 0x3F, 0xCF, 0x3F, 0xCF, 0x3F, 0xD7, 0x5F, 0xD7, 0x5F, 0xD7, 0x5F, 0xD7,
    0x5F, 0xD7, 0x5F, 0xD7, 0x5F, 0xDF, 0x5E, 0xDF, 0x7E, 0xDF, 0x9F, 0xDF, 0x9F, 0xDF, 0x7E, 0xE7,
    0x5D, 0xE7, 0x7F, 0xD7, 0x7F, 0xCF, 0x5C, 0x5D, 0x99, 0x03, 0xBA, 0x0B, 0xB9, 0x13, 0xB9, 0x13,
    0xF6, 0x43, 0xF5, 0x84, 0x75, 0xA5, 0x7A, 0xC6, 0x3D, 0xDF, 0x9E, 0xE7, 0xBF, 0xEF, 0xBF, 0xEF,
    0xBF, 0xEF, 0xBF, 0xEF, 0xBF, 0xEF, 0xFF, 0xEF, 0xBB, 0x75, 0x98, 0x03, 0xD9, 0x03, 0xDA, 0x03,
    0xB9, 0x0B, 0xD5, 0x33, 0xB4, 0x84, 0x75, 0xAD, 0x5A, 0xBE, 0x1D, 0xDF, 0x9E, 0xEF, 0xDF, 0xF7,
    0xDF, 0xF7, 0xDF, 0xF7, 0xDF, 0xF7, 0xFF, 0xF7, 0xFF, 0xF7, 0xFF, 0xF7, 0xFF, 0xF7, 0xFF, 0xF7,
    0xFF, 0xF7, 0xFF, 0xF7, 0xFF, 0xF7, 0xFF, 0xF7, 0xBF, 0xFF, 0x9F, 0xFF, 0xDF, 0xFF, 0xFF, 0xF7,
    0x7C, 0x9E, 0xB7, 0x13, 0xBA, 0x03, 0xDA, 0x03, 0x98, 0x0B, 0xD6, 0x2B, 0xB4, 0x7C, 0x76, 0xA5,
    0x79, 0xC6, 0x5D, 0xDF, 0x9E, 0xE7, 0xBF, 0xEF, 0xDF, 0xEF, 0xDF, 0xEF, 0xBF, 0xEF, 0xBF, 0xEF,
    0xFF, 0xE7, 0x7D, 0x96, 0x97, 0x13, 0x7A, 0x0B, 0x7B, 0x03, 0x9A, 0x03, 0xD8, 0x23, 0x55, 0x5C,
    0xB4, 0x84, 0x76, 0xA5, 0x18, 0xB6, 0xBB, 0xC6, 0x3D, 0xD7, 0x5E, 0xD7, 0x7E, 0xDF, 0x5E, 0xD7,
    0x5E, 0xD7, 0x5E, 0xD7, 0x5E, 0xD7, 0x3F, 0xD7, 0x3F, 0xD7, 0x3F, 0xD7, 0x3F, 0xD7, 0x3F, 0xCF,
    0x1F, 0xCF, 0x1F, 0xCF, 0x1E, 0xC7, 0xFE, 0xC6, 0xFE, 0xBE, 0xDE, 0xBE, 0xDE, 0xB6, 0xBE, 0xB6,
    0x1F, 0xC7, 0x3F, 0xCF, 0x3F, 0xCF, 0x3F, 0xCF, 0x3F, 0xD7, 0x5F, 0xD7, 0x5F, 0xD7, 0x5F, 0xD7,
    0x5F, 0xD7, 0x5F, 0xD7, 0x5F, 0xD7, 0x7F, 0xDF, 0x7E, 0xDF, 0x7E, 0xDF, 0x7F, 0xDF, 0x9E, 0xE7,
    0xBF, 0xE7, 0xBF, 0xD7, 0xFF, 0xAE, 0xBB, 0x44, 0xBA, 0x03, 0xBA, 0x03, 0xB9, 0x0B, 0xB9, 0x13,
    0xF6, 0x33, 0xF6, 0x7C, 0x76, 0xA5, 0x7A, 0xC6, 0x3D, 0xDF, 0x9E, 0xEF, 0xBF, 0xEF, 0xBF, 0xEF,
    0xBF, 0xEF, 0xBF, 0xEF, 0xBF, 0xEF, 0xFF, 0xEF, 0xBC, 0x75, 0x98, 0x03, 0xB9, 0x03, 0xBB, 0x03,
    0xB9, 0x0B, 0xD5, 0x33, 0xD5, 0x84, 0x76, 0xAD, 0x5A, 0xBE, 0x1D, 0xDF, 0x9E, 0xEF, 0xDF, 0xF7,
    0xDF, 0xF7, 0xDF, 0xF7, 0xDF, 0xF7, 0xFF, 0xF7, 0xFF, 0xF7, 0xFF, 0xF7, 0xFF, 0xF7, 0xFF, 0xF7,
    0xFF, 0xF7, 0xFF, 0xF7, 0xFF, 0xF7, 0xFF, 0xF7, 0xDF, 0xF7, 0xBF, 0xFF, 0xDF, 0xFF, 0xFF, 0xF7,
    0x7C, 0x9E, 0xB7, 0x13, 0xBA, 0x03, 0xBA, 0x03, 0x99, 0x0B, 0xD6, 0x2B, 0x94, 0x7C, 0x76, 0xA5,
    0x59, 0xC6, 0x3D, 0xDF, 0x9E, 0xE7, 0xBF, 0xEF, 0xDF, 0xEF, 0xDF, 0xEF, 0xBF, 0xF7, 0xBF, 0xEF,
    0xFF, 0xE7, 0x7D, 0x96, 0x76, 0x13, 0x9A, 0x03, 0x9C, 0x03, 0xBC, 0x03, 0xD9, 0x1B, 0x57, 0x4C,
    0x18, 0x7D, 0xFA, 0xA5, 0x9B, 0xBE, 0x1D, 0xD7, 0x5E, 0xDF, 0x7E, 0xDF, 0x5E, 0xDF, 0x5E, 0xDF,
    0x5F, 0xDF, 0x5F, 0xD7, 0x5E, 0xD7, 0x5F, 0xD7, 0x5F, 0xD7, 0x3F, 0xD7, 0x3F, 0xD7, 0x3F, 0xCF,
    0x1F, 0xCF, 0x1F, 0xCF, 0x1E, 0xC7, 0xFE, 0xC6, 0xFE, 0xBE, 0xDE, 0xBE, 0xDE, 0xB6, 0xBE, 0xB6,
    0x1F, 0xC7, 0x1F, 0xC7, 0x3F, 0xCF, 0x3F, 0xCF, 0x3F, 0xCF, 0x3F, 0xCF, 0x5F, 0xD7, 0x5F, 0xD7,
    0x5F, 0xD7, 0x5F, 0xD7, 0x7F, 0xDF, 0x7E, 0xDF, 0x7E, 0xE7, 0x5E, 0xDF, 0x7E, 0xE7, 0xFF, 0xE7,
    0x7F, 0xC7, 0xBC, 0x85, 0x19, 0x3C, 0x77, 0x13, 0x99, 0x03, 0xBB, 0x03, 0xBA, 0x03, 0xD9, 0x0B,
    0x18, 0x1C, 0x17, 0x6D, 0x75, 0xA5, 0x7A, 0xC6, 0x3D, 0xDF, 0x9E, 0xEF, 0xBF, 0xEF, 0xBF, 0xEF,
    0xBF, 0xEF, 0xBF, 0xEF, 0x9F, 0xEF, 0xFF, 0xF7, 0x7D, 0x96, 0xD8, 0x03, 0xB9, 0x03, 0x9B, 0x03,
    0x9A, 0x0B, 0xB5, 0x2B, 0xB6, 0x74, 0x97, 0xA5, 0x5A, 0xBE, 0x1D, 0xDF, 0x9E, 0xEF, 0xDF, 0xF7,
    0xDF, 0xF7, 0xDF, 0xF7, 0xDF, 0xF7, 0xDF, 0xF7, 0xFF, 0xF7, 0xFF, 0xF7, 0xFF, 0xF7, 0xFF, 0xF7,
    0xFF, 0xF7, 0xFF, 0xF7, 0xFF, 0xF7, 0xFF, 0xF7, 0xFF, 0xF7, 0xFF, 0xF7, 0xFF, 0xF7, 0xFF, 0xE7,
    0xBA, 0x7D, 0x77, 0x0B, 0xBA, 0x03, 0xBA, 0x03, 0x99, 0x13, 0xD7, 0x33, 0x94, 0x7C, 0x75, 0xA5,
    0x59, 0xC6, 0x3D, 0xDF, 0x7E, 0xEF, 0xBF, 0xEF, 0xBF, 0xEF, 0xBF, 0xF7, 0xBF, 0xF7, 0xBF, 0xEF,
    0xDF, 0xE7, 0x1C, 0x96, 0x96, 0x1B, 0xBA, 0x03, 0xDC, 0x03, 0x9B, 0x0B, 0x9A, 0x1B, 0x77, 0x23,
    0x38, 0x44, 0xBC, 0x7D, 0xDF, 0xAE, 0x5F, 0xCF, 0x5F, 0xDF, 0x3D, 0xE7, 0x3C, 0xEF, 0x5E, 0xE7,
    0x7F, 0xDF, 0x7F, 0xD7, 0x9F, 0xCF, 0x9F, 0xC7, 0x5F, 0xD7, 0x3F, 0xD7, 0x3F, 0xD7, 0x3F, 0xCF,
    0x3F, 0xCF, 0x1F, 0xC7, 0x1F, 0xC7, 0xFE, 0xC6, 0xFE, 0xBE, 0xFE, 0xBE, 0xDE, 0xB6, 0xDE, 0xB6,
    0x1F, 0xC7, 0x1F, 0xC7, 0x3F, 0xCF, 0x3F, 0xCF, 0x3F, 0xCF, 0x3F, 0xCF, 0x5F, 0xD7, 0x5F, 0xD7,
    0x5F, 0xD7, 0x5F, 0xD7, 0x5D, 0xE7, 0x5C, 0xF7, 0x7E, 0xE7, 0xBF, 0xDF, 0x7F, 0xCF, 0x7E, 0x96,
    0x9A, 0x44, 0x98, 0x1B, 0x99, 0x0B, 0xD8, 0x03, 0xDA, 0x03, 0xBA, 0x03, 0xB8, 0x0B, 0xB6, 0x1B,
    0xF5, 0x23, 0xF6, 0x74, 0x76, 0xAD, 0x7A, 0xC6, 0x3D, 0xDF, 0x9E, 0xEF, 0xBF, 0xEF, 0xBF, 0xEF,
    0xBF, 0xF7, 0xBF, 0xEF, 0xBF, 0xEF, 0xFF, 0xFF, 0xFE, 0xB6, 0xD8, 0x1B, 0x99, 0x03, 0x9B, 0x03,
    0x99, 0x0B, 0x75, 0x1B, 0x76, 0x5C, 0x98, 0x9D, 0x5A, 0xBE, 0x1C, 0xDF, 0x9E, 0xEF, 0xDF, 0xF7,
    0xDF, 0xF7, 0xDF, 0xF7, 0xDF, 0xF7, 0xDF, 0xF7, 0xFF, 0xF7, 0xFF, 0xF7, 0xFF, 0xF7, 0xFF, 0xF7,
    0xFF, 0xF7, 0xFF, 0xF7, 0xFF, 0xF7, 0xFF, 0xF7, 0xFF, 0xF7, 0xFF, 0xF7, 0xFF, 0xEF, 0xBF, 0xCF,
    0x77, 0x44, 0x77, 0x0B, 0xDB, 0x03, 0x99, 0x03, 0x77, 0x13, 0x17, 0x44, 0xB4, 0x7C, 0x75, 0xA5,
    0x59, 0xC6, 0x3D, 0xDF, 0x9E, 0xEF, 0xBF, 0xEF, 0xBF, 0xEF, 0xBF, 0xF7, 0xBF, 0xF7, 0xBF, 0xEF,
    0xDF, 0xE7, 0xFB, 0x95, 0x53, 0x23, 0x98, 0x0B, 0xDB, 0x03, 0xBC, 0x0B, 0xBB, 0x0B, 0xB9, 0x13,
    0x97, 0x13, 0xF7, 0x23, 0x5B, 0x65, 0xDF, 0xA6, 0x7F, 0xCF, 0x5E, 0xD7, 0x3D, 0xDF, 0x3F, 0xE7,
    0x5F, 0xE7, 0x5F, 0xDF, 0x5F, 0xD7, 0x5F, 0xD7, 0x5F, 0xD7, 0x5F, 0xD7, 0x3F, 0xD7, 0x3F, 0xCF,
    0x3F, 0xCF, 0x1F, 0xC7, 0x1F, 0xC7, 0xFE, 0xC6, 0xFE, 0xBE, 0xFE, 0xBE, 0xDE, 0xB6, 0xDE, 0xB6,
    0x1F, 0xC7, 0x1F, 0xC7, 0x3F, 0xCF, 0x3F, 0xCF, 0x3F, 0xCF, 0x5F, 0xCF, 0x5F, 0xCF, 0x5F, 0xCF,
    0x5F, 0xD7, 0x5F, 0xCF, 0x3D, 0xDF, 0x3C, 0xE7, 0xBF, 0xDF, 0xFF, 0xA6, 0x1B, 0x55, 0xD8, 0x1B,
    0xBA, 0x0B, 0xBC, 0x03, 0xFC, 0x03, 0x19, 0x04, 0xD9, 0x0B, 0x98, 0x13, 0x96, 0x23, 0xF4, 0x43,
    0x33, 0x5C, 0xD4, 0x84, 0x76, 0xA5, 0x7A, 0xC6, 0x3D, 0xDF, 0x9E, 0xEF, 0xBF, 0xF7, 0xBF, 0xEF,
    0xBF, 0xF7, 0xBF, 0xEF, 0xBF, 0xEF, 0xDF, 0xF7, 0x5F, 0xD7, 0x38, 0x44, 0x78, 0x03, 0xBA, 0x03,
    0xB8, 0x0B, 0x96, 0x1B, 0x16, 0x3C, 0x9A, 0x8D, 0x5B, 0xB6, 0xFC, 0xD6, 0x9E, 0xEF, 0xDF, 0xF7,
    0xDF, 0xF7, 0xDF, 0xF7, 0xDF, 0xF7, 0xDF, 0xF7, 0xDF, 0xF7, 0xFF, 0xF7, 0xFF, 0xF7, 0xFF, 0xF7,
    0xFF, 0xF7, 0xFF, 0xF7, 0xFF, 0xF7, 0xFF, 0xF7, 0xFF, 0xF7, 0xDE, 0xEF, 0xFF, 0xEF, 0x9D, 0x96,
    0xF7, 0x1B, 0xD9, 0x03, 0xFA, 0x03, 0xB9, 0x03, 0x96, 0x1B, 0x55, 0x54, 0xB4, 0x84, 0x76, 0xA5,
    0x7A, 0xC6, 0x3D, 0xDF, 0x9E, 0xEF, 0xBF, 0xEF, 0xBF, 0xF7, 0xBF, 0xF7, 0xBF, 0xF7, 0xBF, 0xF7,
    0xDF, 0xE7, 0x3E, 0xC7, 0x5A, 0x75, 0xF6, 0x2B, 0x77, 0x0B, 0xBA, 0x0B, 0xFB, 0x0B, 0xFA, 0x0B,
    0xD9, 0x03, 0xB8, 0x03, 0xB7, 0x13, 0x79, 0x3C, 0xDD, 0x7D, 0xFF, 0xAE, 0x3F, 0xC7, 0xFE, 0xD6,
    0x1F, 0xDF, 0x3F, 0xDF, 0x3F, 0xE7, 0x3F, 0xDF, 0x5F, 0xD7, 0x5F, 0xD7, 0x3F, 0xD7, 0x3F, 0xCF,
    0x1E, 0xCF, 0x1F, 0xC7, 0x1E, 0xC7, 0xFE, 0xC6, 0xFE, 0xBE, 0xDE, 0xBE, 0xDE, 0xB6, 0xBE, 0xB6,
    0x1F, 0xC7, 0x1F, 0xC7, 0x3F, 0xCF, 0x3F, 0xCF, 0x3F, 0xCF, 0x5F, 0xCF, 0x5F, 0xCF, 0x5F, 0xCF,
    0x5F, 0xCF, 0x5F, 0xCF, 0x9F, 0xD7, 0x3F, 0xBF, 0xDC, 0x7D, 0x18, 0x2C, 0x98, 0x03, 0xD9, 0x03,
    0xFA, 0x03, 0xDC, 0x03, 0xDD, 0x03, 0xFB, 0x03, 0xB9, 0x0B, 0x98, 0x23, 0xF5, 0x43, 0x53, 0x6C,
    0x91, 0x84, 0xF3, 0x94, 0xB7, 0xAD, 0x9A, 0xCE, 0x3D, 0xE7, 0xBF, 0xEF, 0xBF, 0xF7, 0xBF, 0xEF,
    0xBF, 0xEF, 0xBF, 0xEF, 0xBF, 0xEF, 0x9F, 0xEF, 0xBF, 0xF7, 0x7C, 0x8D, 0x59, 0x03, 0xF9, 0x03,
    0xD8, 0x0B, 0x98, 0x13, 0xB6, 0x1B, 0xB7, 0x64, 0x3A, 0xB6, 0xBB, 0xCE, 0x5D, 0xE7, 0xDF, 0xF7,
    0xDF, 0xF7, 0xDF, 0xF7, 0xDF, 0xF7, 0xDF, 0xF7, 0xDF, 0xF7, 0xFF, 0xF7, 0xFF, 0xF7, 0xFF, 0xF7,
    0xFF, 0xF7, 0xFF, 0xF7, 0xFF, 0xF7, 0xDF, 0xF7, 0xDE, 0xF7, 0xDE, 0xF7, 0xBF, 0xD7, 0xB8, 0x4C,
    0xB8, 0x03, 0x1B, 0x04, 0xFA, 0x03, 0xF9, 0x03, 0xF6, 0x2B, 0x94, 0x64, 0xF4, 0x8C, 0xB7, 0xAD,
    0x9A, 0xCE, 0x5D, 0xE7, 0xBF, 0xEF, 0xBF, 0xF7, 0xBF, 0xF7, 0xBF, 0xF7, 0xBF, 0xF7, 0xDF, 0xF7,
    0xDF, 0xEF, 0x9F, 0xDF, 0x7F, 0xC7, 0x1D, 0x8E, 0x78, 0x44, 0x97, 0x13, 0xB8, 0x13, 0xF9, 0x0B,
    0xF8, 0x03, 0xF8, 0x03, 0xD9, 0x03, 0x98, 0x0B, 0xB7, 0x1B, 0xDA, 0x54, 0x7E, 0x96, 0x1E, 0xBF,
    0x3E, 0xCF, 0x3F, 0xD7, 0x3F, 0xDF, 0x3F, 0xDF, 0x5F, 0xD7, 0x5F, 0xD7, 0x3F, 0xCF, 0x1F, 0xCF,
    0x1E, 0xC7, 0x1F, 0xC7, 0x1E, 0xC7, 0xFE, 0xBE, 0xDE, 0xBE, 0xDE, 0xB6, 0xBE, 0xB6, 0xBE, 0xB6,
    0x1F, 0xC7, 0x1F, 0xC7, 0x3F, 0xCF, 0x3F, 0xCF, 0x3F, 0xCF, 0x3F, 0xCF, 0x5E, 0xCF, 0x7F, 0xCF,
    0x9F, 0xCF, 0x7F, 0xC7, 0x1E, 0x86, 0x9B, 0x3C, 0xB8, 0x13, 0x99, 0x03, 0xDB, 0x03, 0xFB, 0x03,
    0xFA, 0x03, 0xBA, 0x03, 0xBA, 0x0B, 0xD9, 0x1B, 0xF7, 0x3B, 0x36, 0x5C, 0xB5, 0x74, 0x92, 0x84,
    0xD1, 0x9C, 0x55, 0xAD, 0x19, 0xBE, 0xFC, 0xD6, 0x5E, 0xE7, 0xBF, 0xEF, 0xBF, 0xEF, 0xBF, 0xEF,
    0xDF, 0xEF, 0xBF, 0xEF, 0xBF, 0xEF, 0x9F, 0xEF, 0xBF, 0xF7, 0xDF, 0xBE, 0xF9, 0x23, 0xFA, 0x03,
    0xFA, 0x0B, 0xB8, 0x0B, 0x97, 0x0B, 0xF7, 0x2B, 0xBA, 0x8D, 0x7B, 0xBE, 0x1C, 0xD7, 0xBE, 0xEF,
    0xDE, 0xF7, 0xFE, 0xF7, 0xFF, 0xF7, 0xDF, 0xF7, 0xDF, 0xF7, 0xFF, 0xF7, 0xFF, 0xF7, 0xFF, 0xF7,
    0xFF, 0xF7, 0xFF, 0xF7, 0xDF, 0xF7, 0xDF, 0xF7, 0xDE, 0xEF, 0xFF, 0xE7, 0x3B, 0x8E, 0x95, 0x1B,
    0xB8, 0x03, 0xDA, 0x03, 0xDA, 0x03, 0xF7, 0x1B, 0x35, 0x4C, 0xB5, 0x74, 0x35, 0x95, 0x18, 0xB6,
    0xDB, 0xD6, 0x5D, 0xE7, 0xBF, 0xEF, 0xDF, 0xF7, 0xDF, 0xF7, 0xBF, 0xF7, 0xBF, 0xEF, 0xBF, 0xEF,
    0xBF, 0xEF, 0xBF, 0xE7, 0x5F, 0xD7, 0xFE, 0xBE, 0x5D, 0xA6, 0xF9, 0x64, 0xD5, 0x2B, 0x95, 0x13,
    0xB7, 0x03, 0xF9, 0x03, 0xDC, 0x03, 0xBB, 0x03, 0x99, 0x0B, 0x97, 0x13, 0x38, 0x34, 0x59, 0x65,
    0x9D, 0x9E, 0x5F, 0xC7, 0x3E, 0xCF, 0x3E, 0xDF, 0x3F, 0xD7, 0x5F, 0xCF, 0x3F, 0xCF, 0x3F, 0xCF,
    0x1F, 0xC7, 0x1F, 0xC7, 0x1E, 0xC7, 0xFE, 0xBE, 0xFE, 0xBE, 0xDE, 0xB6, 0xBE, 0xB6, 0xBE, 0xB6,
    0x1F, 0xC7, 0x1F, 0xC7, 0x1F, 0xC7, 0x3F, 0xCF, 0x3F, 0xCF, 0x3F, 0xD7, 0x1E, 0xD7, 0x5F, 0xCF,
    0xDE, 0xA6, 0x1B, 0x5D, 0xB9, 0x1B, 0x9A, 0x03, 0xBB, 0x0B, 0xDB, 0x0B, 0xBB, 0x03, 0xBB, 0x03,
    0xDA, 0x03, 0xB7, 0x13, 0xD5, 0x33, 0x55, 0x5C, 0x54, 0x74, 0x72, 0x84, 0xD2, 0x8C, 0x33, 0x9D,
    0xB7, 0xAD, 0x39, 0xBE, 0xDC, 0xD6, 0x5E, 0xE7, 0x9F, 0xEF, 0xBF, 0xEF, 0xBF, 0xEF, 0xBF, 0xEF,
    0xDF, 0xEF, 0xDF, 0xEF, 0xDF, 0xEF, 0xBF, 0xEF, 0xBF, 0xEF, 0xFF, 0xDF, 0x7B, 0x65, 0xBA, 0x03,
    0xFB, 0x0B, 0xB9, 0x0B, 0xD9, 0x03, 0xBA, 0x03, 0x79, 0x3C, 0x1C, 0x9E, 0xFE, 0xCE, 0x7E, 0xDF,
    0xDD, 0xF7, 0xFC, 0xFF, 0xFE, 0xFF, 0xDF, 0xFF, 0xDF, 0xFF, 0xDF, 0xFF, 0xDF, 0xF7, 0xDF, 0xF7,
    0xFF, 0xF7, 0xDF, 0xF7, 0x7E, 0xEF, 0xFF, 0xF7, 0xFF, 0xDF, 0x3C, 0x7E, 0xD6, 0x1B, 0xB8, 0x03,
    0xB9, 0x0B, 0xBA, 0x03, 0x98, 0x13, 0xD5, 0x43, 0x75, 0x6C, 0xD6, 0x84, 0x76, 0x9D, 0x59, 0xC6,
    0x1C, 0xDF, 0x9E, 0xE7, 0xDF, 0xEF, 0xDF, 0xF7, 0xDF, 0xF7, 0xBF, 0xEF, 0xBF, 0xEF, 0xBF, 0xEF,
    0x9F, 0xEF, 0xBF, 0xEF, 0x9F, 0xE7, 0x1E, 0xDF, 0xBC, 0xCE, 0x5A, 0xB6, 0x98, 0x85, 0x36, 0x44,
    0xD7, 0x13, 0xD9, 0x0B, 0xBC, 0x0B, 0xBC, 0x0B, 0xDB, 0x0B, 0xD9, 0x0B, 0xB8, 0x0B, 0x97, 0x0B,
    0x38, 0x34, 0x9B, 0x7D, 0xBD, 0xB6, 0xFD, 0xCE, 0x3F, 0xCF, 0x3F, 0xCF, 0x3F, 0xCF, 0x3F, 0xCF,
    0x3F, 0xC7, 0x1F, 0xC7, 0x1E, 0xC7, 0xFE, 0xBE, 0xFE, 0xBE, 0xDE, 0xBE, 0xDE, 0xB6, 0xBE, 0xB6,
    0x1F, 0xC7, 0x1F, 0xC7, 0x1F, 0xC7, 0x3F, 0xCF, 0x3F, 0xCF, 0xFE, 0xDE, 0xFE, 0xE6, 0x1F, 0xCF,
    0xB9, 0x5C, 0x38, 0x0B, 0x9B, 0x0B, 0xDA, 0x03, 0xDA, 0x03, 0xDA, 0x0B, 0xB9, 0x0B, 0x77, 0x13,
    0xB5, 0x2B, 0x15, 0x4C, 0x13, 0x5C, 0x52, 0x74, 0xB4, 0x8C, 0x15, 0x9D, 0x75, 0xA5, 0x17, 0xB6,
    0x9B, 0xCE, 0xFC, 0xD6, 0x5E, 0xE7, 0xBF, 0xEF, 0xBF, 0xEF, 0xBF, 0xEF, 0xBF, 0xEF, 0xBF, 0xEF,
    0xDF, 0xEF, 0xDF, 0xEF, 0xDF, 0xEF, 0xBF, 0xEF, 0xBF, 0xEF, 0xDF, 0xE7, 0xFF, 0xAE, 0x59, 0x34,
    0x98, 0x0B, 0xD9, 0x0B, 0xBA, 0x03, 0xDA, 0x03, 0xD8, 0x1B, 0x36, 0x54, 0xDA, 0x9D, 0x5E, 0xCF,
    0xBE, 0xE7, 0xBD, 0xEF, 0xBE, 0xF7, 0xDF, 0xFF, 0xDF, 0xFF, 0xDF, 0xFF, 0xDF, 0xFF, 0xDF, 0xF7,
    0xDF, 0xF7, 0xFF, 0xF7, 0xFF, 0xF7, 0xBF, 0xDF, 0xDC, 0x7D, 0xD7, 0x13, 0xB9, 0x03, 0xDB, 0x03,
    0xBA, 0x03, 0x98, 0x0B, 0x96, 0x2B, 0x35, 0x5C, 0x95, 0x7C, 0x16, 0x95, 0xB7, 0xAD, 0xBA, 0xCE,
    0x5D, 0xE7, 0xBF, 0xEF, 0xDF, 0xEF, 0xDF, 0xEF, 0xDF, 0xEF, 0xBF, 0xEF, 0xBF, 0xEF, 0xBF, 0xEF,
    0xBF, 0xEF, 0xBF, 0xEF, 0x9F, 0xEF, 0x9F, 0xE7, 0x3E, 0xDF, 0xFC, 0xD6, 0x9B, 0xBE, 0x1A, 0x9E,
    0x38, 0x6D, 0x36, 0x3C, 0xB9, 0x1B, 0xBA, 0x13, 0xBA, 0x0B, 0xDA, 0x0B, 0xDA, 0x0B, 0xFA, 0x0B,
    0x97, 0x0B, 0xD5, 0x33, 0xDB, 0x8D, 0x7C, 0xAE, 0xFE, 0xC6, 0x3F, 0xCF, 0x3F, 0xCF, 0x3F, 0xC7,
    0x3F, 0xC7, 0x1F, 0xC7, 0x1E, 0xC7, 0xFE, 0xBE, 0xFE, 0xBE, 0xDE, 0xBE, 0xDE, 0xB6, 0xBE, 0xB6,
    0x1F, 0xC7, 0x1F, 0xC7, 0x1F, 0xC7, 0x3F, 0xCF, 0x3F, 0xCF, 0x1E, 0xDF, 0xFE, 0xE6, 0x5F, 0xCF,
    0x9C, 0x75, 0x99, 0x1B, 0xDB, 0x03, 0xDA, 0x03, 0xD9, 0x03, 0xD8, 0x13, 0xB7, 0x13, 0xD4, 0x33,
    0x13, 0x5C, 0x33, 0x6C, 0x52, 0x7C, 0xB3, 0x94, 0x56, 0xAD, 0xD7, 0xB5, 0x38, 0xBE, 0xDB, 0xCE,
    0x3D, 0xDF, 0x5E, 0xE7, 0x9F, 0xEF, 0xBF, 0xEF, 0x9F, 0xEF, 0xBF, 0xEF, 0xBF, 0xEF, 0xBF, 0xEF,
    0xBF, 0xEF, 0xDF, 0xEF, 0xDF, 0xEF, 0xDF, 0xEF, 0xBF, 0xEF, 0xBF, 0xF7, 0xBF, 0xE7, 0x1C, 0x9E,
    0xD5, 0x2B, 0xB8, 0x0B, 0xDA, 0x03, 0xDA, 0x03, 0xD9, 0x13, 0x96, 0x1B, 0xD6, 0x33, 0x9B, 0x6D,
    0xFE, 0xA6, 0xDF, 0xC7, 0xFF, 0xE7, 0xFF, 0xEF, 0xFF, 0xEF, 0xFF, 0xF7, 0xFF, 0xF7, 0xDF, 0xE7,
    0xFF, 0xE7, 0xBF, 0xD7, 0x7D, 0x9E, 0x97, 0x54, 0x98, 0x1B, 0xBB, 0x03, 0xDC, 0x03, 0xDC, 0x03,
    0xB9, 0x03, 0x75, 0x23, 0xD4, 0x4B, 0x54, 0x74, 0xB4, 0x94, 0x77, 0xA5, 0x39, 0xBE, 0xDB, 0xD6,
    0x7E, 0xE7, 0xBF, 0xEF, 0xBF, 0xEF, 0xDF, 0xEF, 0xDF, 0xEF, 0xDF, 0xEF, 0xBF, 0xEF, 0xBF, 0xEF,
    0xBF, 0xEF, 0xBF, 0xEF, 0xBF, 0xEF, 0x9F, 0xE7, 0x9F, 0xE7, 0x7E, 0xDF, 0x1D, 0xCF, 0xBB, 0xC6,
    0x7A, 0xBE, 0xF9, 0x9D, 0x1B, 0x5D, 0xF8, 0x2B, 0x98, 0x13, 0xBB, 0x0B, 0xBC, 0x0B, 0xDA, 0x0B,
    0xB7, 0x13, 0x16, 0x3C, 0x7A, 0x7D, 0x3B, 0xA6, 0x9C, 0xB6, 0x1E, 0xC7, 0x3F, 0xC7, 0x3E, 0xC7,
    0x1E, 0xC7, 0x1F, 0xC7, 0x1F, 0xC7, 0xFE, 0xBE, 0xDE, 0xBE, 0xDE, 0xB6, 0xBE, 0xB6, 0xBE, 0xAE,
    0x1F, 0xC7, 0x1F, 0xC7, 0x1F, 0xC7, 0x3F, 0xCF, 0x3F, 0xCF, 0x3F, 0xD7, 0x1E, 0xD7, 0x7F, 0xCF,
    0xFF, 0xA6, 0xF7, 0x33, 0x98, 0x03, 0xFB, 0x03, 0xD9, 0x03, 0xB6, 0x0B, 0xD5, 0x1B, 0x55, 0x54,
    0x32, 0x74, 0x72, 0x7C, 0x14, 0x9D, 0x76, 0xAD, 0x19, 0xBE, 0x9A, 0xCE, 0xFB, 0xD6, 0x7D, 0xDF,
    0x9F, 0xE7, 0x9F, 0xEF, 0xBF, 0xEF, 0xBF, 0xEF, 0x9F, 0xEF, 0xBF, 0xEF, 0xBF, 0xEF, 0xBF, 0xEF,
    0xBF, 0xEF, 0xDF, 0xEF, 0xDF, 0xEF, 0xDF, 0xE7, 0xDF, 0xEF, 0x9F, 0xF7, 0x9E, 0xF7, 0x7D, 0xE7,
    0x9A, 0x7D, 0xD9, 0x13, 0xDA, 0x03, 0xD9, 0x0B, 0xFA, 0x0B, 0xFB, 0x0B, 0xDA, 0x0B, 0xF8, 0x13,
    0x78, 0x24, 0x9B, 0x55, 0x3C, 0x8E, 0xBE, 0xAE, 0xFE, 0xB6, 0x1E, 0xB7, 0x3E, 0xB7, 0x9D, 0xA6,
    0x7A, 0x7D, 0x98, 0x4C, 0x96, 0x1B, 0x57, 0x03, 0x9B, 0x13, 0xBC, 0x0B, 0xBC, 0x03, 0xBA, 0x03,
    0x97, 0x13, 0xF5, 0x43, 0x54, 0x74, 0x93, 0x8C, 0x15, 0xA5, 0xF8, 0xB5, 0x9B, 0xCE, 0x5D, 0xDF,
    0xBF, 0xEF, 0xBF, 0xEF, 0xDF, 0xEF, 0xBF, 0xEF, 0xBF, 0xEF, 0xBF, 0xEF, 0xBF, 0xEF, 0xBF, 0xEF,
    0xBF, 0xEF, 0xBF, 0xEF, 0xBF, 0xEF, 0x9F, 0xEF, 0x9F, 0xE7, 0xBF, 0xD7, 0x9F, 0xD7, 0x3D, 0xCF,
    0xDB, 0xD6, 0xBA, 0xCE, 0x9E, 0x9E, 0x1A, 0x55, 0xB8, 0x1B, 0x9C, 0x0B, 0xBD, 0x0B, 0xB9, 0x13,
    0x95, 0x1B, 0x15, 0x44, 0x16, 0x85, 0x97, 0x9D, 0x3B, 0xAE, 0xDD, 0xBE, 0x3E, 0xC7, 0x3E, 0xC7,
    0x1E, 0xC7, 0x1E, 0xC7, 0x1E, 0xC7, 0xFE, 0xBE, 0xDE, 0xBE, 0xDE, 0xB6, 0xBE, 0xB6, 0xBE, 0xAE,
    0x1F, 0xC7, 0x1F, 0xC7, 0x1F, 0xC7, 0x3F, 0xC7, 0x3F, 0xCF, 0x3F, 0xCF, 0x3D, 0xD7, 0x3C, 0xD7,
    0x5E, 0xC7, 0x5A, 0x65, 0x77, 0x03, 0xFA, 0x03, 0xDA, 0x03, 0xB7, 0x03, 0xB6, 0x1B, 0xF3, 0x5B,
    0x72, 0x8C, 0x15, 0x95, 0xB7, 0xAD, 0x5A, 0xBE, 0xDC, 0xCE, 0x3D, 0xD7, 0x7D, 0xDF, 0x9E, 0xE7,
    0x9F, 0xE7, 0xBF, 0xE7, 0xBF, 0xE7, 0xBE, 0xE7, 0x9F, 0xEF, 0x9F, 0xEF, 0xBF, 0xEF, 0xBF, 0xEF,
    0xDF, 0xEF, 0xDF, 0xEF, 0xDF, 0xEF, 0xDF, 0xEF, 0xDF, 0xEF, 0x9E, 0xF7, 0x7D, 0xEF, 0x9D, 0xEF,
    0x7F, 0xCF, 0x7C, 0x6D, 0xB7, 0x1B, 0x98, 0x0B, 0xBA, 0x03, 0xDB, 0x03, 0xFB, 0x03, 0xDA, 0x03,
    0xDA, 0x03, 0xDA, 0x03, 0xB8, 0x13, 0xF8, 0x23, 0xF8, 0x23, 0xF8, 0x23, 0xF8, 0x23, 0xB7, 0x23,
    0x56, 0x13, 0x98, 0x0B, 0xDB, 0x03, 0xDC, 0x03, 0x9C, 0x03, 0x9C, 0x03, 0x9A, 0x0B, 0x97, 0x23,
    0xD6, 0x3B, 0x54, 0x6C, 0xB3, 0x8C, 0x14, 0x9D, 0x96, 0xAD, 0x5A, 0xC6, 0x1C, 0xD7, 0x9E, 0xEF,
    0xDF, 0xEF, 0xDF, 0xEF, 0xDF, 0xEF, 0xBF, 0xEF, 0xBF, 0xEF, 0xBF, 0xEF, 0xBF, 0xEF, 0xBF, 0xEF,
    0xBF, 0xEF, 0xBF, 0xEF, 0xBF, 0xEF, 0x9F, 0xEF, 0x9F, 0xE7, 0xDF, 0xD7, 0xBF, 0xDF, 0x7E, 0xE7,
    0x3D, 0xE7, 0x1D, 0xDF, 0xFE, 0xB6, 0x99, 0x4C, 0x79, 0x13, 0xBB, 0x0B, 0xBA, 0x0B, 0x97, 0x13,
    0xB5, 0x23, 0x14, 0x4C, 0x94, 0x7C, 0x35, 0x9D, 0x1A, 0xAE, 0xBD, 0xBE, 0x1E, 0xC7, 0x3F, 0xC7,
    0x1F, 0xC7, 0x1F, 0xC7, 0x1F, 0xC7, 0xFE, 0xBE, 0xDE, 0xBE, 0xDE, 0xB6, 0xBE, 0xB6, 0xBE, 0xAE,
    0x1F, 0xBF, 0x1F, 0xC7, 0x1F, 0xC7, 0x3F, 0xC7, 0x3F, 0xC7, 0x3F, 0xCF, 0x3D, 0xD7, 0x1A, 0xDF,
    0x3D, 0xD7, 0x9E, 0x96, 0x19, 0x1C, 0xB9, 0x03, 0xDA, 0x03, 0xDA, 0x03, 0x97, 0x13, 0xB3, 0x53,
    0x93, 0x94, 0x77, 0xA5, 0x39, 0xB6, 0x1D, 0xCF, 0x9F, 0xDF, 0x9F, 0xE7, 0x9E, 0xE7, 0x9E, 0xE7,
    0xBF, 0xE7, 0xBF, 0xE7, 0xBE, 0xDF, 0xBE, 0xE7, 0xBF, 0xEF, 0x9F, 0xEF, 0x9F, 0xF7, 0xBF, 0xEF,
    0xBF, 0xEF, 0xBF, 0xEF, 0xBF, 0xEF, 0xBF, 0xEF, 0xBF, 0xEF, 0xBE, 0xF7, 0xBE, 0xEF, 0x9E, 0xEF,
    0x5E, 0xDF, 0x3F, 0xC7, 0xBC, 0x7D, 0x39, 0x34, 0x78, 0x0B, 0x98, 0x03, 0xD9, 0x0B, 0xDB, 0x03,
    0xFC, 0x03, 0xFD, 0x03, 0xFB, 0x03, 0xDA, 0x03, 0xDA, 0x03, 0xDA, 0x03, 0xDA, 0x03, 0xBA, 0x03,
    0xDA, 0x0B, 0xDB, 0x03, 0xFC, 0x03, 0xFD, 0x03, 0xBB, 0x03, 0x99, 0x13, 0x97, 0x2B, 0xF6, 0x53,
    0x55, 0x74, 0x93, 0x84, 0x13, 0x95, 0xB6, 0xAD, 0x59, 0xC6, 0x1C, 0xD7, 0x9E, 0xE7, 0xBF, 0xEF,
    0xBF, 0xEF, 0xDF, 0xEF, 0xBF, 0xEF, 0xBF, 0xEF, 0xBF, 0xEF, 0xBF, 0xEF, 0xBF, 0xEF, 0xBF, 0xEF,
    0xBF, 0xEF, 0xBF, 0xEF, 0xBF, 0xEF, 0x9F, 0xEF, 0x9F, 0xE7, 0xDF, 0xD7, 0xBF, 0xE7, 0x7E, 0xF7,
    0x5E, 0xEF, 0x5F, 0xDF, 0x9E, 0xA6, 0x97, 0x23, 0x7A, 0x0B, 0xDB, 0x0B, 0xB8, 0x0B, 0x96, 0x13,
    0x16, 0x34, 0x55, 0x5C, 0xB4, 0x84, 0x76, 0xA5, 0x7B, 0xB6, 0xFE, 0xC6, 0x1F, 0xC7, 0x1F, 0xC7,
    0x1F, 0xC7, 0x1F, 0xC7, 0x1F, 0xC7, 0xFE, 0xBE, 0xDE, 0xBE, 0xDE, 0xB6, 0xBE, 0xB6, 0xBE, 0xB6,
    0x1F, 0xBF, 0x1F, 0xC7, 0x1F, 0xC7, 0x3F, 0xC7, 0x3F, 0xC7, 0x3F, 0xCF, 0x5D, 0xCF, 0x3C, 0xD7,
    0x5E, 0xCF, 0x3F, 0xB7, 0xDA, 0x44, 0x98, 0x03, 0xBA, 0x03, 0xDA, 0x03, 0xB8, 0x0B, 0xB5, 0x3B,
    0xB7, 0x7C, 0xDA, 0xA5, 0x9B, 0xBE, 0x5D, 0xDF, 0x9E, 0xE7, 0x9F, 0xE7, 0x9F, 0xE7, 0x9F, 0xE7,
    0x9F, 0xE7, 0xBF, 0xE7, 0xBE, 0xE7, 0xBE, 0xE7, 0xBF, 0xEF, 0xBF, 0xEF, 0x9F, 0xF7, 0x7F, 0xFF,
    0x9F, 0xF7, 0x9F, 0xF7, 0x9F, 0xF7, 0xBF, 0xF7, 0xBF, 0xF7, 0xBE, 0xF7, 0xBE, 0xF7, 0xBE, 0xEF,
    0x9E, 0xE7, 0x7F, 0xDF, 0x3F, 0xC7, 0x7F, 0x96, 0xDA, 0x54, 0xD7, 0x23, 0xB8, 0x13, 0xB8, 0x0B,
    0xDA, 0x03, 0xDB, 0x03, 0xFB, 0x03, 0xFB, 0x03, 0xFB, 0x03, 0xFB, 0x03, 0xFA, 0x03, 0xDA, 0x0B,
    0xD9, 0x0B, 0xD9, 0x0B, 0xD9, 0x03, 0xD9, 0x03, 0x76, 0x1B, 0xD5, 0x3B, 0x56, 0x64, 0xB5, 0x7C,
    0x93, 0x8C, 0x14, 0x95, 0xB6, 0xAD, 0x59, 0xC6, 0xFC, 0xD6, 0x9E, 0xE7, 0xBF, 0xEF, 0xBF, 0xEF,
    0xBF, 0xEF, 0xBF, 0xEF, 0xDF, 0xEF, 0xBF, 0xEF, 0xBF, 0xEF, 0xBF, 0xEF, 0xBF, 0xEF, 0xBF, 0xEF,
    0xBF, 0xEF, 0xBF, 0xEF, 0xBF, 0xEF, 0x9F, 0xEF, 0x9F, 0xE7, 0xDF, 0xDF, 0xBF, 0xE7, 0x9E, 0xEF,
    0x9E, 0xE7, 0xBF, 0xD7, 0x3B, 0x65, 0x78, 0x13, 0xFC, 0x13, 0xBB, 0x0B, 0xB9, 0x13, 0xD5, 0x2B,
    0x35, 0x4C, 0x95, 0x6C, 0x15, 0x8D, 0xB7, 0xAD, 0xBC, 0xBE, 0x1F, 0xC7, 0x3F, 0xC7, 0x1F, 0xC7,
    0x1F, 0xC7, 0x1F, 0xC7, 0x1F, 0xC7, 0xFE, 0xBE, 0xDE, 0xBE, 0xDE, 0xB6, 0xBE, 0xB6, 0xBE, 0xAE,
    0x1F, 0xBF, 0x1F, 0xC7, 0x1F, 0xC7, 0x3F, 0xC7, 0x3F, 0xC7, 0x3F, 0xCF, 0x5E, 0xCF, 0x5E, 0xCF,
    0x5E, 0xC7, 0x7F, 0xC7, 0x3E, 0x86, 0xB8, 0x13, 0x99, 0x03, 0xDB, 0x03, 0xD9, 0x03, 0x77, 0x1B,
    0x79, 0x5C, 0xDB, 0x95, 0x7B, 0xBE, 0x1A, 0xDF, 0x7D, 0xE7, 0x9F, 0xE7, 0x9F, 0xE7, 0x9F, 0xE7,
    0x9F, 0xE7, 0x9F, 0xEF, 0x9E, 0xEF, 0x9E, 0xE7, 0xBE, 0xE7, 0xDE, 0xE7, 0x9E, 0xEF, 0x9F, 0xF7,
    0x9F, 0xF7, 0x9E, 0xF7, 0x9E, 0xF7, 0xBF, 0xF7, 0xBF, 0xF7, 0xBF, 0xF7, 0xBE, 0xEF, 0xBE, 0xF7,
    0xBE, 0xF7, 0x9E, 0xF7, 0x7E, 0xE7, 0x3F, 0xCF, 0x9D, 0xB6, 0x9B, 0x85, 0x78, 0x54, 0xD6, 0x33,
    0x96, 0x23, 0x97, 0x1B, 0xB8, 0x13, 0xB9, 0x0B, 0x98, 0x0B, 0x98, 0x0B, 0x98, 0x0B, 0xB7, 0x13,
    0xB6, 0x13, 0xB5, 0x1B, 0xF5, 0x23, 0x36, 0x34, 0x54, 0x54, 0x74, 0x6C, 0x93, 0x74, 0xB3, 0x84,
    0x14, 0x9D, 0xB6, 0xAD, 0x79, 0xC6, 0x1C, 0xD7, 0x5D, 0xDF, 0x9E, 0xE7, 0xBF, 0xEF, 0xBF, 0xEF,
    0xBF, 0xEF, 0xDF, 0xEF, 0xDF, 0xEF, 0xBF, 0xEF, 0xBF, 0xEF, 0xBF, 0xEF, 0xBF, 0xEF, 0xBF, 0xEF,
    0x9F, 0xEF, 0x9F, 0xEF, 0x9F, 0xEF, 0x9F, 0xEF, 0x9F, 0xE7, 0xDF, 0xDF, 0xDF, 0xE7, 0x9E, 0xE7,
    0xBE, 0xD7, 0x3E, 0xAF, 0x3A, 0x34, 0xBA, 0x0B, 0xDB, 0x03, 0xDB, 0x03, 0xB9, 0x1B, 0xF5, 0x43,
    0x34, 0x5C, 0x94, 0x74, 0x56, 0x95, 0x19, 0xB6, 0xFD, 0xC6, 0x1E, 0xCF, 0x3F, 0xC7, 0x1F, 0xC7,
    0x1F, 0xC7, 0x1F, 0xC7, 0xFF, 0xC6, 0xFF, 0xBE, 0xDE, 0xBE, 0xDE, 0xB6, 0xBE, 0xB6, 0xBE, 0xAE,
    0x1F, 0xBF, 0x1F, 0xC7, 0x1F, 0xC7, 0x3F, 0xC7, 0x3F, 0xC7, 0x3F, 0xCF, 0x5F, 0xCF, 0x5F, 0xCF,
    0x5E, 0xC7, 0x5E, 0xCF, 0x5F, 0xB7, 0x9A, 0x3C, 0x99, 0x03, 0xFB, 0x03, 0xDA, 0x03, 0x99, 0x13,
    0xD8, 0x33, 0x5A, 0x75, 0x5A, 0xB6, 0xB8, 0xDE, 0x5C, 0xE7, 0x9F, 0xE7, 0x9F, 0xE7, 0x9F, 0xE7,
    0x9F, 0xE7, 0x9F, 0xEF, 0xBF, 0xEF, 0xDF, 0xEF, 0xFF, 0xE7, 0xFF, 0xDF, 0xFF, 0xE7, 0xDF, 0xE7,
    0xBF, 0xEF, 0xBF, 0xEF, 0xBF, 0xEF, 0xDF, 0xEF, 0xBF, 0xEF, 0xBF, 0xEF, 0xDE, 0xEF, 0xDE, 0xEF,
    0x9E, 0xFF, 0x9D, 0xFF, 0x9D, 0xF7, 0x5D, 0xEF, 0xFC, 0xD6, 0x9C, 0xC6, 0x3B, 0xAE, 0x79, 0x8D,
    0xF7, 0x74, 0x76, 0x5C, 0x17, 0x44, 0x17, 0x3C, 0x17, 0x34, 0xF7, 0x33, 0x17, 0x34, 0x15, 0x3C,
    0x14, 0x3C, 0x53, 0x4C, 0xB4, 0x64, 0xF5, 0x74, 0xF4, 0x7C, 0xF4, 0x84, 0x15, 0x8D, 0x96, 0xA5,
    0xF7, 0xAD, 0x79, 0xC6, 0x3C, 0xDF, 0x9E, 0xE7, 0xBE, 0xEF, 0xBF, 0xEF, 0xBF, 0xEF, 0xDF, 0xEF,
    0xDF, 0xEF, 0xDF, 0xEF, 0xDF, 0xEF, 0xDF, 0xEF, 0xDF, 0xEF, 0xDF, 0xEF, 0xFF, 0xEF, 0xFF, 0xEF,
    0xBF, 0xEF, 0x9F, 0xE7, 0x9F, 0xE7, 0x9F, 0xE7, 0x9F, 0xE7, 0xBF, 0xDF, 0xDF, 0xE7, 0xBE, 0xDF,
    0xFF, 0xD7, 0xD9, 0x75, 0x79, 0x0B, 0xFC, 0x0B, 0xFB, 0x03, 0xDB, 0x03, 0xB9, 0x1B, 0x34, 0x5C,
    0x73, 0x74, 0xD5, 0x84, 0xB8, 0xA5, 0x9B, 0xC6, 0x1E, 0xCF, 0x1F, 0xCF, 0x3F, 0xC7, 0x1F, 0xC7,
    0x1F, 0xC7, 0x1F, 0xC7, 0x1F, 0xC7, 0xFE, 0xBE, 0xDE, 0xBE, 0xDE, 0xB6, 0xBE, 0xB6, 0xBE, 0xAE,
    0xFF, 0xBE, 0x1F, 0xC7, 0x1F, 0xC7, 0x3F, 0xC7, 0x3F, 0xCF, 0x3F, 0xCF, 0x3F, 0xCF, 0x5F, 0xCF,
    0x5F, 0xCF, 0x3E, 0xCF, 0x5F, 0xCF, 0x9C, 0x75, 0xD9, 0x13, 0xDB, 0x03, 0xDB, 0x03, 0x9A, 0x0B,
    0x77, 0x23, 0xB8, 0x5C, 0xB8, 0x9D, 0x77, 0xCE, 0x1B, 0xDF, 0x9F, 0xDF, 0xDF, 0xDF, 0xFF, 0xDF,
    0xFF, 0xD7, 0xBF, 0xC7, 0x1F, 0xB7, 0x7D, 0x96, 0xBA, 0x7D, 0xB7, 0x5C, 0xB8, 0x95, 0x9E, 0xE7,
    0x7F, 0xE7, 0x9F, 0xE7, 0xBF, 0xEF, 0xBF, 0xEF, 0xDF, 0xEF, 0xDF, 0xEF, 0xDF, 0xEF, 0xDF, 0xEF,
    0xBE, 0xF7, 0xBE, 0xF7, 0xBF, 0xF7, 0x9E, 0xEF, 0x9E, 0xEF, 0x5E, 0xE7, 0xFC, 0xD6, 0x9B, 0xC6,
    0x19, 0xB6, 0xB7, 0xA5, 0x56, 0x95, 0x36, 0x8D, 0xF5, 0x8C, 0xD4, 0x84, 0xD5, 0x84, 0xD4, 0x84,
    0xD4, 0x84, 0xD4, 0x84, 0xF4, 0x8C, 0x35, 0x95, 0x55, 0x9D, 0x76, 0xA5, 0xF7, 0xAD, 0x9A, 0xC6,
    0xFB, 0xD6, 0x5D, 0xDF, 0x9E, 0xE7, 0xBE, 0xEF, 0xBF, 0xEF, 0xBF, 0xEF, 0xDD, 0xF7, 0xDD, 0xF7,
    0xBE, 0xEF, 0x9F, 0xE7, 0xFF, 0xEF, 0xDF, 0xA6, 0xF9, 0x5C, 0x3A, 0x65, 0xFD, 0x7D, 0xFF, 0xA6,
    0x7F, 0xC7, 0x9F, 0xCF, 0xBF, 0xD7, 0xBF, 0xDF, 0xBF, 0xE7, 0x9F, 0xE7, 0x9E, 0xE7, 0xBE, 0xDF,
    0x7F, 0xBF, 0x99, 0x44, 0x79, 0x0B, 0xDB, 0x03, 0xFB, 0x0B, 0xD9, 0x0B, 0xB6, 0x23, 0x13, 0x64,
    0x74, 0x7C, 0x36, 0x95, 0x1A, 0xAE, 0xBD, 0xC6, 0x1E, 0xCF, 0x1F, 0xCF, 0x3F, 0xC7, 0x3F, 0xC7,
    0x1E, 0xC7, 0x1F, 0xC7, 0x1F, 0xC7, 0xFE, 0xBE, 0xFE, 0xBE, 0xDE, 0xB6, 0xDE, 0xB6, 0xBE, 0xAE,
    0xFF, 0xBE, 0x1F, 0xC7, 0x1F, 0xC7, 0x1F, 0xC7, 0x3F, 0xCF, 0x3F, 0xCF, 0x3F, 0xCF, 0x3F, 0xCF,
    0x3F, 0xCF, 0x3F, 0xCF, 0x5F, 0xCF, 0xFF, 0xAE, 0x5A, 0x3C, 0x99, 0x03, 0xDB, 0x03, 0x99, 0x03,
    0x78, 0x1B, 0x37, 0x44, 0x99, 0x85, 0x9B, 0xBE, 0x3E, 0xCF, 0x1F, 0xBF, 0x9D, 0xA6, 0x3B, 0x8E,
    0x98, 0x6D, 0xF9, 0x4C, 0x39, 0x2C, 0x96, 0x13, 0x75, 0x13, 0x75, 0x13, 0x73, 0x2B, 0x7A, 0x85,
    0x3F, 0xC7, 0x7F, 0xDF, 0x5E, 0xE7, 0x9F, 0xEF, 0xDF, 0xEF, 0xDF, 0xEF, 0xDF, 0xEF, 0xDF, 0xEF,
    0xBF, 0xEF, 0xBF, 0xEF, 0xBF, 0xEF, 0xBF, 0xEF, 0xBF, 0xEF, 0xBF, 0xEF, 0x9F, 0xEF, 0x5D, 0xE7,
    0xDB, 0xD6, 0x79, 0xC6, 0x38, 0xBE, 0x18, 0xBE, 0xD6, 0xB5, 0x96, 0xAD, 0x96, 0xAD, 0x96, 0xAD,
    0x96, 0xAD, 0x96, 0xAD, 0xB7, 0xAD, 0x18, 0xBE, 0x38, 0xBE, 0x79, 0xC6, 0xDB, 0xD6, 0x5D, 0xE7,
    0x9E, 0xE7, 0x9E, 0xEF, 0x9E, 0xEF, 0xBE, 0xEF, 0xBF, 0xEF, 0xDF, 0xEF, 0xFC, 0xF7, 0xFD, 0xEF,
    0xBF, 0xE7, 0xFF, 0xE7, 0xDE, 0xB6, 0x39, 0x34, 0x97, 0x0B, 0x56, 0x03, 0x77, 0x0B, 0xF9, 0x1B,
    0x38, 0x34, 0xDA, 0x54, 0x9C, 0x75, 0x7E, 0x96, 0xFF, 0xB6, 0x5F, 0xCF, 0xBF, 0xDF, 0xFF, 0xDF,
    0x3D, 0x8E, 0x57, 0x1B, 0x9A, 0x0B, 0xBB, 0x03, 0xDA, 0x03, 0x96, 0x13, 0xF4, 0x3B, 0x53, 0x6C,
    0xB5, 0x84, 0x78, 0x9D, 0x5C, 0xBE, 0xDD, 0xC6, 0x1E, 0xCF, 0x1E, 0xCF, 0x3E, 0xC7, 0x3E, 0xC7,
    0x1E, 0xC7, 0x1E, 0xC7, 0x1E, 0xC7, 0xFE, 0xBE, 0xFE, 0xBE, 0xDE, 0xB6, 0xDE, 0xB6, 0xBE, 0xAE,
    0xFF, 0xBE, 0x1F, 0xC7, 0x1F, 0xC7, 0x1F, 0xC7, 0x3F, 0xCF, 0x3F, 0xCF, 0x3F, 0xCF, 0x3F, 0xCF,
    0x3F, 0xCF, 0x3F, 0xCF, 0x5F, 0xCF, 0x9F, 0xC7, 0x7C, 0x6D, 0x77, 0x13, 0xBA, 0x03, 0xBA, 0x03,
    0xB9, 0x0B, 0xD8, 0x1B, 0x79, 0x44, 0xB8, 0x5C, 0x98, 0x5C, 0x18, 0x44, 0x96, 0x2B, 0x75, 0x1B,
    0xB5, 0x1B, 0xD8, 0x0B, 0xD9, 0x03, 0xD9, 0x03, 0xD9, 0x03, 0xD9, 0x03, 0xB9, 0x0B, 0x97, 0x1B,
    0xDD, 0x7D, 0x1F, 0xBF, 0x1E, 0xD7, 0x7E, 0xE7, 0xDF, 0xEF, 0xDF, 0xEF, 0xDF, 0xEF, 0xBF, 0xEF,
    0xBF, 0xEF, 0xBF, 0xEF, 0xBF, 0xEF, 0xBF, 0xEF, 0xBF, 0xEF, 0xBF, 0xEF, 0xBF, 0xEF, 0xBF, 0xEF,
    0x7E, 0xE7, 0x3D, 0xDF, 0x1C, 0xD7, 0x1C, 0xD7, 0xDB, 0xD6, 0xBA, 0xCE, 0x9A, 0xCE, 0x9A, 0xCE,
    0x9A, 0xCE, 0x9A, 0xCE, 0xBB, 0xCE, 0xDB, 0xD6, 0xFC, 0xD6, 0x5D, 0xDF, 0x9E, 0xEF, 0xBE, 0xEF,
    0xBE, 0xEF, 0xBF, 0xEF, 0xBF, 0xEF, 0xBF, 0xEF, 0xDF, 0xEF, 0xBF, 0xEF, 0xDD, 0xEF, 0xDE, 0xE7,
    0xFF, 0xDF, 0x1F, 0xB7, 0x58, 0x4C, 0x78, 0x03, 0xDA, 0x03, 0xDA, 0x03, 0xDA, 0x03, 0xBA, 0x03,
    0x9A, 0x03, 0x79, 0x03, 0x58, 0x0B, 0xB9, 0x1B, 0xF9, 0x2B, 0x79, 0x44, 0x5B, 0x6D, 0xDC, 0x7D,
    0x99, 0x44, 0x77, 0x0B, 0xBB, 0x0B, 0xBB, 0x0B, 0x98, 0x0B, 0xB5, 0x23, 0x34, 0x54, 0x74, 0x74,
    0x16, 0x95, 0xFA, 0xAD, 0xBD, 0xC6, 0xFE, 0xCE, 0x1E, 0xCF, 0x1E, 0xCF, 0x3E, 0xC7, 0x3E, 0xC7,
    0x1E, 0xC7, 0x1E, 0xC7, 0xFE, 0xC6, 0xFE, 0xBE, 0xDE, 0xB6, 0xDE, 0xB6, 0xBE, 0xAE, 0xBE, 0xAE,
    0xFF, 0xBE, 0xFF, 0xBE, 0x1F, 0xC7, 0x1F, 0xC7, 0x3F, 0xC7, 0x3F, 0xCF, 0x3F, 0xCF, 0x3F, 0xCF,
    0x3F, 0xCF, 0x3F, 0xCF, 0x5F, 0xCF, 0x7F, 0xCF, 0x9E, 0xA6, 0xF8, 0x33, 0x99, 0x03, 0xFB, 0x03,
    0xDA, 0x03, 0xB9, 0x03, 0x99, 0x0B, 0x78, 0x13, 0x58, 0x13, 0x59, 0x13, 0x79, 0x13, 0x9A, 0x0B,
    0xBA, 0x03, 0xDA, 0x03, 0xDA, 0x03, 0xFA, 0x03, 0xFB, 0x03, 0xDB, 0x03, 0xDB, 0x03, 0xBA, 0x0B,
    0xB8, 0x1B, 0x1A, 0x65, 0xFF, 0xB6, 0x3E, 0xCF, 0x7E, 0xDF, 0xBF, 0xEF, 0xDF, 0xEF, 0xBF, 0xEF,
    0xBF, 0xEF, 0xBF, 0xEF, 0xBF, 0xEF, 0xBF, 0xEF, 0xBF, 0xEF, 0xBF, 0xEF, 0xBF, 0xEF, 0xBF, 0xEF,
    0xBF, 0xEF, 0xBE, 0xEF, 0x9E, 0xEF, 0x9E, 0xEF, 0x9E, 0xE7, 0x7D, 0xE7, 0x7D, 0xE7, 0x7D, 0xE7,
    0x7D, 0xE7, 0x5D, 0xE7, 0x5D, 0xE7, 0x5D, 0xE7, 0x7D, 0xE7, 0xBE, 0xEF, 0xDF, 0xEF, 0xDF, 0xF7,
    0xDF, 0xF7, 0xDF, 0xEF, 0xDF, 0xEF, 0xDF, 0xEF, 0xDF, 0xEF, 0xDF, 0xEF, 0x9C, 0xE7, 0xFF, 0xE7,
    0xFE, 0xAE, 0x38, 0x3C, 0x98, 0x13, 0xDA, 0x0B, 0xDA, 0x03, 0xDB, 0x03, 0xDB, 0x03, 0xDB, 0x03,
    0xFC, 0x03, 0xDC, 0x03, 0xDB, 0x03, 0xBA, 0x03, 0xB9, 0x03, 0x98, 0x0B, 0x77, 0x13, 0x78, 0x1B,
    0xB8, 0x13, 0xD9, 0x0B, 0xBB, 0x0B, 0xBB, 0x0B, 0xB8, 0x13, 0x35, 0x44, 0x73, 0x6C, 0x94, 0x7C,
    0x78, 0x9D, 0x5B, 0xBE, 0xDD, 0xC6, 0x1E, 0xCF, 0x1E, 0xCF, 0x1E, 0xCF, 0x1E, 0xC7, 0x1E, 0xC7,
    0x1E, 0xC7, 0x1E, 0xBF, 0xFE, 0xBE, 0xDE, 0xBE, 0xDE, 0xB6, 0xBE, 0xB6, 0xBE, 0xAE, 0xBE, 0xAE,
    0xFF, 0xBE, 0xFF, 0xBE, 0x1F, 0xC7, 0x1F, 0xC7, 0x3F, 0xC7, 0x3F, 0xCF, 0x3F, 0xCF, 0x3F, 0xCF,
    0x3F, 0xCF, 0x3F, 0xCF, 0x3F, 0xCF, 0x5F, 0xCF, 0x5F, 0xC7, 0x1A, 0x5D, 0xB9, 0x13, 0xFA, 0x03,
    0xFA, 0x03, 0xDB, 0x03, 0xDB, 0x03, 0xBB, 0x03, 0x9C, 0x0B, 0x9C, 0x0B, 0xBC, 0x03, 0xBB, 0x03,
    0xDB, 0x03, 0xDA, 0x03, 0xBA, 0x03, 0xBA, 0x03, 0xBA, 0x03, 0xDA, 0x03, 0xDB, 0x03, 0xDB, 0x03,
    0xB9, 0x0B, 0x97, 0x1B, 0xBA, 0x54, 0x5D, 0xA6, 0x3E, 0xD7, 0x7F, 0xDF, 0xBF, 0xEF, 0xBF, 0xEF,
    0xBF, 0xEF, 0xBF, 0xEF, 0xBF, 0xEF, 0xBF, 0xEF, 0xBF, 0xEF, 0xBF, 0xEF, 0xBF, 0xEF, 0xBF, 0xEF,
    0xBF, 0xEF, 0xBE, 0xEF, 0xBE, 0xEF, 0xBE, 0xF7, 0xBE, 0xF7, 0xDE, 0xF7, 0xDF, 0xF7, 0xDF, 0xF7,
    0xDF, 0xF7, 0xDF, 0xF7, 0xBF, 0xF7, 0xDF, 0xF7, 0xDF, 0xF7, 0xDF, 0xF7, 0xDF, 0xF7, 0xDF, 0xF7,
    0xDF, 0xF7, 0xDF, 0xEF, 0xDF, 0xEF, 0xDF, 0xEF, 0xDF, 0xEF, 0xDF, 0xEF, 0xFF, 0xE7, 0x7C, 0xA6,
    0xF5, 0x33, 0xB7, 0x13, 0xFA, 0x13, 0xDA, 0x03, 0xB9, 0x03, 0xB9, 0x0B, 0xB8, 0x0B, 0xB9, 0x0B,
    0xDA, 0x03, 0xDA, 0x03, 0xDA, 0x03, 0xD9, 0x03, 0xF9, 0x03, 0xFA, 0x03, 0xDB, 0x0B, 0xBB, 0x0B,
    0xDB, 0x0B, 0xFA, 0x03, 0xBB, 0x03, 0xBA, 0x0B, 0xB7, 0x23, 0x55, 0x54, 0x93, 0x7C, 0xF5, 0x8C,
    0xB9, 0xA5, 0x9C, 0xBE, 0xFE, 0xCE, 0x1E, 0xCF, 0x1E, 0xCF, 0x1E, 0xCF, 0x1E, 0xC7, 0x1E, 0xC7,
    0x1E, 0xC7, 0xFE, 0xBE, 0xFE, 0xBE, 0xDE, 0xBE, 0xDE, 0xB6, 0xBE, 0xB6, 0xBE, 0xAE, 0xBE, 0xAE,
    0xFF, 0xBE, 0xFF, 0xBE, 0x1F, 0xC7, 0x1F, 0xC7, 0x1F, 0xC7, 0x1F, 0xCF, 0x1F, 0xCF, 0x1F, 0xCF,
    0x3F, 0xCF, 0x3F, 0xCF, 0x1F, 0xCF, 0x3F, 0xCF, 0x7F, 0xC7, 0x3D, 0x86, 0xD8, 0x23, 0xD9, 0x0B,
    0xD9, 0x03, 0xD9, 0x03, 0xD9, 0x03, 0xD9, 0x03, 0xBA, 0x03, 0xBC, 0x03, 0xBB, 0x03, 0x99, 0x0B,
    0x99, 0x0B, 0x96, 0x1B, 0xB6, 0x23, 0xB8, 0x23, 0xB7, 0x2B, 0xD8, 0x13, 0xBA, 0x0B, 0xBA, 0x0B,
    0xFA, 0x03, 0xD9, 0x03, 0x78, 0x0B, 0x77, 0x5C, 0x7C, 0xBE, 0x1E, 0xCF, 0x5F, 0xDF, 0x9F, 0xEF,
    0xBF, 0xEF, 0xBF, 0xEF, 0xBF, 0xEF, 0xBF, 0xEF, 0xBF, 0xEF, 0xBF, 0xEF, 0xBF, 0xEF, 0xBF, 0xEF,
    0xBF, 0xEF, 0xBE, 0xEF, 0xDE, 0xEF, 0xDE, 0xF7, 0xDE, 0xF7, 0xBE, 0xF7, 0xBE, 0xF7, 0xDF, 0xF7,
    0xDF, 0xF7, 0xDF, 0xF7, 0xDF, 0xF7, 0xDF, 0xF7, 0xDF, 0xF7, 0xDF, 0xF7, 0xDF, 0xF7, 0xDF, 0xF7,
    0xDF, 0xF7, 0xDF, 0xF7, 0xDF, 0xF7, 0xDF, 0xEF, 0xDF, 0xEF, 0xDF, 0xEF, 0x1D, 0x96, 0xD8, 0x33,
    0xB8, 0x0B, 0xDA, 0x03, 0xD9, 0x03, 0xFA, 0x03, 0xD8, 0x0B, 0xB6, 0x23, 0xB5, 0x3B, 0xB6, 0x33,
    0xB9, 0x0B, 0xB9, 0x03, 0xB9, 0x03, 0xB9, 0x03, 0xB9, 0x03, 0xBA, 0x03, 0xDB, 0x03, 0xDC, 0x03,
    0xFD, 0x03, 0xFD, 0x03, 0xDA, 0x03, 0xB8, 0x13, 0xD6, 0x33, 0x55, 0x5C, 0xB5, 0x7C, 0x57, 0x95,
    0xFA, 0xAD, 0xBC, 0xC6, 0x1E, 0xCF, 0x1E, 0xCF, 0x1E, 0xCF, 0x1F, 0xC7, 0x1F, 0xC7, 0x1F, 0xC7,
    0xFE, 0xBE, 0xFE, 0xBE, 0xFE, 0xBE, 0xDE, 0xB6, 0xBE, 0xB6, 0xBE, 0xAE, 0xBE, 0xAE, 0xBE, 0xAE,
    0xFF, 0xBE, 0xFF, 0xBE, 0x1F, 0xC7, 0x1F, 0xC7, 0x1F, 0xC7, 0x1F, 0xCF, 0x1F, 0xCF, 0x1F, 0xCF,
    0x3F, 0xCF, 0x1F, 0xCF, 0x1F, 0xD7, 0x3F, 0xD7, 0x7F, 0xC7, 0x5F, 0xB7, 0xBA, 0x4C, 0x97, 0x13,
    0xD8, 0x0B, 0xD8, 0x0B, 0xD8, 0x0B, 0xD8, 0x03, 0xB8, 0x1B, 0xB8, 0x2B, 0xB7, 0x2B, 0xD6, 0x3B,
    0xD6, 0x43, 0xF3, 0x53, 0x34, 0x64, 0x77, 0x6C, 0x35, 0x6C, 0xF5, 0x43, 0xB8, 0x1B, 0xBA, 0x0B,
    0xDA, 0x03, 0xDA, 0x03, 0xB9, 0x0B, 0x94, 0x3B, 0xB9, 0x9D, 0x9C, 0xBE, 0x1D, 0xD7, 0x9E, 0xE7,
    0xBF, 0xEF, 0xBF, 0xEF, 0xBF, 0xEF, 0xBF, 0xEF, 0xDF, 0xEF, 0xBF, 0xEF, 0xBF, 0xEF, 0xBF, 0xEF,
    0xDF, 0xEF, 0xDE, 0xEF, 0xDF, 0xEF, 0xDF, 0xEF, 0xDF, 0xEF, 0xDF, 0xEF, 0xDF, 0xF7, 0xDF, 0xF7,
    0xDF, 0xF7, 0xDF, 0xF7, 0xDF, 0xF7, 0xDF, 0xF7, 0xDF, 0xF7, 0xDF, 0xF7, 0xDF, 0xF7, 0xDF, 0xF7,
    0xDF, 0xF7, 0xDF, 0xF7, 0xDF, 0xF7, 0xDF, 0xEF, 0xDF, 0xF7, 0xDF, 0xEF, 0xD9, 0x6C, 0x56, 0x1B,
    0xDA, 0x0B, 0xDA, 0x03, 0xD9, 0x03, 0xD8, 0x03, 0xF6, 0x2B, 0x35, 0x54, 0x34, 0x6C, 0x35, 0x6C,
    0x57, 0x4C, 0x58, 0x44, 0x37, 0x3C, 0xD6, 0x2B, 0x75, 0x23, 0x76, 0x1B, 0x97, 0x13, 0xB8, 0x0B,
    0xBA, 0x03, 0xBA, 0x03, 0xB8, 0x13, 0x95, 0x23, 0xD4, 0x43, 0x75, 0x6C, 0xF5, 0x8C, 0xB8, 0xA5,
    0x5B, 0xB6, 0xDD, 0xC6, 0x1E, 0xCF, 0x1E, 0xCF, 0x1E, 0xCF, 0x1F, 0xC7, 0x1F, 0xC7, 0xFF, 0xC6,
    0xFE, 0xBE, 0xFE, 0xBE, 0xFE, 0xBE, 0xDE, 0xB6, 0xBE, 0xB6, 0xBE, 0xAE, 0xBE, 0xAE, 0xBE, 0xA6,
    0xFF, 0xBE, 0xFF, 0xBE, 0xFF, 0xBE, 0x1F, 0xC7, 0x1F, 0xC7, 0x1F, 0xC7, 0x1F, 0xC7, 0x1F, 0xCF,
    0x1F, 0xCF, 0x1F, 0xCF, 0x1F, 0xD7, 0x3F, 0xD7, 0x7E, 0xCF, 0x9F, 0xBF, 0xDD, 0x7D, 0xD6, 0x2B,
    0xF6, 0x23, 0xF7, 0x23, 0x37, 0x2C, 0x37, 0x2C, 0x16, 0x44, 0x15, 0x64, 0x55, 0x6C, 0x75, 0x7C,
    0x95, 0x84, 0x92, 0x8C, 0xB3, 0x8C, 0xD6, 0x94, 0xF5, 0xA4, 0x57, 0x85, 0xF8, 0x33, 0xBA, 0x0B,
    0xFA, 0x03, 0xDA, 0x03, 0x99, 0x0B, 0xF5, 0x43, 0x16, 0x8D, 0xB8, 0xA5, 0xBB, 0xC6, 0x5D, 0xDF,
    0x9E, 0xEF, 0x9E, 0xEF, 0xBF, 0xEF, 0xBF, 0xEF, 0xDF, 0xEF, 0xBF, 0xF7, 0xBF, 0xEF, 0xDF, 0xEF,
    0xDF, 0xEF, 0xDF, 0xEF, 0xDF, 0xEF, 0xDF, 0xEF, 0xDF, 0xEF, 0xDF, 0xEF, 0xDF, 0xEF, 0xDF, 0xF7,
    0xDF, 0xF7, 0xDF, 0xF7, 0xBF, 0xF7, 0xDF, 0xF7, 0xDF, 0xF7, 0xDF, 0xF7, 0xDF, 0xF7, 0xDF, 0xF7,
    0xDF, 0xF7, 0xDF, 0xEF, 0xDF, 0xEF, 0xDF, 0xEF, 0xBF, 0xEF, 0xFF, 0xF7, 0xDC, 0x8D, 0x36, 0x1B,
    0x98, 0x0B, 0xDA, 0x03, 0xD9, 0x03, 0xB6, 0x13, 0x35, 0x44, 0x53, 0x6C, 0x32, 0x84, 0xB5, 0x94,
    0x17, 0x8D, 0x17, 0x85, 0x17, 0x85, 0xF6, 0x7C, 0x95, 0x6C, 0x56, 0x5C, 0x36, 0x4C, 0x16, 0x3C,
    0xD6, 0x2B, 0x96, 0x23, 0x54, 0x23, 0xB4, 0x3B, 0x14, 0x5C, 0xB5, 0x7C, 0x36, 0x95, 0xF9, 0xAD,
    0x9C, 0xBE, 0xFE, 0xCE, 0x1E, 0xCF, 0x1E, 0xCF, 0x1E, 0xCF, 0x1F, 0xC7, 0x1F, 0xC7, 0xFF, 0xC6,
    0xFF, 0xBE, 0xFE, 0xBE, 0xFE, 0xBE, 0xDE, 0xB6, 0xBE, 0xB6, 0xBE, 0xAE, 0xBE, 0xAE, 0xBE, 0xA6,
    0xDF, 0xBE, 0xFF, 0xBE, 0xFF, 0xBE, 0xFF, 0xC6, 0x1F, 0xC7, 0x1F, 0xC7, 0x1F, 0xC7, 0x1F, 0xCF,
    0x3F, 0xCF, 0x3F, 0xCF, 0x3F, 0xCF, 0x3F, 0xD7, 0x5E, 0xCF, 0x7F, 0xCF, 0xFF, 0xB6, 0xBB, 0x85,
    0x79, 0x7D, 0x18, 0x75, 0xF7, 0x6C, 0xD7, 0x6C, 0x95, 0x74, 0x74, 0x7C, 0xB4, 0x8C, 0xD4, 0x9C,
    0x14, 0xAD, 0x75, 0xAD, 0xD8, 0xA5, 0xDA, 0xAD, 0x1A, 0xBE, 0x3C, 0x9E, 0x39, 0x34, 0x99, 0x0B,
    0xF9, 0x03, 0xDA, 0x03, 0x99, 0x0B, 0x15, 0x4C, 0xF4, 0x84, 0x96, 0x9D, 0x99, 0xC6, 0x5C, 0xDF,
    0x9E, 0xEF, 0x9E, 0xEF, 0xBF, 0xEF, 0xBF, 0xEF, 0xDF, 0xF7, 0xBF, 0xF7, 0xBF, 0xF7, 0xDF, 0xF7,
    0xDE, 0xF7, 0xDE, 0xF7, 0xDE, 0xEF, 0xDE, 0xEF, 0xBE, 0xF7, 0xBF, 0xF7, 0xBF, 0xF7, 0xBF, 0xF7,
    0xDF, 0xF7, 0xBF, 0xF7, 0xBF, 0xF7, 0xDF, 0xF7, 0xDF, 0xF7, 0xDF, 0xF7, 0xDF, 0xF7, 0xDF, 0xF7,
    0xDF, 0xEF, 0xDF, 0xEF, 0xBF, 0xEF, 0xBF, 0xEF, 0xBF, 0xEF, 0xFF, 0xEF, 0xBF, 0xAE, 0xB8, 0x2B,
    0xB9, 0x0B, 0xFA, 0x03, 0xD9, 0x03, 0xD5, 0x1B, 0x34, 0x4C, 0x73, 0x7C, 0x94, 0x94, 0x36, 0xAD,
    0xB8, 0xAD, 0xB7, 0xAD, 0xD8, 0xB5, 0xD8, 0xB5, 0x97, 0xAD, 0x77, 0x9D, 0x37, 0x8D, 0x17, 0x7D,
    0xD7, 0x74, 0x76, 0x64, 0x35, 0x64, 0x74, 0x6C, 0x94, 0x7C, 0xF5, 0x8C, 0x97, 0xA5, 0x5A, 0xB6,
    0xDD, 0xC6, 0x1E, 0xCF, 0x1E, 0xCF, 0x1E, 0xCF, 0x1E, 0xCF, 0x3F, 0xC7, 0x1F, 0xC7, 0x1F, 0xC7,
    0xFF, 0xBE, 0xFF, 0xBE, 0xFE, 0xBE, 0xDE, 0xB6, 0xBE, 0xB6, 0xBE, 0xAE, 0xBE, 0xAE, 0x9E, 0xA6,
    0xDF, 0xBE, 0xFF, 0xBE, 0xFF, 0xBE, 0xFF, 0xBE, 0x1F, 0xC7, 0x1F, 0xC7, 0x1F, 0xC7, 0x1F, 0xC7,
    0x1F, 0xCF, 0x3F, 0xCF, 0x3F, 0xCF, 0x3F, 0xCF, 0x5E, 0xCF, 0x5F, 0xCF, 0x5F, 0xCF, 0xFE, 0xC6,
    0x7B, 0xB6, 0xD8, 0xA5, 0x56, 0x8D, 0x36, 0x8D, 0x57, 0x95, 0x78, 0x9D, 0xB8, 0xAD, 0xB8, 0xB5,
    0xF8, 0xC5, 0x7A, 0xBE, 0xDE, 0xB6, 0xDF, 0xB6, 0x1F, 0xC7, 0x9E, 0x96, 0x39, 0x2C, 0xB8, 0x0B,
    0xF9, 0x03, 0xD9, 0x03, 0xB8, 0x13, 0x34, 0x54, 0xF3, 0x84, 0xB6, 0xA5, 0x99, 0xC6, 0x5C, 0xDF,
    0x9E, 0xEF, 0x9F, 0xEF, 0xBF, 0xEF, 0xBF, 0xEF, 0xBF, 0xF7, 0xBF, 0xF7, 0xBF, 0xF7, 0xBF, 0xEF,
    0xDF, 0xEF, 0xFF, 0xEF, 0xDE, 0xF7, 0xDE, 0xFF, 0xDE, 0xFF, 0xDF, 0xFF, 0xDF, 0xFF, 0xFF, 0xF7,
    0xFF, 0xF7, 0xDF, 0xF7, 0xDF, 0xF7, 0xDF, 0xF7, 0xDF, 0xF7, 0xDF, 0xF7, 0xDF, 0xF7, 0xDF, 0xEF,
    0xBF, 0xEF, 0xBF, 0xEF, 0xBF, 0xEF, 0xBF, 0xEF, 0xBF, 0xEF, 0xDF, 0xEF, 0x5F, 0xC7, 0x59, 0x44,
    0xB9, 0x13, 0xDA, 0x03, 0xBA, 0x03, 0xB8, 0x0B, 0x16, 0x3C, 0xD6, 0x7C, 0x57, 0xA5, 0xF9, 0xBD,
    0x9B, 0xCE, 0xBB, 0xCE, 0xDC, 0xCE, 0xBB, 0xCE, 0x7A, 0xC6, 0x19, 0xBE, 0xF9, 0xB5, 0xD8, 0xA5,
    0xB8, 0x9D, 0x98, 0x95, 0x37, 0x8D, 0x16, 0x8D, 0x36, 0x95, 0xB8, 0xA5, 0x3A, 0xB6, 0xBC, 0xBE,
    0xFE, 0xCE, 0x1E, 0xCF, 0x1E, 0xCF, 0x1E, 0xCF, 0x3F, 0xC7, 0x3F, 0xC7, 0x1F, 0xC7, 0x1F, 0xBF,
    0xFF, 0xBE, 0xFF, 0xBE, 0xFE, 0xB6, 0xDE, 0xB6, 0xBE, 0xAE, 0xBE, 0xAE, 0x9E, 0xAE, 0x9E, 0xA6,
    0xDF, 0xB6, 0xFF, 0xBE, 0xFF, 0xBE, 0xFF, 0xBE, 0x1F, 0xC7, 0x1F, 0xC7, 0x1F, 0xC7, 0x1F, 0xC7,
    0x1F, 0xC7, 0x3F, 0xC7, 0x3F, 0xCF, 0x3F, 0xCF, 0x3E, 0xCF, 0x3F, 0xCF, 0x3E, 0xCF, 0x1E, 0xC7,
    0xDC, 0xBE, 0x7B, 0xB6, 0x19, 0xAE, 0xF9, 0xAD, 0x1A, 0xAE, 0x7B, 0xBE, 0x9C, 0xC6, 0xBC, 0xC6,
    0xFD, 0xCE, 0x5E, 0xCF, 0x7F, 0xC7, 0x3F, 0xC7, 0x9F, 0xD7, 0x7D, 0x8E, 0xD7, 0x1B, 0xD8, 0x0B,
    0xF9, 0x03, 0xB9, 0x0B, 0xF6, 0x23, 0x74, 0x64, 0xD3, 0x8C, 0xB7, 0xA5, 0x7A, 0xC6, 0x3D, 0xDF,
    0x9E, 0xEF, 0xBF, 0xEF, 0xBF, 0xEF, 0xBF, 0xEF, 0xBF, 0xF7, 0xBF, 0xF7, 0xBF, 0xF7, 0xDF, 0xEF,
    0xDF, 0xDF, 0x3F, 0xBF, 0x5F, 0xCF, 0x5F, 0xD7, 0x5F, 0xD7, 0x7F, 0xD7, 0x7F, 0xD7, 0x7F, 0xCF,
    0x1D, 0xC7, 0x9F, 0xD7, 0xDF, 0xE7, 0xBF, 0xEF, 0xDF, 0xEF, 0xDF, 0xF7, 0xBF, 0xEF, 0xBF, 0xEF,
    0xBF, 0xEF, 0xBF, 0xEF, 0xBF, 0xEF, 0xBF, 0xEF, 0xBF, 0xEF, 0xBF, 0xEF, 0x9F, 0xDF, 0x1A, 0x65,
    0xB8, 0x0B, 0xDB, 0x03, 0xBA, 0x03, 0xBA, 0x03, 0xF8, 0x2B, 0xF7, 0x74, 0x97, 0xA5, 0x7A, 0xC6,
    0xFD, 0xCE, 0x3E, 0xD7, 0x5E, 0xDF, 0x3E, 0xD7, 0x3E, 0xD7, 0xFD, 0xCE, 0xFD, 0xCE, 0xBC, 0xC6,
    0x9B, 0xBE, 0x9B, 0xBE, 0x19, 0xAE, 0x19, 0xA6, 0x39, 0xAE, 0x7B, 0xB6, 0xBC, 0xBE, 0xDD, 0xC6,
    0x1E, 0xCF, 0x1E, 0xCF, 0x1F, 0xCF, 0x3F, 0xC7, 0x3F, 0xC7, 0x1F, 0xC7, 0x1F, 0xC7, 0xFF, 0xBE,
    0xFF, 0xBE, 0xFF, 0xBE, 0xDE, 0xB6, 0xBE, 0xB6, 0xBE, 0xAE, 0xBE, 0xAE, 0x9E, 0xAE, 0x9E, 0xA6,
    0xDF, 0xB6, 0xDF, 0xBE, 0xFF, 0xBE, 0xFF, 0xBE, 0x1F, 0xC7, 0x1F, 0xC7, 0x1F, 0xC7, 0x1F, 0xC7,
    0x3F, 0xC7, 0x3F, 0xC7, 0x3F, 0xC7, 0x3F, 0xCF, 0x3F, 0xCF, 0x3E, 0xCF, 0x3E, 0xCF, 0x3E, 0xCF,
    0x1E, 0xCF, 0xDD, 0xC6, 0xDD, 0xC6, 0xFD, 0xC6, 0xDD, 0xC6, 0xFD, 0xCE, 0x3E, 0xD7, 0x3E, 0xD7,
    0x7F, 0xDF, 0x9E, 0xE7, 0x9E, 0xDF, 0x5F, 0xD7, 0x9F, 0xDF, 0xBB, 0x7D, 0x96, 0x13, 0xF9, 0x03,
    0xD9, 0x03, 0xB9, 0x13, 0xF5, 0x33, 0x73, 0x6C, 0xD4, 0x94, 0xD7, 0xAD, 0x7A, 0xC6, 0x3D, 0xDF,
    0x9F, 0xEF, 0xBF, 0xEF, 0xBF, 0xEF, 0xBF, 0xEF, 0xBF, 0xEF, 0xBD, 0xF7, 0xDE, 0xEF, 0xFF, 0xE7,
    0xFC, 0x8D, 0xD7, 0x3B, 0x59, 0x3C, 0x59, 0x34, 0x59, 0x34, 0x5A, 0x34, 0x59, 0x3C, 0x57, 0x44,
    0xF4, 0x3B, 0xB6, 0x64, 0x1E, 0xBF, 0xFF, 0xE7, 0xBF, 0xEF, 0xBF, 0xEF, 0xBF, 0xEF, 0x9F, 0xEF,
    0xBF, 0xEF, 0xBF, 0xEF, 0xBF, 0xEF, 0xBF, 0xEF, 0xBF, 0xEF, 0xBF, 0xEF, 0xBF, 0xDF, 0xFC, 0x7D,
    0x97, 0x0B, 0xDA, 0x03, 0xDA, 0x03, 0xBA, 0x03, 0xF8, 0x2B, 0xF8, 0x74, 0x97, 0xA5, 0x7A, 0xC6,
    0xFC, 0xCE, 0x3E, 0xD7, 0x5E, 0xDF, 0x5E, 0xDF, 0x5E, 0xDF, 0x5E, 0xDF, 0x5E, 0xD7, 0x3E, 0xD7,
    0x1D, 0xCF, 0xFD, 0xCE, 0xFD, 0xC6, 0xFD, 0xC6, 0xDD, 0xC6, 0xDD, 0xC6, 0xFD, 0xC6, 0x1D, 0xC7,
    0x1E, 0xCF, 0x1E, 0xC7, 0x3F, 0xC7, 0x3F, 0xC7, 0x3F, 0xC7, 0x1F, 0xC7, 0x1F, 0xBF, 0xFF, 0xBE,
    0xFF, 0xB6, 0xDF, 0xB6, 0xDE, 0xB6, 0xBE, 0xB6, 0xBE, 0xAE, 0x9E, 0xAE, 0x9E, 0xAE, 0x9E, 0xA6,
    0xDF, 0xB6, 0xDF, 0xB6, 0xFF, 0xBE, 0xFF, 0xBE, 0xFF, 0xBE, 0xFF, 0xBE, 0x1F, 0xC7, 0x1F, 0xC7,
    0x1F, 0xC7, 0x3F, 0xC7, 0x3F, 0xC7, 0x3F, 0xCF, 0x3F, 0xCF, 0x3F, 0xCF, 0x3F, 0xCF, 0x3F, 0xCF,
    0x3E, 0xCF, 0x3E, 0xCF, 0x3E, 0xCF, 0x3E, 0xD7, 0x5E, 0xD7, 0x5F, 0xD7, 0x7F, 0xDF, 0x7F, 0xDF,
    0x7F, 0xDF, 0x7E, 0xE7, 0x9E, 0xE7, 0x9E, 0xDF, 0xBF, 0xDF, 0xF9, 0x5C, 0x97, 0x03, 0xFA, 0x03,
    0xDB, 0x03, 0xBA, 0x1B, 0x34, 0x44, 0x93, 0x7C, 0x14, 0x9D, 0xF8, 0xB5, 0xBB, 0xCE, 0x5E, 0xE7,
    0x9F, 0xEF, 0xBF, 0xEF, 0xBF, 0xEF, 0xBF, 0xEF, 0xBF, 0xEF, 0x7D, 0xEF, 0xBE, 0xE7, 0x1F, 0xB7,
    0x39, 0x3C, 0x99, 0x13, 0x9A, 0x03, 0x9A, 0x03, 0x9A, 0x03, 0xBA, 0x03, 0xBA, 0x03, 0xB8, 0x03,
    0xB6, 0x13, 0x94, 0x23, 0x59, 0x75, 0x7F, 0xC7, 0x3E, 0xD7, 0x7E, 0xE7, 0x9F, 0xEF, 0x9F, 0xEF,
    0xBF, 0xEF, 0xBF, 0xEF, 0xBF, 0xEF, 0xBF, 0xEF, 0xBF, 0xEF, 0xBF, 0xEF, 0xDF, 0xDF, 0xFE, 0x9E,
    0xF7, 0x1B, 0xD9, 0x03, 0xD9, 0x03, 0xBA, 0x03, 0xB7, 0x23, 0x96, 0x6C, 0x98, 0xA5, 0x5A, 0xC6,
    0xDC, 0xCE, 0x3E, 0xD7, 0x5E, 0xDF, 0x5E, 0xDF, 0x5E, 0xDF, 0x5F, 0xDF, 0x5F, 0xDF, 0x5E, 0xD7,
    0x3E, 0xD7, 0x3E, 0xD7, 0x5E, 0xCF, 0x3E, 0xCF, 0x3E, 0xCF, 0x1E, 0xCF, 0x1E, 0xC7, 0x1E, 0xC7,
    0x3E, 0xC7, 0x3F, 0xC7, 0x3F, 0xC7, 0x3F, 0xC7, 0x3F, 0xC7, 0x1F, 0xC7, 0xFF, 0xBE, 0xFF, 0xBE,
    0xDE, 0xB6, 0xDF, 0xB6, 0xDF, 0xB6, 0xBE, 0xB6, 0x9E, 0xAE, 0x9E, 0xAE, 0x9E, 0xA6, 0x9E, 0xA6,
    0xDF, 0xB6, 0xDF, 0xB6, 0xDF, 0xB6, 0xDF, 0xBE, 0xFF, 0xBE, 0xFF, 0xBE, 0x1F, 0xC7, 0x1F, 0xC7,
    0x1F, 0xC7, 0x1F, 0xC7, 0x3F, 0xC7, 0x1F, 0xC7, 0x3F, 0xCF, 0x3F, 0xCF, 0x3F, 0xCF, 0x3E, 0xCF,
    0x3F, 0xCF, 0x3F, 0xCF, 0x3E, 0xCF, 0x3E, 0xD7, 0x5F, 0xD7, 0x5F, 0xD7, 0x5F, 0xD7, 0x5F, 0xDF,
    0x7F, 0xDF, 0x5F, 0xE7, 0x9F, 0xE7, 0xFF, 0xDF, 0x3E, 0xB7, 0x39, 0x2C, 0xB9, 0x03, 0x1A, 0x04,
    0xBB, 0x03, 0xBA, 0x1B, 0x53, 0x4C, 0xB2, 0x7C, 0x35, 0x9D, 0x19, 0xBE, 0x3D, 0xDF, 0x9F, 0xE7,
    0xBF, 0xEF, 0xBF, 0xEF, 0xBF, 0xEF, 0xBF, 0xEF, 0xBF, 0xEF, 0xBF, 0xEF, 0x9F, 0xDF, 0xB8, 0x5C,
    0x96, 0x13, 0xFA, 0x0B, 0xBA, 0x03, 0xBB, 0x03, 0xDB, 0x03, 0xDB, 0x03, 0xDB, 0x03, 0x1C, 0x04,
    0x1B, 0x04, 0xD7, 0x13, 0xF5, 0x33, 0xDB, 0x85, 0xBC, 0xC6, 0xFC, 0xDE, 0x7E, 0xE7, 0xBF, 0xEF,
    0xBF, 0xEF, 0xBF, 0xEF, 0xBF, 0xEF, 0xBF, 0xEF, 0xBF, 0xEF, 0xBF, 0xEF, 0xFF, 0xDF, 0x7F, 0xAF,
    0x99, 0x2C, 0xD8, 0x03, 0xD9, 0x03, 0xBA, 0x03, 0x76, 0x1B, 0x35, 0x54, 0x77, 0x9D, 0x19, 0xBE,
    0xDC, 0xCE, 0x3E, 0xD7, 0x5E, 0xDF, 0x5E, 0xDF, 0x5E, 0xDF, 0x5F, 0xDF, 0x5F, 0xD7, 0x5E, 0xD7,
    0x3E, 0xD7, 0x3E, 0xD7, 0x5F, 0xCF, 0x5E, 0xCF, 0x3E, 0xCF, 0x3E, 0xCF, 0x1E, 0xCF, 0x3E, 0xC7,
    0x3E, 0xC7, 0x1F, 0xC7, 0x1F, 0xC7, 0x1F, 0xC7, 0x1F, 0xC7, 0x1F, 0xC7, 0xFF, 0xBE, 0xFF, 0xBE,
    0xDE, 0xB6, 0xDE, 0xB6, 0xBF, 0xB6, 0xBE, 0xB6, 0x9E, 0xAE, 0x9E, 0xAE, 0x9E, 0xA6, 0x9E, 0xA6,
    0xDF, 0xB6, 0xDF, 0xB6, 0xDF, 0xB6, 0xDF, 0xBE, 0xFF, 0xBE, 0xFF, 0xBE, 0xFF, 0xC6, 0x1F, 0xC7,
    0x1F, 0xC7, 0x1F, 0xC7, 0x1F, 0xC7, 0x1F, 0xCF, 0x3F, 0xCF, 0x3F, 0xCF, 0x3F, 0xCF, 0x3F, 0xCF,
    0x3F, 0xCF, 0x5F, 0xCF, 0x3F, 0xCF, 0x3F, 0xD7, 0x5F, 0xD7, 0x5F, 0xD7, 0x5F, 0xD7, 0x5F, 0xDF,
    0x7F, 0xDF, 0x7E, 0xDF, 0x7E, 0xE7, 0xBF, 0xE7, 0x9D, 0x9E, 0xB8, 0x0B, 0x99, 0x03, 0xDA, 0x0B,
    0xDA, 0x03, 0xB6, 0x1B, 0x32, 0x54, 0xB3, 0x84, 0x56, 0x9D, 0x5A, 0xBE, 0x5E, 0xDF, 0xBF, 0xE7,
    0xBF, 0xE7, 0xBF, 0xEF, 0xBF, 0xEF, 0xBF, 0xEF, 0xBF, 0xEF, 0xDF, 0xEF, 0xDC, 0x95, 0x55, 0x1B,
    0xB8, 0x03, 0x1A, 0x04, 0xDB, 0x03, 0xBA, 0x03, 0xD9, 0x03, 0xDA, 0x03, 0xDB, 0x03, 0xDD, 0x03,
    0xFD, 0x03, 0xFA, 0x03, 0xB7, 0x0B, 0x38, 0x34, 0xFB, 0x95, 0x9A, 0xC6, 0x3C, 0xE7, 0x9E, 0xEF,
    0x9F, 0xEF, 0xBF, 0xE7, 0xDF, 0xDF, 0xDF, 0xE7, 0xDF, 0xE7, 0xDE, 0xE7, 0xDF, 0xE7, 0x7F, 0xC7,
    0xD9, 0x4C, 0x96, 0x03, 0xF9, 0x03, 0xBA, 0x03, 0x77, 0x13, 0xD4, 0x43, 0x16, 0x8D, 0xD8, 0xB5,
    0x9B, 0xC6, 0x3E, 0xD7, 0x5F, 0xDF, 0x5F, 0xDF, 0x5F, 0xD7, 0x5F, 0xD7, 0x5F, 0xD7, 0x5E, 0xD7,
    0x3E, 0xD7, 0x3F, 0xD7, 0x5F, 0xCF, 0x3F, 0xCF, 0x3F, 0xCF, 0x3F, 0xCF, 0x1E, 0xC7, 0x3E, 0xC7,
    0x1E, 0xC7, 0x1F, 0xC7, 0x1F, 0xC7, 0x1F, 0xC7, 0x1F, 0xC7, 0x1F, 0xBF, 0xFF, 0xBE, 0xFF, 0xBE,
    0xDF, 0xB6, 0xDF, 0xB6, 0xBF, 0xB6, 0xBE, 0xAE, 0x9E, 0xAE, 0x9E, 0xAE, 0x9E, 0xA6, 0x9E, 0xA6,
    0xBF, 0xB6, 0xDF, 0xB6, 0xDF, 0xB6, 0xDF, 0xBE, 0xDF, 0xBE, 0xFF, 0xBE, 0xFF, 0xC6, 0x1F, 0xC7,
    0xFF, 0xC6, 0x1F, 0xC7, 0x1F, 0xC7, 0x3F, 0xC7, 0x3F, 0xCF, 0x3F, 0xCF, 0x3F, 0xCF, 0x3F, 0xCF,
    0x3F, 0xCF, 0x5F, 0xCF, 0x3F, 0xCF, 0x5F, 0xD7, 0x5F, 0xD7, 0x5F, 0xD7, 0x5F, 0xD7, 0x5F, 0xDF,
    0x7F, 0xDF, 0x9E, 0xDF, 0x5D, 0xE7, 0x5F, 0xEF, 0xBC, 0x7D, 0xD8, 0x0B, 0xBA, 0x0B, 0xBB, 0x0B,
    0xD9, 0x03, 0xD4, 0x23, 0x53, 0x64, 0xF4, 0x94, 0x96, 0xAD, 0x7A, 0xC6, 0x5E, 0xD7, 0xBF, 0xE7,
    0xBF, 0xE7, 0xBF, 0xE7, 0xDF, 0xEF, 0xBF, 0xE7, 0xDF, 0xEF, 0xFF, 0xBE, 0xB7, 0x33, 0x99, 0x0B,
    0xFB, 0x03, 0xFA, 0x03, 0xB9, 0x03, 0xD8, 0x13, 0x17, 0x14, 0xF7, 0x13, 0xD9, 0x13, 0xBC, 0x13,
    0xDC, 0x03, 0x1B, 0x04, 0x1B, 0x04, 0xB9, 0x0B, 0xB8, 0x5C, 0x5A, 0xAE, 0x9A, 0xCE, 0x5D, 0xE7,
    0x9F, 0xE7, 0xBF, 0xE7, 0xDF, 0xE7, 0xDF, 0xE7, 0xFD, 0xE7, 0xFD, 0xE7, 0x9E, 0xE7, 0xBF, 0xD7,
    0xDC, 0x7D, 0x97, 0x0B, 0xFA, 0x03, 0xDB, 0x03, 0x98, 0x0B, 0xB5, 0x33, 0xD6, 0x74, 0x97, 0xA5,
    0x7A, 0xBE, 0x3E, 0xD7, 0x5F, 0xDF, 0x5F, 0xD7, 0x5F, 0xD7, 0x5F, 0xD7, 0x5F, 0xD7, 0x5F, 0xD7,
    0x5F, 0xD7, 0x5F, 0xD7, 0x3F, 0xCF, 0x3F, 0xCF, 0x3F, 0xCF, 0x3F, 0xC7, 0x3F, 0xC7, 0x3E, 0xC7,
    0x1E, 0xC7, 0x1F, 0xC7, 0x1F, 0xC7, 0x1F, 0xC7, 0x1F, 0xBF, 0x1F, 0xBF, 0xFF, 0xBE, 0xFF, 0xBE,
    0xDF, 0xB6, 0xDF, 0xB6, 0xBF, 0xB6, 0xBE, 0xAE, 0x9E, 0xAE, 0x9E, 0xA6, 0x7E, 0xA6, 0x7E, 0x9E,
    0xBF, 0xB6, 0xDF, 0xB6, 0xDF, 0xB6, 0xDF, 0xBE, 0xDF, 0xBE, 0xFF, 0xBE, 0xFF, 0xBE, 0xFF, 0xC6,
    0xFF, 0xC6, 0x1F, 0xC7, 0x1F, 0xC7, 0x1F, 0xC7, 0x3F, 0xCF, 0x3F, 0xCF, 0x3F, 0xCF, 0x3F, 0xCF,
    0x3F, 0xCF, 0x3F, 0xCF, 0x3F, 0xCF, 0x5F, 0xCF, 0x5F, 0xD7, 0x5F, 0xD7, 0x5F, 0xD7, 0x5F, 0xD7,
    0x5F, 0xDF, 0x7E, 0xDF, 0x7E, 0xE7, 0x5F, 0xD7, 0x1A, 0x55, 0xD9, 0x0B, 0xDC, 0x03, 0xBC, 0x03,
    0xDA, 0x03, 0x37, 0x2C, 0xB4, 0x6C, 0x33, 0x9D, 0xB5, 0xBD, 0xBA, 0xCE, 0x5E, 0xDF, 0xBF, 0xE7,
    0xDF, 0xE7, 0xBF, 0xE7, 0xBF, 0xE7, 0xDF, 0xDF, 0xDF, 0xDF, 0xFA, 0x5C, 0x78, 0x0B, 0x1C, 0x0C,
    0xFC, 0x03, 0xDB, 0x03, 0x95, 0x1B, 0xF3, 0x43, 0x54, 0x54, 0x55, 0x54, 0x77, 0x4C, 0xF8, 0x2B,
    0x99, 0x0B, 0xDB, 0x03, 0xFB, 0x03, 0xBA, 0x0B, 0xB6, 0x23, 0x38, 0x75, 0x5A, 0xAE, 0xFC, 0xCE,
    0x9F, 0xDF, 0x9E, 0xEF, 0x9E, 0xF7, 0x9D, 0xEF, 0x9D, 0xE7, 0xDD, 0xE7, 0xBD, 0xDF, 0xFF, 0xDF,
    0xBE, 0x9E, 0xB8, 0x1B, 0x9A, 0x03, 0xFC, 0x03, 0xB9, 0x0B, 0xB6, 0x2B, 0x96, 0x64, 0x77, 0x9D,
    0x5A, 0xBE, 0xFD, 0xCE, 0x5E, 0xD7, 0x5F, 0xD7, 0x5F, 0xD7, 0x5F, 0xD7, 0x5F, 0xD7, 0x3F, 0xD7,
    0x3F, 0xD7, 0x3F, 0xCF, 0x3F, 0xCF, 0x3F, 0xCF, 0x3F, 0xCF, 0x3F, 0xCF, 0x3F, 0xC7, 0x1F, 0xC7,
    0x1E, 0xC7, 0x1F, 0xC7, 0x1F, 0xC7, 0x1F, 0xBF, 0xFF, 0xBE, 0xFF, 0xBE, 0xFF, 0xBE, 0xFF, 0xBE,
    0xDF, 0xB6, 0xDF, 0xB6, 0xBF, 0xB6, 0xBE, 0xAE, 0x9E, 0xAE, 0x9E, 0xA6, 0x7E, 0xA6, 0x5E, 0x9E,
    0xBF, 0xAE, 0xDF, 0xB6, 0xDF, 0xB6, 0xDF, 0xB6, 0xDF, 0xBE, 0xDF, 0xBE, 0xFF, 0xBE, 0xFF, 0xBE,
    0xFF, 0xC6, 0xFF, 0xC6, 0x1F, 0xC7, 0x1F, 0xC7, 0x1F, 0xC7, 0x1F, 0xCF, 0x3F, 0xCF, 0x3F, 0xCF,
    0x3F, 0xCF, 0x3F, 0xCF, 0x3F, 0xCF, 0x3F, 0xCF, 0x3F, 0xD7, 0x5F, 0xD7, 0x5F, 0xD7, 0x5F, 0xD7,
    0x5F, 0xD7, 0x5F, 0xD7, 0x9F, 0xDF, 0x1F, 0xBF, 0x98, 0x34, 0xDA, 0x03, 0xDC, 0x03, 0xBB, 0x03,
    0xBA, 0x0B, 0xF8, 0x23, 0x75, 0x44, 0x16, 0x7D, 0xF9, 0xAD, 0x3E, 0xCF, 0x9F, 0xDF, 0x9F, 0xDF,
    0x9F, 0xE7, 0xBF, 0xE7, 0xBF, 0xDF, 0xFF, 0xD7, 0x1C, 0x8E, 0xB6, 0x23, 0xD9, 0x0B, 0xFB, 0x03,
    0xDB, 0x03, 0x98, 0x13, 0xF4, 0x43, 0x31, 0x6C, 0x51, 0x84, 0x93, 0x84, 0x36, 0x7D, 0xD7, 0x5C,
    0x96, 0x1B, 0x9A, 0x0B, 0xBC, 0x03, 0xBB, 0x0B, 0x77, 0x0B, 0x37, 0x3C, 0xFB, 0x95, 0x9C, 0xB6,
    0x3E, 0xCF, 0x5E, 0xEF, 0x5E, 0xF7, 0x7E, 0xEF, 0xBF, 0xDF, 0xFF, 0xDF, 0xBF, 0xCF, 0xBD, 0x9E,
    0xFA, 0x54, 0xB7, 0x13, 0xDA, 0x0B, 0xFD, 0x03, 0xFB, 0x03, 0xB7, 0x1B, 0x56, 0x54, 0x78, 0x95,
    0x1A, 0xB6, 0xDC, 0xC6, 0x3E, 0xD7, 0x3E, 0xD7, 0x5F, 0xD7, 0x3F, 0xD7, 0x3F, 0xD7, 0x3F, 0xD7,
    0x3F, 0xCF, 0x3F, 0xCF, 0x3F, 0xCF, 0x3F, 0xCF, 0x3F, 0xCF, 0x3F, 0xC7, 0x1F, 0xC7, 0x1F, 0xC7,
    0x1F, 0xC7, 0x1F, 0xC7, 0x1F, 0xBF, 0xFF, 0xBE, 0xFE, 0xBE, 0xDF, 0xBE, 0xDF, 0xB6, 0xDF, 0xB6,
    0xDF, 0xB6, 0xDF, 0xB6, 0xBF, 0xB6, 0xBF, 0xAE, 0x9F, 0xAE, 0x9E, 0xA6, 0x7E, 0xA6, 0x5E, 0x9E,
    0xBF, 0xAE, 0xDF, 0xB6, 0xDF, 0xB6, 0xDF, 0xB6, 0xDF, 0xBE, 0xDF, 0xBE, 0xFF, 0xBE, 0xFF, 0xBE,
    0xFF, 0xBE, 0xFF, 0xC6, 0xFF, 0xC6, 0x1F, 0xC7, 0x1F, 0xC7, 0x1F, 0xC7, 0x3F, 0xCF, 0x3F, 0xCF,
    0x3F, 0xCF, 0x3F, 0xCF, 0x3F, 0xCF, 0x3F, 0xCF, 0x3F, 0xCF, 0x5F, 0xD7, 0x5F, 0xD7, 0x5F, 0xD7,
    0x5F, 0xD7, 0x3E, 0xD7, 0x9F, 0xDF, 0x5D, 0x96, 0xF6, 0x13, 0xFC, 0x0B, 0xDB, 0x0B, 0x99, 0x0B,
    0x9A, 0x0B, 0xB8, 0x0B, 0xD6, 0x0B, 0x37, 0x2C, 0xD9, 0x54, 0x1C, 0x8E, 0x3F, 0xC7, 0xBF, 0xDF,
    0xBF, 0xEF, 0x9F, 0xE7, 0xFF, 0xDF, 0x1F, 0xAF, 0x16, 0x3C, 0xB6, 0x13, 0xD8, 0x0B, 0xD9, 0x0B,
    0x98, 0x13, 0x76, 0x2B, 0x33, 0x54, 0x71, 0x7C, 0x92, 0x9C, 0x14, 0xA5, 0xB7, 0x95, 0x39, 0x96,
    0xD8, 0x54, 0x9A, 0x0B, 0xBD, 0x03, 0xBB, 0x03, 0xDA, 0x03, 0xD8, 0x1B, 0xD8, 0x5C, 0x3B, 0x9E,
    0xDE, 0xBE, 0x3F, 0xE7, 0x7F, 0xEF, 0xBF, 0xDF, 0x1F, 0xB7, 0xDC, 0x85, 0xBA, 0x4C, 0x96, 0x1B,
    0x56, 0x0B, 0xD8, 0x0B, 0xD9, 0x03, 0x1D, 0x04, 0xFC, 0x03, 0x97, 0x1B, 0xF5, 0x4B, 0x37, 0x85,
    0x19, 0xAE, 0xBC, 0xC6, 0x1E, 0xCF, 0x3E, 0xD7, 0x3E, 0xD7, 0x5F, 0xCF, 0x5F, 0xCF, 0x3F, 0xCF,
    0x3F, 0xCF, 0x3F, 0xCF, 0x3F, 0xCF, 0x3F, 0xCF, 0x3F, 0xCF, 0x1F, 0xC7, 0x1F, 0xC7, 0x1F, 0xC7,
    0x1F, 0xC7, 0x1F, 0xBF, 0x1F, 0xBF, 0xFE, 0xBE, 0xDE, 0xBE, 0xDE, 0xBE, 0xDF, 0xB6, 0xDF, 0xB6,
    0xDF, 0xB6, 0xDF, 0xB6, 0xBF, 0xB6, 0xBF, 0xAE, 0x9F, 0xAE, 0x9E, 0xA6, 0x7E, 0xA6, 0x5E, 0x9E,
    0xBE, 0xAE, 0xBF, 0xAE, 0xDF, 0xAE, 0xDF, 0xB6, 0xDF, 0xB6, 0xDF, 0xB6, 0xDF, 0xBE, 0xFF, 0xBE,
    0xFF, 0xBE, 0xFF, 0xBE, 0xFF, 0xBE, 0xFF, 0xC6, 0x1F, 0xC7, 0x1F, 0xC7, 0x1F, 0xC7, 0x3F, 0xC7,
    0x3F, 0xCF, 0x3F, 0xCF, 0x3F, 0xCF, 0x3F, 0xCF, 0x3F, 0xCF, 0x3F, 0xCF, 0x5F, 0xD7, 0x5F, 0xD7,
    0x5F, 0xD7, 0x3E, 0xD7, 0xBF, 0xE7, 0x9A, 0x7D, 0x76, 0x0B, 0xDB, 0x03, 0xDC, 0x03, 0xBC, 0x0B,
    0xBB, 0x03, 0xBA, 0x03, 0xD9, 0x03, 0xB8, 0x03, 0xB8, 0x0B, 0xD7, 0x1B, 0xB9, 0x44, 0x1D, 0x7E,
    0xFE, 0xBE, 0xBF, 0xD7, 0xBF, 0xBF, 0x1B, 0x4D, 0x77, 0x03, 0xD9, 0x03, 0xFB, 0x03, 0xBA, 0x03,
    0x97, 0x1B, 0xF5, 0x4B, 0x53, 0x74, 0xB3, 0x8C, 0x55, 0xA5, 0xF8, 0xBD, 0x9B, 0xC6, 0xFC, 0xCE,
    0x3D, 0x9E, 0x19, 0x2C, 0x7A, 0x03, 0xFC, 0x03, 0xFB, 0x03, 0xD9, 0x0B, 0xD7, 0x1B, 0x7C, 0x6D,
    0xDF, 0xA6, 0xFF, 0xAE, 0x5D, 0x96, 0x3B, 0x65, 0xD8, 0x2B, 0x58, 0x13, 0x78, 0x0B, 0xB9, 0x0B,
    0xDA, 0x0B, 0xDA, 0x03, 0xDB, 0x03, 0xFB, 0x03, 0x98, 0x0B, 0x34, 0x1B, 0xB4, 0x43, 0xF6, 0x7C,
    0xD9, 0xA5, 0x9C, 0xBE, 0xFE, 0xCE, 0x3E, 0xCF, 0x3F, 0xCF, 0x3F, 0xCF, 0x3F, 0xCF, 0x3F, 0xCF,
    0x3F, 0xCF, 0x3F, 0xCF, 0x3F, 0xCF, 0x3F, 0xCF, 0x1F, 0xC7, 0x1F, 0xC7, 0x1F, 0xC7, 0x1F, 0xC7,
    0x1E, 0xBF, 0xFE, 0xBE, 0xFF, 0xBE, 0xFE, 0xBE, 0xDE, 0xB6, 0xDE, 0xB6, 0xDF, 0xB6, 0xBF, 0xB6,
    0xDF, 0xB6, 0xBF, 0xB6, 0xBE, 0xAE, 0x9E, 0xAE, 0x9E, 0xA6, 0x7E, 0xA6, 0x7E, 0xA6, 0x7E, 0x9E,
    0xBE, 0xAE, 0xBE, 0xAE, 0xBE, 0xAE, 0xDF, 0xB6, 0xDF, 0xB6, 0xDF, 0xB6, 0xDF, 0xB6, 0xFF, 0xBE,
    0xFF, 0xBE, 0xFF, 0xBE, 0xFF, 0xBE, 0xFF, 0xBE, 0x1F, 0xC7, 0x1F, 0xC7, 0x1F, 0xC7, 0x1F, 0xC7,
    0x3F, 0xC7, 0x3F, 0xCF, 0x3F, 0xCF, 0x3F, 0xCF, 0x3F, 0xCF, 0x5F, 0xCF, 0x5F, 0xCF, 0x5F, 0xCF,
    0x5F, 0xD7, 0x3E, 0xD7, 0x5E, 0xD7, 0xBE, 0xA6, 0x1B, 0x55, 0x7B, 0x24, 0xB9, 0x13, 0x98, 0x1B,
    0xB9, 0x13, 0xD9, 0x0B, 0xDA, 0x03, 0xDA, 0x03, 0xDA, 0x03, 0xB9, 0x03, 0x98, 0x03, 0x97, 0x0B,
    0xF7, 0x33, 0x7C, 0x6D, 0x7D, 0x5D, 0xB9, 0x1B, 0xBA, 0x13, 0xBA, 0x03, 0xBA, 0x03, 0xB9, 0x0B,
    0x17, 0x3C, 0x75, 0x64, 0x93, 0x84, 0x35, 0x9D, 0xF8, 0xB5, 0x7A, 0xC6, 0x1D, 0xDF, 0x3D, 0xE7,
    0x5F, 0xD7, 0x9D, 0x75, 0xB8, 0x13, 0xB9, 0x0B, 0xDA, 0x03, 0xDA, 0x03, 0xB7, 0x0B, 0x79, 0x3C,
    0x3B, 0x55, 0x59, 0x34, 0x98, 0x13, 0x77, 0x0B, 0x99, 0x0B, 0xDA, 0x0B, 0xDA, 0x03, 0xDB, 0x03,
    0xDB, 0x03, 0xDB, 0x03, 0xBA, 0x0B, 0xB8, 0x13, 0xB7, 0x23, 0xB4, 0x33, 0xF3, 0x53, 0xB4, 0x7C,
    0xB8, 0x9D, 0x7B, 0xB6, 0xFD, 0xC6, 0x3F, 0xCF, 0x3F, 0xCF, 0x3F, 0xCF, 0x3F, 0xCF, 0x3F, 0xCF,
    0x3F, 0xCF, 0x3F, 0xCF, 0x3F, 0xCF, 0x3F, 0xC7, 0x1F, 0xC7, 0x1F, 0xC7, 0x1F, 0xC7, 0x1F, 0xC7,
    0xFE, 0xBE, 0xFE, 0xBE, 0xFF, 0xBE, 0xDE, 0xBE, 0xDE, 0xB6, 0xDE, 0xB6, 0xBF, 0xB6, 0xBF, 0xB6,
    0xBF, 0xB6, 0xBF, 0xAE, 0xBE, 0xAE, 0x9E, 0xAE, 0x7E, 0xA6, 0x7E, 0xA6, 0x9E, 0x9E, 0x9E, 0x9E,
    0xBF, 0xA6, 0xBF, 0xAE, 0xBF, 0xAE, 0xBF, 0xAE, 0xDF, 0xB6, 0xDF, 0xB6, 0xDF, 0xB6, 0xDF, 0xB6,
    0xFF, 0xB6, 0xFF, 0xBE, 0xFF, 0xBE, 0xFF, 0xBE, 0xFF, 0xBE, 0x1F, 0xC7, 0x1F, 0xC7, 0x1F, 0xC7,
    0x1F, 0xC7, 0x3F, 0xCF, 0x3F, 0xCF, 0x3F, 0xCF, 0x3F, 0xCF, 0x3F, 0xCF, 0x5F, 0xCF, 0x5F, 0xCF,
    0x5F, 0xCF, 0x3E, 0xD7, 0x3E, 0xD7, 0x9F, 0xCF, 0x3F, 0xB7, 0x3E, 0x86, 0xD8, 0x64, 0xF5, 0x4B,
    0x75, 0x2B, 0x56, 0x13, 0x99, 0x0B, 0xBA, 0x03, 0xDA, 0x03, 0xDA, 0x03, 0xBA, 0x03, 0xBA, 0x03,
    0x9A, 0x03, 0x9A, 0x0B, 0x9A, 0x0B, 0xBB, 0x13, 0xBB, 0x1B, 0x99, 0x0B, 0xB8, 0x13, 0xD6, 0x2B,
    0x76, 0x5C, 0x95, 0x74, 0xF5, 0x94, 0xB7, 0xAD, 0x7A, 0xC6, 0xFC, 0xD6, 0x7E, 0xE7, 0x7E, 0xEF,
    0x5F, 0xDF, 0xDF, 0xB6, 0xBA, 0x54, 0x56, 0x13, 0xB9, 0x03, 0xDA, 0x03, 0xD9, 0x0B, 0xD8, 0x13,
    0xB7, 0x13, 0x7A, 0x0B, 0x9C, 0x03, 0xBA, 0x03, 0xB9, 0x03, 0xFA, 0x0B, 0xD9, 0x0B, 0x99, 0x0B,
    0x98, 0x0B, 0x98, 0x1B, 0xB7, 0x23, 0xB6, 0x2B, 0x15, 0x44, 0x55, 0x5C, 0x95, 0x74, 0xF5, 0x8C,
    0xD8, 0xA5, 0x7B, 0xB6, 0xFE, 0xC6, 0x3F, 0xCF, 0x3F, 0xCF, 0x3F, 0xCF, 0x3F, 0xCF, 0x3F, 0xCF,
    0x3F, 0xCF, 0x3F, 0xCF, 0x1F, 0xC7, 0x1F, 0xC7, 0x1F, 0xC7, 0x1F, 0xC7, 0x1F, 0xC7, 0x1F, 0xBF,
    0xFE, 0xBE, 0xFE, 0xBE, 0xFF, 0xBE, 0xDE, 0xBE, 0xDE, 0xB6, 0xDF, 0xB6, 0xBF, 0xB6, 0xBF, 0xB6,
    0xBF, 0xB6, 0xBF, 0xAE, 0xBE, 0xAE, 0x9E, 0xA6, 0x7E, 0xA6, 0x7E, 0x9E, 0x7E, 0x9E, 0x7E, 0x9E,
    0x9F, 0xA6, 0xBF, 0xAE, 0xBF, 0xAE, 0xBF, 0xAE, 0xBF, 0xB6, 0xDF, 0xB6, 0xDF, 0xB6, 0xDF, 0xB6,
    0xDF, 0xB6, 0xDF, 0xBE, 0xFF, 0xBE, 0xFF, 0xBE, 0xFF, 0xBE, 0xFF, 0xBE, 0xFF, 0xC6, 0x1F, 0xC7,
    0x1F, 0xC7, 0x1F, 0xC7, 0x1F, 0xC7, 0x3F, 0xCF, 0x3F, 0xCF, 0x3F, 0xCF, 0x5F, 0xCF, 0x5F, 0xCF,
    0x5F, 0xCF, 0x5F, 0xD7, 0x5F, 0xD7, 0x5F, 0xD7, 0x1E, 0xCF, 0x7C, 0xB6, 0xF9, 0x9D, 0x78, 0x8D,
    0xD7, 0x6C, 0x17, 0x4C, 0x56, 0x2B, 0x77, 0x13, 0xB8, 0x0B, 0xB9, 0x03, 0xDA, 0x03, 0xDA, 0x03,
    0xDB, 0x03, 0xBB, 0x03, 0xBB, 0x03, 0xBB, 0x03, 0xBB, 0x03, 0xB9, 0x0B, 0xB6, 0x23, 0x15, 0x54,
    0x53, 0x74, 0x94, 0x84, 0x56, 0x9D, 0x19, 0xBE, 0xBC, 0xCE, 0x5E, 0xDF, 0x9F, 0xE7, 0x9F, 0xEF,
    0x7F, 0xE7, 0x7F, 0xDF, 0x7E, 0xAE, 0xD6, 0x3B, 0x98, 0x0B, 0xFA, 0x03, 0xDA, 0x03, 0xDA, 0x0B,
    0xFA, 0x03, 0xDC, 0x03, 0xDC, 0x03, 0xDB, 0x03, 0xBA, 0x0B, 0xB9, 0x0B, 0xB8, 0x13, 0xD7, 0x23,
    0xD6, 0x33, 0xD4, 0x4B, 0x14, 0x5C, 0x35, 0x5C, 0x95, 0x6C, 0xD5, 0x7C, 0xF6, 0x8C, 0x77, 0xA5,
    0x19, 0xAE, 0x9C, 0xBE, 0xFE, 0xC6, 0x1E, 0xCF, 0x1F, 0xCF, 0x1F, 0xCF, 0x3F, 0xCF, 0x3F, 0xCF,
    0x1F, 0xC7, 0x1F, 0xC7, 0x1F, 0xC7, 0x1F, 0xC7, 0x1F, 0xC7, 0xFF, 0xBE, 0xFF, 0xBE, 0xFE, 0xBE,
    0xFE, 0xBE, 0xFE, 0xBE, 0xDF, 0xB6, 0xDF, 0xB6, 0xDF, 0xB6, 0xDF, 0xB6, 0xBF, 0xB6, 0xBF, 0xB6,
    0xBF, 0xB6, 0xBF, 0xAE, 0x9F, 0xA6, 0x9E, 0xA6, 0x7E, 0xA6, 0x7E, 0x9E, 0x5E, 0x9E, 0x5E, 0x96,
    0x9F, 0xA6, 0x9F, 0xAE, 0xBF, 0xAE, 0xBF, 0xAE, 0xBF, 0xB6, 0xBF, 0xB6, 0xDF, 0xB6, 0xDF, 0xB6,
    0xDF, 0xB6, 0xDF, 0xBE, 0xFF, 0xBE, 0xFF, 0xBE, 0xFF, 0xBE, 0xFF, 0xBE, 0xFF, 0xC6, 0x1F, 0xC7,
    0x1F, 0xC7, 0x1F, 0xC7, 0x1F, 0xC7, 0x1F, 0xC7, 0x3F, 0xCF, 0x3F, 0xCF, 0x3F, 0xCF, 0x3F, 0xCF,
    0x5F, 0xCF, 0x5F, 0xCF, 0x5F, 0xD7, 0x3E, 0xD7, 0x1D, 0xD7, 0xDC, 0xD6, 0x9B, 0xBE, 0x3A, 0xA6,
    0xFB, 0x9D, 0x9A, 0x95, 0xD9, 0x7C, 0x57, 0x54, 0xD5, 0x33, 0x75, 0x1B, 0x97, 0x0B, 0xB8, 0x03,
    0xDA, 0x03, 0xFB, 0x03, 0xFB, 0x03, 0xFB, 0x03, 0xFC, 0x03, 0xB8, 0x13, 0xD5, 0x3B, 0x74, 0x6C,
    0x52, 0x84, 0xF5, 0x94, 0xD8, 0xB5, 0x7B, 0xC6, 0x1D, 0xD7, 0x5E, 0xDF, 0x7F, 0xE7, 0x9F, 0xEF,
    0x9F, 0xEF, 0x7E, 0xEF, 0x5F, 0xD7, 0x9B, 0x7D, 0xB8, 0x13, 0xDA, 0x03, 0xDA, 0x03, 0xDA, 0x03,
    0xDA, 0x03, 0xDA, 0x03, 0xB9, 0x03, 0xB8, 0x0B, 0x98, 0x1B, 0x97, 0x23, 0xB5, 0x3B, 0x35, 0x54,
    0x75, 0x6C, 0x53, 0x7C, 0x93, 0x8C, 0xD5, 0x84, 0x16, 0x8D, 0x77, 0x9D, 0xB8, 0xA5, 0x1A, 0xB6,
    0x7B, 0xBE, 0xDD, 0xC6, 0x1E, 0xC7, 0x1E, 0xC7, 0x1F, 0xCF, 0x1F, 0xCF, 0x1F, 0xCF, 0x1F, 0xCF,
    0x1F, 0xC7, 0x1F, 0xC7, 0x1F, 0xC7, 0x1F, 0xC7, 0x1F, 0xC7, 0xFF, 0xBE, 0xFF, 0xBE, 0xFE, 0xBE,
    0xFE, 0xBE, 0xDE, 0xBE, 0xDE, 0xB6, 0xDE, 0xB6, 0xDF, 0xB6, 0xDF, 0xB6, 0xBF, 0xB6, 0xBF, 0xB6,
    0xBF, 0xAE, 0xBF, 0xAE, 0x9E, 0xA6, 0x7E, 0xA6, 0x7E, 0xA6, 0x7E, 0x9E, 0x5E, 0x9E, 0x5E, 0x96,
    0x9F, 0xA6, 0x9F, 0xAE, 0xBE, 0xAE, 0xBE, 0xAE, 0xBF, 0xB6, 0xBF, 0xB6, 0xDF, 0xB6, 0xDF, 0xB6,
    0xDF, 0xB6, 0xDF, 0xB6, 0xFF, 0xBE, 0xFF, 0xBE, 0xFF, 0xBE, 0xFF, 0xBE, 0xFF, 0xBE, 0xFF, 0xC6,
    0x1F, 0xC7, 0x1F, 0xC7, 0x1F, 0xC7, 0x3F, 0xC7, 0x3F, 0xCF, 0x3F, 0xCF, 0x3F, 0xCF, 0x3F, 0xCF,
    0x3F, 0xCF, 0x3F, 0xCF, 0x3F, 0xD7, 0x3F, 0xD7, 0x3F, 0xD7, 0x3F, 0xD7, 0x1E, 0xCF, 0xDD, 0xC6,
    0x7B, 0xBE, 0x3B, 0xB6, 0x1A, 0xAE, 0x98, 0xA5, 0xF6, 0x94, 0x75, 0x64, 0x15, 0x44, 0xD6, 0x23,
    0xD8, 0x0B, 0xDA, 0x03, 0xDA, 0x03, 0xDA, 0x0B, 0xBA, 0x0B, 0x93, 0x33, 0x11, 0x64, 0x73, 0x7C,
    0x94, 0x8C, 0x77, 0xAD, 0x5A, 0xC6, 0xFD, 0xD6, 0x5E, 0xDF, 0x5F, 0xDF, 0x7F, 0xE7, 0x9F, 0xE7,
    0x9F, 0xEF, 0x7F, 0xE7, 0x7F, 0xD7, 0x5E, 0xB7, 0xB9, 0x3C, 0x78, 0x0B, 0xBA, 0x13, 0x79, 0x0B,
    0x97, 0x0B, 0xB7, 0x0B, 0xB6, 0x1B, 0xD5, 0x33, 0x35, 0x4C, 0x54, 0x64, 0x33, 0x6C, 0x53, 0x7C,
    0xB4, 0x84, 0xD5, 0x8C, 0x36, 0x95, 0x57, 0x9D, 0xB8, 0xA5, 0x19, 0xAE, 0x5B, 0xBE, 0xDD, 0xC6,
    0xFD, 0xC6, 0x1E, 0xCF, 0x3E, 0xCF, 0x1E, 0xC7, 0x1E, 0xC7, 0x1F, 0xC7, 0x1F, 0xC7, 0x1F, 0xC7,
    0x1F, 0xC7, 0x1F, 0xC7, 0x1F, 0xC7, 0xFF, 0xC6, 0xFF, 0xBE, 0xFF, 0xBE, 0xFF, 0xBE, 0xFF, 0xBE,
    0xFE, 0xBE, 0xDE, 0xB6, 0xDE, 0xB6, 0xDE, 0xB6, 0xDE, 0xB6, 0xDF, 0xB6, 0xBF, 0xAE, 0xBF, 0xAE,
    0xBF, 0xAE, 0x9F, 0xAE, 0x9E, 0xA6, 0x7E, 0xA6, 0x7E, 0x9E, 0x5E, 0x9E, 0x5E, 0x9E, 0x5E, 0x96,
    0x9E, 0xA6, 0x9E, 0xAE, 0x9E, 0xAE, 0x9E, 0xAE, 0xBE, 0xAE, 0xBE, 0xB6, 0xBE, 0xB6, 0xDF, 0xB6,
    0xDF, 0xB6, 0xDF, 0xB6, 0xDF, 0xBE, 0xDF, 0xBE, 0xFF, 0xBE, 0xFF, 0xBE, 0xFF, 0xBE, 0xFF, 0xC6,
    0xFF, 0xC6, 0x1F, 0xC7, 0x1F, 0xC7, 0x1F, 0xC7, 0x1F, 0xC7, 0x3F, 0xCF, 0x3F, 0xCF, 0x3F, 0xCF,
    0x3F, 0xCF, 0x3F, 0xCF, 0x3F, 0xCF, 0x3F, 0xD7, 0x3F, 0xD7, 0x3F, 0xD7, 0x1E, 0xD7, 0x1E, 0xD7,
    0x1E, 0xCF, 0xFD, 0xCE, 0xBC, 0xBE, 0x5A, 0xB6, 0x19, 0xAE, 0xFA, 0x9D, 0xBB, 0x95, 0x1A, 0x75,
    0x7A, 0x4C, 0xF9, 0x2B, 0xB7, 0x1B, 0xB7, 0x13, 0xB7, 0x13, 0xD3, 0x43, 0x52, 0x74, 0x94, 0x84,
    0x16, 0x95, 0xD9, 0xB5, 0x9C, 0xCE, 0x3E, 0xDF, 0x7F, 0xE7, 0x7F, 0xE7, 0x7F, 0xE7, 0x9F, 0xDF,
    0x9F, 0xE7, 0x7F, 0xE7, 0x7F, 0xDF, 0xBF, 0xCF, 0x9E, 0x8E, 0xF8, 0x2B, 0x77, 0x23, 0x97, 0x23,
    0xB5, 0x23, 0x16, 0x34, 0x57, 0x44, 0x76, 0x54, 0x95, 0x64, 0x74, 0x74, 0xB4, 0x84, 0xF5, 0x8C,
    0x57, 0x9D, 0xB8, 0xA5, 0xFA, 0xAD, 0x1A, 0xB6, 0x7C, 0xBE, 0xDD, 0xC6, 0xFE, 0xCE, 0x1E, 0xCF,
    0x3E, 0xCF, 0x3E, 0xCF, 0x3E, 0xCF, 0x1E, 0xC7, 0x1F, 0xC7, 0x1F, 0xC7, 0x1F, 0xC7, 0x1F, 0xC7,
    0x1F, 0xC7, 0x1F, 0xC7, 0xFF, 0xC6, 0xFF, 0xBE, 0xFF, 0xBE, 0xFF, 0xBE, 0xFE, 0xBE, 0xDE, 0xBE,
    0xDE, 0xBE, 0xDE, 0xB6, 0xDE, 0xB6, 0xDE, 0xB6, 0xBE, 0xB6, 0xBF, 0xB6, 0xBF, 0xAE, 0x9F, 0xAE,
    0xBF, 0xAE, 0x9E, 0xA6, 0x7E, 0xA6, 0x7E, 0xA6, 0x7E, 0x9E, 0x5E, 0x9E, 0x5E, 0x9E, 0x5E, 0x96,
    0x7F, 0xA6, 0x9E, 0xA6, 0x9E, 0xAE, 0x9E, 0xAE, 0xBE, 0xAE, 0xBE, 0xAE, 0xBF, 0xB6, 0xDF, 0xB6,
    0xBF, 0xB6, 0xDF, 0xB6, 0xDF, 0xB6, 0xDF, 0xBE, 0xDF, 0xBE, 0xDF, 0xBE, 0xFF, 0xBE, 0xFF, 0xBE,
    0xFF, 0xC6, 0xFF, 0xC6, 0xFF, 0xC6, 0x1F, 0xC7, 0x1F, 0xC7, 0x1F, 0xC7, 0x3F, 0xCF, 0x1F, 0xCF,
    0x3F, 0xCF, 0x3F, 0xCF, 0x3F, 0xCF, 0x3F, 0xCF, 0x3F, 0xD7, 0x3F, 0xD7, 0x3F, 0xD7, 0x3E, 0xD7,
    0x3E, 0xD7, 0x3E, 0xD7, 0x3E, 0xCF, 0x1D, 0xC7, 0xDC, 0xBE, 0x7C, 0xB6, 0x5C, 0xB6, 0x1C, 0xAE,
    0x9C, 0x95, 0x3A, 0x7D, 0xB7, 0x64, 0x76, 0x4C, 0x54, 0x44, 0x74, 0x64, 0xB4, 0x7C, 0xF6, 0x8C,
    0xD9, 0xAD, 0x9C, 0xCE, 0xFE, 0xD6, 0x5F, 0xDF, 0x7F, 0xDF, 0x7F, 0xDF, 0x7F, 0xDF, 0xBF, 0xD7,
    0x9F, 0xDF, 0x7F, 0xE7, 0x7F, 0xE7, 0x9F, 0xD7, 0x7F, 0xBF, 0x7B, 0x7D, 0x58, 0x5C, 0xD9, 0x6C,
    0xB7, 0x64, 0x75, 0x5C, 0x95, 0x64, 0xB5, 0x74, 0xF5, 0x7C, 0x15, 0x8D, 0x77, 0x9D, 0xD9, 0xAD,
    0x3A, 0xB6, 0x7B, 0xBE, 0x9C, 0xC6, 0xBD, 0xC6, 0xFE, 0xCE, 0x1F, 0xCF, 0x3F, 0xCF, 0x3F, 0xCF,
    0x3F, 0xCF, 0x3F, 0xCF, 0x3F, 0xCF, 0x1F, 0xC7, 0x1F, 0xC7, 0x1F, 0xC7, 0x1F, 0xC7, 0xFF, 0xC6,
    0xFF, 0xC6, 0xFF, 0xBE, 0xFF, 0xBE, 0xFF, 0xBE, 0xFF, 0xBE, 0xFF, 0xB6, 0xFF, 0xB6, 0xDF, 0xB6,
    0xDF, 0xB6, 0xDF, 0xB6, 0xDF, 0xB6, 0xBE, 0xB6, 0xBF, 0xB6, 0xBF, 0xAE, 0x9F, 0xAE, 0x9F, 0xAE,
    0x9F, 0xAE, 0x7F, 0xA6, 0x7E, 0xA6, 0x7E, 0xA6, 0x5E, 0x9E, 0x5E, 0x9E, 0x5E, 0x96, 0x5E, 0x96,
    0x7F, 0xA6, 0x9F, 0xA6, 0x9E, 0xAE, 0x9E, 0xAE, 0xBE, 0xAE, 0xBE, 0xAE, 0xBF, 0xAE, 0xBF, 0xB6,
    0xBF, 0xB6, 0xDF, 0xB6, 0xDF, 0xB6, 0xDF, 0xB6, 0xDF, 0xBE, 0xDF, 0xBE, 0xFF, 0xBE, 0xFF, 0xBE,
    0xFF, 0xBE, 0xFF, 0xBE, 0xFF, 0xC6, 0x1F, 0xC7, 0x1F, 0xC7, 0x1F, 0xC7, 0x1F, 0xC7, 0x1F, 0xC7,
    0x3F, 0xCF, 0x3F, 0xCF, 0x3F, 0xCF, 0x3F, 0xCF, 0x3F, 0xCF, 0x3F, 0xD7, 0x3F, 0xCF, 0x3F, 0xCF,
    0x3F, 0xD7, 0x3F, 0xD7, 0x5F, 0xD7, 0x3E, 0xD7, 0x3E, 0xD7, 0x1E, 0xCF, 0xDD, 0xCE, 0x9C, 0xBE,
    0x7B, 0xB6, 0x1A, 0xAE, 0xB8, 0xA5, 0x57, 0x95, 0x16, 0x8D, 0xF5, 0x84, 0x36, 0x8D, 0xB8, 0xA5,
    0x7B, 0xC6, 0xFD, 0xD6, 0x5F, 0xDF, 0x7F, 0xDF, 0x5F, 0xDF, 0x5F, 0xDF, 0x7F, 0xDF, 0xBF, 0xCF,
    0xBF, 0xD7, 0x7F, 0xE7, 0x7F, 0xE7, 0x9F, 0xDF, 0x7F, 0xD7, 0xDE, 0xC6, 0x1D, 0xAE, 0x79, 0x95,
    0x36, 0x8D, 0xF5, 0x8C, 0x35, 0x95, 0x77, 0x9D, 0xB8, 0xA5, 0x19, 0xAE, 0x5B, 0xBE, 0x9C, 0xC6,
    0xDD, 0xCE, 0xFE, 0xCE, 0xFE, 0xCE, 0x1E, 0xCF, 0x3F, 0xD7, 0x3F, 0xCF, 0x3F, 0xCF, 0x3F, 0xCF,
    0x3F, 0xCF, 0x3F, 0xCF, 0x3F, 0xCF, 0x1F, 0xC7, 0x1F, 0xC7, 0x1F, 0xC7, 0x1F, 0xC7, 0xFF, 0xC6,
    0xFF, 0xBE, 0xFF, 0xBE, 0xFF, 0xBE, 0xFF, 0xBE, 0xFF, 0xBE, 0xDF, 0xB6, 0xDF, 0xB6, 0xDF, 0xB6,
    0xDF, 0xB6, 0xDF, 0xB6, 0xDF, 0xB6, 0xBF, 0xB6, 0xBF, 0xAE, 0xBF, 0xAE, 0x9F, 0xAE, 0x9F, 0xAE,
    0x9F, 0xA6, 0x7F, 0xA6, 0x7E, 0xA6, 0x7F, 0x9E, 0x5F, 0x9E, 0x5E, 0x96, 0x5E, 0x96, 0x3E, 0x96,
    0x7F, 0xA6, 0x9F, 0xA6, 0x9E, 0xA6, 0x9E, 0xAE, 0xBF, 0xAE, 0xBF, 0xAE, 0xBF, 0xAE, 0xBF, 0xAE,
    0xBF, 0xAE, 0xDF, 0xB6, 0xDF, 0xB6, 0xDF, 0xB6, 0xDF, 0xB6, 0xDF, 0xBE, 0xDF, 0xBE, 0xDF, 0xBE,
    0xDF, 0xBE, 0xFF, 0xBE, 0xFF, 0xBE, 0xFF, 0xBE, 0x1F, 0xBF, 0x1F, 0xC7, 0x1F, 0xC7, 0x1F, 0xC7,
    0x1F, 0xC7, 0x3F, 0xCF, 0x3F, 0xCF, 0x3F, 0xCF, 0x3F, 0xCF, 0x3F, 0xCF, 0x3F, 0xCF, 0x3F, 0xCF,
    0x3F, 0xCF, 0x3F, 0xCF, 0x3F, 0xD7, 0x3F, 0xD7, 0x3F, 0xD7, 0x5F, 0xD7, 0x5E, 0xD7, 0x3E, 0xCF,
    0x1D, 0xC7, 0xDC, 0xBE, 0x7B, 0xBE, 0x1A, 0xBE, 0xB9, 0xBD, 0xB8, 0xA5, 0x19, 0xAE, 0x7B, 0xBE,
    0xDC, 0xCE, 0x1E, 0xD7, 0x5F, 0xDF, 0x5F, 0xDF, 0x5F, 0xDF, 0x7F, 0xDF, 0x7F, 0xDF, 0xBF, 0xCF,
    0xBF, 0xD7, 0x7F, 0xDF, 0x5F, 0xDF, 0x7F, 0xDF, 0x7E, 0xDF, 0x3E, 0xD7, 0xDE, 0xC6, 0x1A, 0xB6,
    0xF9, 0xAD, 0xF8, 0xAD, 0x19, 0xB6, 0x5A, 0xB6, 0x9B, 0xBE, 0xDC, 0xC6, 0xDD, 0xCE, 0xFD, 0xCE,
    0x1E, 0xCF, 0x3F, 0xD7, 0x3F, 0xD7, 0x3F, 0xD7, 0x5F, 0xCF, 0x3F, 0xCF, 0x3F, 0xCF, 0x3F, 0xCF,
    0x3F, 0xC7, 0x1F, 0xC7, 0x1F, 0xC7, 0x1F, 0xC7, 0x1F, 0xC7, 0x1F, 0xC7, 0xFF, 0xC6, 0xFF, 0xBE,
    0xFF, 0xBE, 0xFF, 0xBE, 0xDF, 0xBE, 0xDF, 0xBE, 0xDF, 0xB6, 0xDF, 0xB6, 0xDF, 0xB6, 0xDF, 0xB6,
    0xDF, 0xB6, 0xDF, 0xB6, 0xBF, 0xAE, 0xBF, 0xAE, 0xBF, 0xAE, 0xBF, 0xAE, 0x9F, 0xAE, 0x9F, 0xA6,
    0x9F, 0xA6, 0x7F, 0xA6, 0x7E, 0x9E, 0x5F, 0x9E, 0x5E, 0x9E, 0x5E, 0x96, 0x3E, 0x96, 0x3E, 0x96,
    0x7F, 0xA6, 0x7F, 0xA6, 0x9F, 0xA6, 0x9F, 0xA6, 0x9F, 0xAE, 0xBF, 0xAE, 0xBF, 0xAE, 0xBF, 0xAE,
    0xBF, 0xAE, 0xDF, 0xAE, 0xDF, 0xB6, 0xDF, 0xB6, 0xDF, 0xB6, 0xDF, 0xB6, 0xDF, 0xB6, 0xDF, 0xB6,
    0xDF, 0xB6, 0xDF, 0xBE, 0xFF, 0xBE, 0xFF, 0xBE, 0xFF, 0xBE, 0x1F, 0xBF, 0x1F, 0xC7, 0x1F, 0xC7,
    0x3F, 0xC7, 0x3F, 0xC7, 0x3F, 0xC7, 0x3F, 0xCF, 0x3F, 0xCF, 0x3F, 0xCF, 0x3F, 0xCF, 0x3F, 0xCF,
    0x3F, 0xCF, 0x3F, 0xCF, 0x3F, 0xCF, 0x5F, 0xCF, 0x5F, 0xCF, 0x5F, 0xCF, 0x5F, 0xCF, 0x5F, 0xCF,
    0x5F, 0xCF, 0x3F, 0xCF, 0xFE, 0xCE, 0xDE, 0xCE, 0x9D, 0xC6, 0xBC, 0xBE, 0xFD, 0xC6, 0x1D, 0xCF,
    0x3E, 0xD7, 0x5F, 0xDF, 0x5F, 0xDF, 0x5F, 0xDF, 0x7F, 0xD7, 0x7F, 0xD7, 0x7F, 0xDF, 0x7F, 0xDF,
    0x9F, 0xDF, 0x7F, 0xDF, 0x5F, 0xDF, 0x5F, 0xD7, 0x5F, 0xD7, 0x5F, 0xD7, 0x3E, 0xCF, 0xDD, 0xC6,
    0xDD, 0xC6, 0xDD, 0xC6, 0xDD, 0xC6, 0xDD, 0xC6, 0xFD, 0xCE, 0x1E, 0xCF, 0x1E, 0xCF, 0x3E, 0xCF,
    0x3E, 0xCF, 0x3F, 0xCF, 0x3F, 0xCF, 0x3F, 0xCF, 0x5F, 0xCF, 0x3F, 0xCF, 0x3F, 0xCF, 0x3F, 0xC7,
    0x1F, 0xC7, 0x1F, 0xC7, 0x1F, 0xC7, 0x1F, 0xC7, 0xFF, 0xBE, 0xFF, 0xBE, 0xFF, 0xBE, 0xFF, 0xBE,
    0xFF, 0xBE, 0xDF, 0xBE, 0xDF, 0xBE, 0xDF, 0xB6, 0xDF, 0xB6, 0xDF, 0xB6, 0xDF, 0xB6, 0xDF, 0xB6,
    0xDF, 0xAE, 0xBF, 0xAE, 0xBF, 0xAE, 0xBE, 0xAE, 0x9F, 0xAE, 0x9F, 0xAE, 0x9F, 0xA6, 0x7F, 0xA6,
    0x7F, 0xA6, 0x7F, 0x9E, 0x7E, 0x9E, 0x5E, 0x9E, 0x3E, 0x96, 0x3E, 0x96, 0x3E, 0x96, 0x1E, 0x8E,
    0x7F, 0xA6, 0x9F, 0xA6, 0x9F, 0xA6, 0x9F, 0xA6, 0xBF, 0xAE, 0xBF, 0xAE, 0xBF, 0xAE, 0xBF, 0xAE,
    0xBF, 0xAE, 0xDF, 0xAE, 0xDF, 0xAE, 0xDF, 0xB6, 0xDF, 0xB6, 0xDF, 0xB6, 0xDF, 0xB6, 0xDF, 0xB6,
    0xDF, 0xB6, 0xDF, 0xB6, 0xDF, 0xBE, 0xFF, 0xBE, 0xFF, 0xBE, 0x1F, 0xBF, 0x1F, 0xBF, 0x1F, 0xBF,
    0x1F, 0xC7, 0x3F, 0xC7, 0x3F, 0xC7, 0x3F, 0xC7, 0x3F, 0xC7, 0x3F, 0xCF, 0x3F, 0xCF, 0x3F, 0xCF,
    0x3F, 0xCF, 0x5F, 0xCF, 0x5F, 0xCF, 0x5F, 0xCF, 0x5F, 0xCF, 0x5F, 0xCF, 0x5F, 0xCF, 0x3F, 0xD7,
    0x3F, 0xD7, 0x1F, 0xDF, 0x3F, 0xD7, 0x5F, 0xD7, 0x3F, 0xCF, 0x3E, 0xC7, 0x3E, 0xCF, 0x3F, 0xD7,
    0x5F, 0xD7, 0x5F, 0xD7, 0x5F, 0xD7, 0x7F, 0xD7, 0x7F, 0xD7, 0x7F, 0xD7, 0x7F, 0xDF, 0x7F, 0xD7,
    0x9F, 0xD7, 0x7F, 0xD7, 0x7F, 0xD7, 0x5F, 0xD7, 0x5F, 0xD7, 0x5F, 0xD7, 0x3E, 0xCF, 0x3E, 0xCF,
    0x1E, 0xCF, 0x1E, 0xCF, 0x1E, 0xCF, 0x1E, 0xCF, 0x1E, 0xCF, 0x1F, 0xCF, 0x1F, 0xCF, 0x3F, 0xCF,
    0x3F, 0xCF, 0x3F, 0xCF, 0x3F, 0xCF, 0x3F, 0xCF, 0x5F, 0xCF, 0x3F, 0xCF, 0x3F, 0xC7, 0x3F, 0xC7,
    0x1F, 0xC7, 0x1F, 0xC7, 0x1F, 0xC7, 0xFF, 0xBE, 0xFF, 0xBE, 0xFF, 0xBE, 0xFF, 0xBE, 0xFF, 0xBE,
    0xFF, 0xBE, 0xFF, 0xBE, 0xDF, 0xB6, 0xDF, 0xB6, 0xDF, 0xB6, 0xDF, 0xB6, 0xDF, 0xB6, 0xDF, 0xAE,
    0xBF, 0xAE, 0xBF, 0xAE, 0xBF, 0xAE, 0xBF, 0xAE, 0x9F, 0xAE, 0x9F, 0xA6, 0x9F, 0xA6, 0x7F, 0xA6,
    0x7F, 0xA6, 0x7F, 0x9E, 0x7E, 0x9E, 0x5E, 0x9E, 0x5E, 0x96, 0x3E, 0x96, 0x3E, 0x96, 0x1E, 0x8E,
    0x7F, 0x9E, 0x7F, 0xA6, 0x9F, 0xA6, 0x9F, 0xA6, 0x9F, 0xA6, 0x9F, 0xA6, 0xBF, 0xAE, 0xBF, 0xAE,
    0xBF, 0xAE, 0xBF, 0xAE, 0xBF, 0xAE, 0xBF, 0xAE, 0xDF, 0xAE, 0xDF, 0xB6, 0xDF, 0xB6, 0xDF, 0xB6,
    0xDF, 0xB6, 0xDF, 0xB6, 0xDF, 0xB6, 0xFF, 0xBE, 0xFF, 0xBE, 0xFF, 0xBE, 0x1F, 0xBF, 0x1F, 0xBF,
    0x1F, 0xC7, 0x1F, 0xC7, 0x3F, 0xC7, 0x3F, 0xC7, 0x3F, 0xC7, 0x3F, 0xC7, 0x3F, 0xC7, 0x3F, 0xCF,
    0x3F, 0xCF, 0x3F, 0xCF, 0x3F, 0xCF, 0x3F, 0xCF, 0x3F, 0xCF, 0x3F, 0xCF, 0x5F, 0xCF, 0x3F, 0xD7,
    0x1F, 0xD7, 0x1F, 0xDF, 0x3F, 0xD7, 0x5F, 0xD7, 0x5F, 0xCF, 0x5F, 0xCF, 0x5F, 0xCF, 0x5F, 0xD7,
    0x5F, 0xD7, 0x5F, 0xD7, 0x5F, 0xD7, 0x7F, 0xD7, 0x7F, 0xD7, 0x7F, 0xD7, 0x7F, 0xD7, 0x7F, 0xD7,
    0x7F, 0xD7, 0x7F, 0xD7, 0x5F, 0xD7, 0x5F, 0xD7, 0x5F, 0xD7, 0x5F, 0xD7, 0x5F, 0xD7, 0x5F, 0xCF,
    0x3F, 0xCF, 0x3F, 0xCF, 0x3F, 0xCF, 0x3F, 0xCF, 0x3F, 0xCF, 0x3F, 0xCF, 0x3F, 0xCF, 0x3F, 0xCF,
    0x3F, 0xCF, 0x1F, 0xC7, 0x3F, 0xCF, 0x3F, 0xCF, 0x3F, 0xCF, 0x3F, 0xC7, 0x1F, 0xC7, 0x3F, 0xC7,
    0x1F, 0xC7, 0x1F, 0xC7, 0xFF, 0xC6, 0xFF, 0xBE, 0xFF, 0xBE, 0xFF, 0xBE, 0xFF, 0xBE, 0xFF, 0xBE,
    0xDF, 0xB6, 0xDF, 0xB6, 0xDF, 0xB6, 0xDF, 0xB6, 0xDF, 0xB6, 0xDF, 0xAE, 0xDF, 0xAE, 0xBF, 0xAE,
    0xBF, 0xAE, 0xBF, 0xAE, 0x9F, 0xAE, 0x9F, 0xAE, 0x9F, 0xA6, 0x9F, 0xA6, 0x7F, 0xA6, 0x7F, 0xA6,
    0x7F, 0xA6, 0x7F, 0x9E, 0x5E, 0x9E, 0x5E, 0x96, 0x3E, 0x96, 0x3E, 0x96, 0x1E, 0x96, 0x1E, 0x8E,
    0x7F, 0x9E, 0x7F, 0xA6, 0x7F, 0xA6, 0x9F, 0xA6, 0x9F, 0xA6, 0x9F, 0xA6, 0x9F, 0xA6, 0xBF, 0xAE,
    0xBF, 0xAE, 0xBF, 0xAE, 0xBF, 0xAE, 0xBF, 0xAE, 0xBF, 0xAE, 0xBF, 0xAE, 0xDF, 0xB6, 0xDF, 0xB6,
    0xDF, 0xB6, 0xDF, 0xB6, 0xDF, 0xB6, 0xDF, 0xB6, 0xFF, 0xBE, 0xFF, 0xBE, 0xFF, 0xBE, 0xFF, 0xBE,
    0xFF, 0xBE, 0x1F, 0xBF, 0x1F, 0xC7, 0x1F, 0xC7, 0x1F, 0xC7, 0x1F, 0xC7, 0x3F, 0xC7, 0x3F, 0xC7,
    0x3F, 0xC7, 0x3F, 0xC7, 0x3F, 0xCF, 0x3F, 0xCF, 0x3F, 0xCF, 0x3F, 0xCF, 0x3F, 0xCF, 0x3F, 0xCF,
    0x3F, 0xCF, 0x3F, 0xD7, 0x3F, 0xD7, 0x3F, 0xD7, 0x3F, 0xD7, 0x3F, 0xD7, 0x5F, 0xD7, 0x5F, 0xD7,
    0x5F, 0xD7, 0x5F, 0xD7, 0x5F, 0xD7, 0x5F, 0xD7, 0x5F, 0xD7, 0x7F, 0xD7, 0x7F, 0xD7, 0x7F, 0xD7,
    0x7F, 0xD7, 0x5F, 0xD7, 0x5F, 0xD7, 0x5F, 0xD7, 0x5F, 0xD7, 0x5F, 0xD7, 0x3F, 0xCF, 0x3F, 0xCF,
    0x3F, 0xCF, 0x3F, 0xCF, 0x3F, 0xCF, 0x3F, 0xCF, 0x3F, 0xCF, 0x3F, 0xCF, 0x3F, 0xCF, 0x3F, 0xCF,
    0x3F, 0xCF, 0x1F, 0xC7, 0x1F, 0xC7, 0x3F, 0xC7, 0x3F, 0xC7, 0x1F, 0xC7, 0x1F, 0xC7, 0x1F, 0xC7,
    0x1F, 0xC7, 0x1F, 0xC7, 0xFF, 0xBE, 0xFF, 0xBE, 0xFF, 0xBE, 0xDF, 0xBE, 0xDF, 0xBE, 0xDF, 0xB6,
    0xDF, 0xB6, 0xDF, 0xB6, 0xDF, 0xB6, 0xDF, 0xB6, 0xDF, 0xAE, 0xBF, 0xAE, 0xBF, 0xAE, 0xBF, 0xAE,
    0xBF, 0xAE, 0x9F, 0xAE, 0x9F, 0xAE, 0x9F, 0xAE, 0x9F, 0xA6, 0x9F, 0xA6, 0x7F, 0xA6, 0x7F, 0x9E,
    0x7F, 0x9E, 0x5F, 0x9E, 0x5E, 0x9E, 0x5E, 0x96, 0x3E, 0x96, 0x3E, 0x96, 0x1E, 0x8E, 0x1E, 0x8E,
    0x7F, 0x9E, 0x7F, 0x9E, 0x7F, 0xA6, 0x7F, 0xA6, 0x9F, 0xA6, 0x9F, 0xA6, 0x9F, 0xA6, 0xBF, 0xAE,
    0xBF, 0xAE, 0xBF, 0xAE, 0xBF, 0xAE, 0xBF, 0xAE, 0xBF, 0xAE, 0xBF, 0xAE, 0xDF, 0xAE, 0xDF, 0xB6,
    0xDF, 0xB6, 0xDF, 0xB6, 0xDF, 0xB6, 0xDF, 0xB6, 0xDF, 0xB6, 0xFF, 0xBE, 0xFF, 0xBE, 0xFF, 0xBE,
    0xFF, 0xBE, 0xFF, 0xBE, 0x1F, 0xBF, 0x1F, 0xC7, 0x1F, 0xC7, 0x1F, 0xC7, 0x3F, 0xC7, 0x1F, 0xC7,
    0x1F, 0xC7, 0x3F, 0xC7, 0x1F, 0xC7, 0x3F, 0xC7, 0x3F, 0xCF, 0x3F, 0xCF, 0x3F, 0xCF, 0x3F, 0xCF,
    0x3F, 0xCF, 0x3F, 0xCF, 0x3F, 0xCF, 0x3F, 0xD7, 0x3F, 0xD7, 0x3F, 0xD7, 0x3F, 0xD7, 0x3F, 0xD7,
    0x5F, 0xCF, 0x5F, 0xD7, 0x5F, 0xCF, 0x5F, 0xCF, 0x5F, 0xCF, 0x5F, 0xD7, 0x5F, 0xD7, 0x5F, 0xD7,
    0x5F, 0xD7, 0x5F, 0xD7, 0x5F, 0xD7, 0x5F, 0xD7, 0x5F, 0xCF, 0x5F, 0xCF, 0x3F, 0xCF, 0x3F, 0xCF,
    0x3F, 0xCF, 0x3F, 0xCF, 0x3F, 0xCF, 0x3F, 0xCF, 0x3F, 0xCF, 0x3F, 0xCF, 0x3F, 0xCF, 0x3F, 0xCF,
    0x1F, 0xC7, 0x1F, 0xC7, 0x1F, 0xC7, 0x1F, 0xC7, 0x3F, 0xC7, 0x1F, 0xC7, 0x1F, 0xC7, 0x1F, 0xC7,
    0x1F, 0xC7, 0xFF, 0xBE, 0xFF, 0xBE, 0xFF, 0xBE, 0xFF, 0xBE, 0xDF, 0xBE, 0xDF, 0xB6, 0xDF, 0xB6,
    0xDF, 0xB6, 0xDF, 0xB6, 0xDF, 0xB6, 0xDF, 0xAE, 0xDF, 0xAE, 0xBF, 0xAE, 0xBF, 0xAE, 0xBF, 0xAE,
    0xBF, 0xAE, 0x9F, 0xAE, 0x9F, 0xAE, 0x9F, 0xA6, 0x9F, 0xA6, 0x9F, 0xA6, 0x7F, 0xA6, 0x7F, 0x9E,
    0x7F, 0x9E, 0x5F, 0x9E, 0x5E, 0x9E, 0x3E, 0x96, 0x3E, 0x96, 0x3E, 0x96, 0x1E, 0x8E, 0x1E, 0x8E,
    0x5F, 0x9E, 0x7E, 0x9E, 0x7E, 0x9E, 0x7F, 0xA6, 0x9F, 0xA6, 0x9F, 0xA6, 0x9F, 0xA6, 0xBF, 0xAE,
    0xBF, 0xAE, 0xBF, 0xAE, 0xBF, 0xAE, 0xBF, 0xAE, 0xBF, 0xAE, 0xBF, 0xAE, 0xBF, 0xAE, 0xBF, 0xB6,
    0xBF, 0xB6, 0xDF, 0xB6, 0xDF, 0xB6, 0xDF, 0xB6, 0xDF, 0xB6, 0xDF, 0xB6, 0xFF, 0xBE, 0xFF, 0xBE,
    0xFF, 0xBE, 0xFF, 0xBE, 0x1F, 0xBF, 0x1F, 0xBF, 0x1F, 0xBF, 0x1F, 0xC7, 0x1F, 0xC7, 0x1F, 0xC7,
    0x1F, 0xC7, 0x1F, 0xC7, 0x1F, 0xC7, 0x1F, 0xC7, 0x3F, 0xC7, 0x3F, 0xC7, 0x3F, 0xCF, 0x3F, 0xCF,
    0x3F, 0xCF, 0x3F, 0xCF, 0x3F, 0xCF, 0x3F, 0xCF, 0x3F, 0xD7, 0x3F, 0xD7, 0x3F, 0xCF, 0x3F, 0xCF,
    0x3F, 0xCF, 0x5F, 0xCF, 0x5F, 0xCF, 0x5F, 0xCF, 0x5F, 0xCF, 0x5F, 0xCF, 0x5F, 0xCF, 0x5F, 0xCF,
    0x5F, 0xCF, 0x5F, 0xCF, 0x3F, 0xCF, 0x3F, 0xCF, 0x3F, 0xCF, 0x3F, 0xCF, 0x3F, 0xCF, 0x3F, 0xCF,
    0x3F, 0xCF, 0x3F, 0xCF, 0x3F, 0xCF, 0x3F, 0xCF, 0x3F, 0xCF, 0x3F, 0xCF, 0x3F, 0xCF, 0x1F, 0xCF,
    0x1F, 0xC7, 0x1F, 0xC7, 0x1F, 0xC7, 0x1F, 0xC7, 0x1F, 0xC7, 0x1F, 0xC7, 0x1F, 0xC7, 0x1F, 0xC7,
    0xFF, 0xBE, 0xFF, 0xBE, 0xFF, 0xBE, 0xFF, 0xBE, 0xDF, 0xB6, 0xDF, 0xB6, 0xDF, 0xB6, 0xDF, 0xB6,
    0xDF, 0xB6, 0xDF, 0xB6, 0xDF, 0xB6, 0xBF, 0xAE, 0xBF, 0xAE, 0xBF, 0xAE, 0xBF, 0xAE, 0xBF, 0xAE,
    0xBF, 0xAE, 0x9F, 0xAE, 0x9F, 0xA6, 0x9F, 0xA6, 0x9F, 0xA6, 0x9F, 0xA6, 0x7F, 0xA6, 0x7F, 0x9E,
    0x7F, 0x9E, 0x5E, 0x9E, 0x5E, 0x96, 0x3E, 0x96, 0x3E, 0x96, 0x1E, 0x96, 0x1E, 0x8E, 0x1E, 0x8E,
    0x5F, 0x9E, 0x5E, 0x9E, 0x7E, 0x9E, 0x7E, 0x9E, 0x7F, 0xA6, 0x9F, 0xA6, 0x7F, 0xA6, 0x9F, 0xA6,
    0x9F, 0xA6, 0x9F, 0xA6, 0x9F, 0xAE, 0x9F, 0xAE, 0xBF, 0xAE, 0xBF, 0xAE, 0xBF, 0xAE, 0xBF, 0xAE,
    0xBF, 0xAE, 0xBF, 0xB6, 0xBF, 0xB6, 0xDF, 0xB6, 0xDF, 0xB6, 0xDF, 0xB6, 0xDF, 0xB6, 0xDF, 0xB6,
    0xFF, 0xBE, 0xFF, 0xBE, 0xFF, 0xBE, 0xFF, 0xBE, 0xFF, 0xBE, 0x1F, 0xBF, 0x1F, 0xBF, 0x1F, 0xC7,
    0x1F, 0xC7, 0x1F, 0xC7, 0x1F, 0xC7, 0x1F, 0xC7, 0x1F, 0xC7, 0x1F, 0xC7, 0x1F, 0xC7, 0x1F, 0xCF,
    0x1F, 0xCF, 0x1F, 0xCF, 0x1F, 0xCF, 0x1F, 0xCF, 0x3F, 0xCF, 0x3F, 0xCF, 0x3F, 0xCF, 0x3F, 0xCF,
    0x3F, 0xCF, 0x3F, 0xCF, 0x3F, 0xCF, 0x3F, 0xCF, 0x3F, 0xCF, 0x3F, 0xCF, 0x3F, 0xCF, 0x3F, 0xCF,
    0x3F, 0xCF, 0x3F, 0xCF, 0x3F, 0xCF, 0x3F, 0xCF, 0x3F, 0xCF, 0x3F, 0xCF, 0x3F, 0xCF, 0x3F, 0xCF,
    0x3F, 0xCF, 0x3F, 0xCF, 0x1F, 0xCF, 0x1F, 0xCF, 0x3F, 0xCF, 0x3F, 0xC7, 0x1F, 0xC7, 0x1F, 0xC7,
    0x1F, 0xC7, 0xFF, 0xC6, 0xFF, 0xC6, 0x1F, 0xC7, 0x1F, 0xC7, 0x1F, 0xC7, 0xFF, 0xBE, 0xFF, 0xBE,
    0xFF, 0xBE, 0xFF, 0xBE, 0xFF, 0xBE, 0xDF, 0xBE, 0xDF, 0xB6, 0xDF, 0xB6, 0xDF, 0xB6, 0xBF, 0xB6,
    0xBF, 0xB6, 0xDF, 0xB6, 0xBF, 0xAE, 0xBF, 0xAE, 0xBF, 0xAE, 0xBF, 0xAE, 0xBF, 0xAE, 0xBF, 0xAE,
    0x9F, 0xAE, 0x9F, 0xAE, 0x9F, 0xA6, 0x9F, 0xA6, 0x7F, 0xA6, 0x7F, 0xA6, 0x7F, 0x9E, 0x5E, 0x9E,
    0x7E, 0x9E, 0x5E, 0x9E, 0x3E, 0x96, 0x3E, 0x96, 0x3E, 0x96, 0x1E, 0x8E, 0x1E, 0x8E, 0x1E, 0x8E,
    0x5F, 0x9E, 0x5F, 0x9E, 0x5F, 0x9E, 0x5E, 0x9E, 0x7F, 0xA6, 0x7F, 0xA6, 0x7F, 0xA6, 0x9F, 0xA6,
    0x9F, 0xA6, 0x9F, 0xA6, 0x9F, 0xA6, 0x9F, 0xA6, 0xBF, 0xAE, 0xBF, 0xAE, 0xBF, 0xAE, 0xBF, 0xAE,
    0xBF, 0xAE, 0xBF, 0xAE, 0xBF, 0xAE, 0xBF, 0xB6, 0xBF, 0xB6, 0xDF, 0xB6, 0xDF, 0xB6, 0xDF, 0xB6,
    0xDF, 0xB6, 0xDF, 0xB6, 0xFF, 0xBE, 0xFF, 0xBE, 0xFF, 0xBE, 0xFF, 0xBE, 0xFF, 0xBE, 0x1F, 0xBF,
    0x1F, 0xBF, 0x1F, 0xC7, 0x1F, 0xC7, 0x1F, 0xC7, 0x1F, 0xC7, 0x1F, 0xC7, 0x1F, 0xC7, 0x1F, 0xC7,
    0x1F, 0xC7, 0x1F, 0xC7, 0x1F, 0xC7, 0x1F, 0xCF, 0x1F, 0xCF, 0x1F, 0xCF, 0x1F, 0xCF, 0x3F, 0xCF,
    0x3F, 0xCF, 0x3F, 0xCF, 0x3F, 0xCF, 0x3F, 0xC7, 0x3F, 0xC7, 0x3F, 0xCF, 0x3F, 0xCF, 0x3F, 0xCF,
    0x3F, 0xCF, 0x3F, 0xCF, 0x3F, 0xCF, 0x3F, 0xCF, 0x3F, 0xCF, 0x3F, 0xCF, 0x3F, 0xCF, 0x3F, 0xCF,
    0x1F, 0xC7, 0x1F, 0xC7, 0x1F, 0xC7, 0x1F, 0xC7, 0x1F, 0xC7, 0x1F, 0xC7, 0xFF, 0xC6, 0xFF, 0xC6,
    0xFF, 0xC6, 0xFF, 0xBE, 0xFF, 0xBE, 0xFF, 0xBE, 0xFF, 0xBE, 0xFF, 0xBE, 0xFF, 0xBE, 0xFF, 0xBE,
    0xDF, 0xBE, 0xDF, 0xBE, 0xDF, 0xBE, 0xDF, 0xB6, 0xDF, 0xB6, 0xDF, 0xB6, 0xDF, 0xB6, 0xBF, 0xB6,
    0xBF, 0xB6, 0xBF, 0xAE, 0xBF, 0xAE, 0xBF, 0xAE, 0xBF, 0xAE, 0xBF, 0xAE, 0x9F, 0xAE, 0x9F, 0xAE,
    0x9F, 0xAE, 0x9F, 0xA6, 0x7F, 0xA6, 0x7F, 0xA6, 0x7F, 0xA6, 0x7F, 0xA6, 0x7E, 0x9E, 0x5E, 0x9E,
    0x5E, 0x9E, 0x5E, 0x9E, 0x3E, 0x96, 0x3E, 0x96, 0x3E, 0x96, 0x1E, 0x8E, 0x1E, 0x8E, 0x1E, 0x8E,
};
static const lv_image_dsc_t icon_settings = {
    .header = { .magic = LV_IMAGE_HEADER_MAGIC, .cf = LV_COLOR_FORMAT_RGB565, .flags = 0, .w = 112, .h = 112, .stride = 224 },
    .data_size = sizeof(_icon_settings_data),
    .data = _icon_settings_data,
};

/* xiaozhi */
static const uint8_t _icon_xiaozhi_data[25088] = {
    0xFF, 0xFF, 0xFF, 0xFF, 0xFF, 0xFF, 0xFF, 0xFF, 0xFF, 0xFF, 0xFF, 0xFF, 0xFF, 0xFF, 0xFF, 0xFF,
    0xFF, 0xFF, 0xFF, 0xFF, 0xFF, 0xFF, 0xFF, 0xFF, 0xFF, 0xFF, 0xFF, 0xFF, 0xFF, 0xFF, 0xFF, 0xFF,
    0xFF, 0xFF, 0xFF, 0xFF, 0xFF, 0xFF, 0xFF, 0xFF, 0xFF, 0xFF, 0xFF, 0xFF, 0xFF, 0xFF, 0xFF, 0xFF,
    0xFF, 0xFF, 0xFF, 0xFF, 0xFF, 0xFF, 0xFF, 0xFF, 0xFF, 0xFF, 0xFF, 0xFF, 0xFF, 0xFF, 0xFF, 0xFF,
    0xFF, 0xFF, 0xFF, 0xFF, 0xFF, 0xFF, 0xFF, 0xFF, 0xFF, 0xFF, 0xFF, 0xFF, 0xFF, 0xFF, 0xFF, 0xFF,
    0xFF, 0xFF, 0xFF, 0xFF, 0xFF, 0xFF, 0xFF, 0xFF, 0xFF, 0xFF, 0xFF, 0xFF, 0xFF, 0xFF, 0xFF, 0xFF,
    0xFF, 0xFF, 0xFF, 0xFF, 0xFF, 0xFF, 0xFF, 0xFF, 0xFF, 0xFF, 0xFF, 0xFF, 0xFF, 0xFF, 0xFF, 0xFF,
    0xFF, 0xFF, 0xFF, 0xFF, 0xFF, 0xFF, 0xFF, 0xFF, 0xFF, 0xFF, 0xFF, 0xFF, 0xFF, 0xFF, 0xFF, 0xFF,
    0xFF, 0xFF, 0xFF, 0xFF, 0xFF, 0xFF, 0xFF, 0xFF, 0xFF, 0xFF, 0xFF, 0xFF, 0xFF, 0xFF, 0xFF, 0xFF,
    0xFF, 0xFF, 0xFF, 0xFF, 0xFF, 0xFF, 0xFF, 0xFF, 0xFF, 0xFF, 0xFF, 0xFF, 0xFF, 0xFF, 0xFF, 0xFF,
    0xFF, 0xFF, 0xFF, 0xFF, 0xFF, 0xFF, 0xFF, 0xFF, 0xFF, 0xFF, 0xFF, 0xFF, 0xFF, 0xFF, 0xFF, 0xFF,
    0xFF, 0xFF, 0xFF, 0xFF, 0xFF, 0xFF, 0xFF, 0xFF, 0xFF, 0xFF, 0xFF, 0xFF, 0xFF, 0xFF, 0xFF, 0xFF,
    0xFF, 0xFF, 0xFF, 0xFF, 0xFF, 0xFF, 0xFF, 0xFF, 0xFF, 0xFF, 0xFF, 0xFF, 0xFF, 0xFF, 0xFF, 0xFF,
    0xFF, 0xFF, 0xFF, 0xFF, 0xFF, 0xFF, 0xFF, 0xFF, 0xFF, 0xFF, 0xFF, 0xFF, 0xFF, 0xFF, 0xFF, 0xFF,
    0xFF, 0xFF, 0xFF, 0xFF, 0xFF, 0xFF, 0xFF, 0xFF, 0xFF, 0xFF, 0xFF, 0xFF, 0xFF, 0xFF, 0xFF, 0xFF,
    0xFF, 0xFF, 0xFF, 0xFF, 0xFF, 0xFF, 0xFF, 0xFF, 0xFF, 0xFF, 0xFF, 0xFF, 0xFF, 0xFF, 0xFF, 0xFF,
    0xFF, 0xFF, 0xFF, 0xFF, 0xFF, 0xFF, 0xFF, 0xFF, 0xFF, 0xFF, 0xFF, 0xFF, 0xFF, 0xFF, 0xFF, 0xFF,
    0xFF, 0xFF, 0xFF, 0xFF, 0xFF, 0xFF, 0xFF, 0xFF, 0xFF, 0xFF, 0xFF, 0xFF, 0xFF, 0xFF, 0xFF, 0xFF,
    0xFF, 0xFF, 0xFF, 0xFF, 0xFF, 0xFF, 0xFF, 0xFF, 0xFF, 0xFF, 0xFF, 0xFF, 0xFF, 0xFF, 0xFF, 0xFF,
    0xFF, 0xFF, 0xFF, 0xFF, 0xFF, 0xFF, 0xFF, 0xFF, 0xFF, 0xFF, 0xFF, 0xFF, 0xFF, 0xFF, 0xFF, 0xFF,
    0xFF, 0xFF, 0xFF, 0xFF, 0xFF, 0xFF, 0xFF, 0xFF, 0xFF, 0xFF, 0xFF, 0xFF, 0xFF, 0xFF, 0xFF, 0xFF,
    0xFF, 0xFF, 0xFF, 0xFF, 0xFF, 0xFF, 0xFF, 0xFF, 0xFF, 0xFF, 0xFF, 0xFF, 0xFF, 0xFF, 0xFF, 0xFF,
    0xFF, 0xFF, 0xFF, 0xFF, 0xFF, 0xFF, 0xFF, 0xFF, 0xFF, 0xFF, 0xFF, 0xFF, 0xFF, 0xFF, 0xFF, 0xFF,
    0xFF, 0xFF, 0xFF, 0xFF, 0xFF, 0xFF, 0xFF, 0xFF, 0xFF, 0xFF, 0xFF, 0xFF, 0xFF, 0xFF, 0xFF, 0xFF,
    0xFF, 0xFF, 0xFF, 0xFF, 0xFF, 0xFF, 0xFF, 0xFF, 0xFF, 0xFF, 0xFF, 0xFF, 0xFF, 0xFF, 0xFF, 0xFF,
    0xFF, 0xFF, 0xFF, 0xFF, 0xFF, 0xFF, 0xFF, 0xFF, 0xFF, 0xFF, 0xFF, 0xFF, 0xFF, 0xFF, 0xFF, 0xFF,
    0xFF, 0xFF, 0xFF, 0xFF, 0xFF, 0xFF, 0xFF, 0xFF, 0xFF, 0xFF, 0xFF, 0xFF, 0xFF, 0xFF, 0xFF, 0xFF,
    0xFF, 0xFF, 0xFF, 0xFF, 0xFF, 0xFF, 0xFF, 0xFF, 0xFF, 0xFF, 0xFF, 0xFF, 0xFF, 0xFF, 0xFF, 0xFF,
    0xFF, 0xFF, 0xFF, 0xFF, 0xFF, 0xFF, 0xFF, 0xFF, 0xFF, 0xFF, 0xFF, 0xFF, 0xFF, 0xFF, 0xFF, 0xFF,
    0xFF, 0xFF, 0xFF, 0xFF, 0xFF, 0xFF, 0xFF, 0xFF, 0xFF, 0xFF, 0xFF, 0xFF, 0xFF, 0xFF, 0xFF, 0xFF,
    0xFF, 0xFF, 0xFF, 0xFF, 0xFF, 0xFF, 0xFF, 0xFF, 0xFF, 0xFF, 0xFF, 0xFF, 0xFF, 0xFF, 0xFF, 0xFF,
    0xFF, 0xFF, 0xFF, 0xFF, 0xFF, 0xFF, 0xFF, 0xFF, 0xFF, 0xFF, 0xFF, 0xFF, 0xFF, 0xFF, 0xFF, 0xFF,
    0xFF, 0xFF, 0xFF, 0xFF, 0xFF, 0xFF, 0xFF, 0xFF, 0xFF, 0xFF, 0xFF, 0xFF, 0xFF, 0xFF, 0xFF, 0xFF,
    0xFF, 0xFF, 0xFF, 0xFF, 0xFF, 0xFF, 0xFF, 0xFF, 0xFF, 0xFF, 0xFF, 0xFF, 0xFF, 0xFF, 0xFF, 0xFF,
    0xFF, 0xFF, 0xFF, 0xFF, 0xFF, 0xFF, 0xFF, 0xFF, 0xFF, 0xFF, 0xFF, 0xFF, 0xFF, 0xFF, 0xFF, 0xFF,
    0xFF, 0xFF, 0xFF, 0xFF, 0xFF, 0xFF, 0xFF, 0xFF, 0xFF, 0xFF, 0xFF, 0xFF, 0xFF, 0xFF, 0xFF, 0xFF,
    0xFF, 0xFF, 0xFF, 0xFF, 0xFF, 0xFF, 0xFF, 0xFF, 0xFF, 0xFF, 0xFF, 0xFF, 0xFF, 0xFF, 0xFF, 0xFF,
    0xFF, 0xFF, 0xFF, 0xFF, 0xFF, 0xFF, 0xFF, 0xFF, 0xFF, 0xFF, 0xFF, 0xFF, 0xFF, 0xFF, 0xFF, 0xFF,
    0xFF, 0xFF, 0xFF, 0xFF, 0xFF, 0xFF, 0xFF, 0xFF, 0xFF, 0xFF, 0xFF, 0xFF, 0xFF, 0xFF, 0xFF, 0xFF,
    0xFF, 0xFF, 0xFF, 0xFF, 0xFF, 0xFF, 0xFF, 0xFF, 0xFF, 0xFF, 0xFF, 0xFF, 0xFF, 0xFF, 0xFF, 0xFF,
    0xFF, 0xFF, 0xFF, 0xFF, 0xFF, 0xFF, 0xFF, 0xFF, 0xFF, 0xFF, 0xFF, 0xFF, 0xFF, 0xFF, 0xFF, 0xFF,
    0xFF, 0xFF, 0xFF, 0xFF, 0xFF, 0xFF, 0xFF, 0xFF, 0xFF, 0xFF, 0xFF, 0xFF, 0xFF, 0xFF, 0xFF, 0xFF,
    0xFF, 0xFF, 0xFF, 0xFF, 0xFF, 0xFF, 0xFF, 0xFF, 0xFF, 0xFF, 0xFF, 0xFF, 0xFF, 0xFF, 0xFF, 0xFF,
    0xFF, 0xFF, 0xFF, 0xFF, 0xFF, 0xFF, 0xFF, 0xFF, 0xFF, 0xFF, 0xFF, 0xFF, 0xFF, 0xFF, 0xFF, 0xFF,
    0xFF, 0xFF, 0xFF, 0xFF, 0xFF, 0xFF, 0xFF, 0xFF, 0xFF, 0xFF, 0xFF, 0xFF, 0xFF, 0xFF, 0xFF, 0xFF,
    0xFF, 0xFF, 0xFF, 0xFF, 0xFF, 0xFF, 0xFF, 0xFF, 0xFF, 0xFF, 0xFF, 0xFF, 0xFF, 0xFF, 0xFF, 0xFF,
    0xFF, 0xFF, 0xFF, 0xFF, 0xFF, 0xFF, 0xFF, 0xFF, 0xFF, 0xFF, 0xFF, 0xFF, 0xFF, 0xFF, 0xFF, 0xFF,
    0xFF, 0xFF, 0xFF, 0xFF, 0xFF, 0xFF, 0xFF, 0xFF, 0xFF, 0xFF, 0xFF, 0xFF, 0xFF, 0xFF, 0xFF, 0xFF,
    0xFF, 0xFF, 0xFF, 0xFF, 0xFF, 0xFF, 0xFF, 0xFF, 0xFF, 0xFF, 0xFF, 0xFF, 0xFF, 0xFF, 0xFF, 0xFF,
    0xFF, 0xFF, 0xFF, 0xFF, 0xFF, 0xFF, 0xFF, 0xFF, 0xFF, 0xFF, 0xFF, 0xFF, 0xFF, 0xFF, 0xFF, 0xFF,
    0xFF, 0xFF, 0xFF, 0xFF, 0xFF, 0xFF, 0xFF, 0xFF, 0xFF, 0xFF, 0xFF, 0xFF, 0xFF, 0xFF, 0xFF, 0xFF,
    0xFF, 0xFF, 0xFF, 0xFF, 0xFF, 0xFF, 0xFF, 0xFF, 0xFF, 0xFF, 0xFF, 0xFF, 0xFF, 0xFF, 0xFF, 0xFF,
    0xFF, 0xFF, 0xFF, 0xFF, 0xFF, 0xFF, 0xFF, 0xFF, 0xFF, 0xFF, 0xFF, 0xFF, 0xFF, 0xFF, 0xFF, 0xFF,
    0xFF, 0xFF, 0xFF, 0xFF, 0xFF, 0xFF, 0xFF, 0xFF, 0xFF, 0xFF, 0xFF, 0xFF, 0xFF, 0xFF, 0xFF, 0xFF,
    0xFF, 0xFF, 0xFF, 0xFF, 0xFF, 0xFF, 0xFF, 0xFF, 0xFF, 0xFF, 0xFF, 0xFF, 0xFF, 0xFF, 0xFF, 0xFF,
    0xFF, 0xFF, 0xFF, 0xFF, 0xFF, 0xFF, 0xFF, 0xFF, 0xFF, 0xFF, 0xFF, 0xFF, 0xFF, 0xFF, 0xFF, 0xFF,
    0xFF, 0xFF, 0xFF, 0xFF, 0xFF, 0xFF, 0xFF, 0xFF, 0xFF, 0xFF, 0xFF, 0xFF, 0xFF, 0xFF, 0xFF, 0xFF,
    0xFF, 0xFF, 0xFF, 0xFF, 0xFF, 0xFF, 0xFF, 0xFF, 0xFF, 0xFF, 0xFF, 0xFF, 0xFF, 0xFF, 0xFF, 0xFF,
    0xFF, 0xFF, 0xFF, 0xFF, 0xFF, 0xFF, 0xFF, 0xFF, 0xFF, 0xFF, 0xFF, 0xFF, 0xFF, 0xFF, 0xFF, 0xFF,
    0xFF, 0xFF, 0xFF, 0xFF, 0xFF, 0xFF, 0xFF, 0xFF, 0xFF, 0xFF, 0xFF, 0xFF, 0xFF, 0xFF, 0xFF, 0xFF,
    0xFF, 0xFF, 0xFF, 0xFF, 0xFF, 0xFF, 0xFF, 0xFF, 0xFF, 0xFF, 0xFF, 0xFF, 0xFF, 0xFF, 0xFF, 0xFF,
    0xFF, 0xFF, 0xFF, 0xFF, 0xFF, 0xFF, 0xFF, 0xFF, 0xFF, 0xFF, 0xFF, 0xFF, 0xFF, 0xFF, 0xFF, 0xFF,
    0xFF, 0xFF, 0xFF, 0xFF, 0xFF, 0xFF, 0xFF, 0xFF, 0xFF, 0xFF, 0xFF, 0xFF, 0xFF, 0xFF, 0xFF, 0xFF,
    0xFF, 0xFF, 0xFF, 0xFF, 0xFF, 0xFF, 0xFF, 0xFF, 0xFF, 0xFF, 0xFF, 0xFF, 0xFF, 0xFF, 0xFF, 0xFF,
    0xFF, 0xFF, 0xFF, 0xFF, 0xFF, 0xFF, 0xFF, 0xFF, 0xFF, 0xFF, 0xFF, 0xFF, 0xFF, 0xFF, 0xFF, 0xFF,
    0xFF, 0xFF, 0xFF, 0xFF, 0xFF, 0xFF, 0xFF, 0xFF, 0xFF, 0xFF, 0xFF, 0xFF, 0xFF, 0xFF, 0xFF, 0xFF,
    0xFF, 0xFF, 0xFF, 0xFF, 0xFF, 0xFF, 0xFF, 0xFF, 0xFF, 0xFF, 0xFF, 0xFF, 0xFF, 0xFF, 0xFF, 0xFF,
    0xFF, 0xFF, 0xFF, 0xFF, 0xFF, 0xFF, 0xFF, 0xFF, 0xFF, 0xFF, 0xFF, 0xFF, 0xFF, 0xFF, 0xFF, 0xFF,
    0xFF, 0xFF, 0xFF, 0xFF, 0xFF, 0xFF, 0xFF, 0xFF, 0xFF, 0xFF, 0xFF, 0xFF, 0xFF, 0xFF, 0xFF, 0xFF,
    0xFF, 0xFF, 0xFF, 0xFF, 0xFF, 0xFF, 0xFF, 0xFF, 0xFF, 0xFF, 0xFF, 0xFF, 0xFF, 0xFF, 0xFF, 0xFF,
    0xFF, 0xFF, 0xFF, 0xFF, 0xFF, 0xFF, 0xFF, 0xFF, 0xFF, 0xFF, 0xFF, 0xFF, 0xFF, 0xFF, 0xFF, 0xFF,
    0xFF, 0xFF, 0xFF, 0xFF, 0xFF, 0xFF, 0xFF, 0xFF, 0xFF, 0xFF, 0xFF, 0xFF, 0xFF, 0xFF, 0xFF, 0xFF,
    0xFF, 0xFF, 0xFF, 0xFF, 0xFF, 0xFF, 0xFF, 0xFF, 0xFF, 0xFF, 0xFF, 0xFF, 0xFF, 0xFF, 0xFF, 0xFF,
    0xFF, 0xFF, 0xFF, 0xFF, 0xFF, 0xFF, 0xFF, 0xFF, 0xFF, 0xFF, 0xFF, 0xFF, 0xFF, 0xFF, 0xFF, 0xFF,
    0xFF, 0xFF, 0xFF, 0xFF, 0xFF, 0xFF, 0xFF, 0xFF, 0xFF, 0xFF, 0xFF, 0xFF, 0xFF, 0xFF, 0xFF, 0xFF,
    0xFF, 0xFF, 0xFF, 0xFF, 0xFF, 0xFF, 0xFF, 0xFF, 0xFF, 0xFF, 0xFF, 0xFF, 0xFF, 0xFF, 0xFF, 0xFF,
    0xFF, 0xFF, 0xFF, 0xFF, 0xFF, 0xFF, 0xFF, 0xFF, 0xFF, 0xFF, 0xFF, 0xFF, 0xFF, 0xFF, 0xFF, 0xFF,
    0xFF, 0xFF, 0xFF, 0xFF, 0xFF, 0xFF, 0xFF, 0xFF, 0xFF, 0xFF, 0xFF, 0xFF, 0xFF, 0xFF, 0xFF, 0xFF,
    0xFF, 0xFF, 0xFF, 0xFF, 0xFF, 0xFF, 0xFF, 0xFF, 0xFF, 0xFF, 0xFF, 0xFF, 0xFF, 0xFF, 0xFF, 0xFF,
    0xFF, 0xFF, 0xFF, 0xFF, 0xFF, 0xFF, 0xFF, 0xFF, 0xFF, 0xFF, 0xFF, 0xFF, 0xFF, 0xFF, 0xFF, 0xFF,
    0xFF, 0xFF, 0xFF, 0xFF, 0xFF, 0xFF, 0xFF, 0xFF, 0xFF, 0xFF, 0xFF, 0xFF, 0xFF, 0xFF, 0xFF, 0xFF,
    0xFF, 0xFF, 0xFF, 0xFF, 0xFF, 0xFF, 0xFF, 0xFF, 0xFF, 0xFF, 0xFF, 0xFF, 0xFF, 0xFF, 0xFF, 0xFF,
    0xFF, 0xFF, 0xFF, 0xFF, 0xFF, 0xFF, 0xFF, 0xFF, 0xFF, 0xFF, 0xFF, 0xFF, 0xFF, 0xFF, 0xFF, 0xFF,
    0xFF, 0xFF, 0xFF, 0xFF, 0xFF, 0xFF, 0xFF, 0xFF, 0xFF, 0xFF, 0xFF, 0xFF, 0xFF, 0xFF, 0xFF, 0xFF,
    0xFF, 0xFF, 0xFF, 0xFF, 0xFF, 0xFF, 0xFF, 0xFF, 0xFF, 0xFF, 0xFF, 0xFF, 0xFF, 0xFF, 0xFF, 0xFF,
    0xFF, 0xFF, 0xFF, 0xFF, 0xFF, 0xFF, 0xFF, 0xFF, 0xFF, 0xFF, 0xFF, 0xFF, 0xFF, 0xFF, 0xFF, 0xFF,
    0xFF, 0xFF, 0xFF, 0xFF, 0xFF, 0xFF, 0xFF, 0xFF, 0xFF, 0xFF, 0xFF, 0xFF, 0xFF, 0xFF, 0xFF, 0xFF,
    0xFF, 0xFF, 0xFF, 0xFF, 0xFF, 0xFF, 0xFF, 0xFF, 0xFF, 0xFF, 0xFF, 0xFF, 0xFF, 0xFF, 0xFF, 0xFF,
    0xFF, 0xFF, 0xFF, 0xFF, 0xFF, 0xFF, 0xFF, 0xFF, 0xFF, 0xFF, 0xFF, 0xFF, 0xFF, 0xFF, 0xFF, 0xFF,
    0xFF, 0xFF, 0xFF, 0xFF, 0xFF, 0xFF, 0xFF, 0xFF, 0xFF, 0xFF, 0xFF, 0xFF, 0xFF, 0xFF, 0xFF, 0xFF,
    0xFF, 0xFF, 0xFF, 0xFF, 0xFF, 0xFF, 0xFF, 0xFF, 0xFF, 0xFF, 0xFF, 0xFF, 0xFF, 0xFF, 0xFF, 0xFF,
    0xFF, 0xFF, 0xFF, 0xFF, 0xFF, 0xFF, 0xFF, 0xFF, 0xFF, 0xFF, 0xFF, 0xFF, 0xFF, 0xFF, 0xFF, 0xFF,
    0xFF, 0xFF, 0xFF, 0xFF, 0xFF, 0xFF, 0xFF, 0xFF, 0xFF, 0xFF, 0xFF, 0xFF, 0xFF, 0xFF, 0xFF, 0xFF,
    0xFF, 0xFF, 0xFF, 0xFF, 0xFF, 0xFF, 0xFF, 0xFF, 0xFF, 0xFF, 0xFF, 0xFF, 0xFF, 0xFF, 0xFF, 0xFF,
    0xFF, 0xFF, 0xFF, 0xFF, 0xFF, 0xFF, 0xFF, 0xFF, 0xFF, 0xFF, 0xFF, 0xFF, 0xFF, 0xFF, 0xFF, 0xFF,
    0xFF, 0xFF, 0xFF, 0xFF, 0xFF, 0xFF, 0xFF, 0xFF, 0xFF, 0xFF, 0xFF, 0xFF, 0xFF, 0xFF, 0xFF, 0xFF,
    0xFF, 0xFF, 0xFF, 0xFF, 0xFF, 0xFF, 0xFF, 0xFF, 0xFF, 0xFF, 0xFF, 0xFF, 0xFF, 0xFF, 0xFF, 0xFF,
    0xFF, 0xFF, 0xFF, 0xFF, 0xFF, 0xFF, 0xFF, 0xFF, 0xFF, 0xFF, 0xFF, 0xFF, 0xFF, 0xFF, 0xFF, 0xFF,
    0xFF, 0xFF, 0xFF, 0xFF, 0xFF, 0xFF, 0xFF, 0xFF, 0xFF, 0xFF, 0xFF, 0xFF, 0xFF, 0xFF, 0xFF, 0xFF,
    0xFF, 0xFF, 0xFF, 0xFF, 0xFF, 0xFF, 0xFF, 0xFF, 0xFF, 0xFF, 0xFF, 0xFF, 0xFF, 0xFF, 0xFF, 0xFF,
    0xFF, 0xFF, 0xFF, 0xFF, 0xFF, 0xFF, 0xFF, 0xFF, 0xFF, 0xFF, 0xFF, 0xFF, 0xFF, 0xFF, 0xFF, 0xFF,
    0xFF, 0xFF, 0xFF, 0xFF, 0xFF, 0xFF, 0xFF, 0xFF, 0xFF, 0xFF, 0xFF, 0xFF, 0xFF, 0xFF, 0xFF, 0xFF,
    0xFF, 0xFF, 0xFF, 0xFF, 0xFF, 0xFF, 0xFF, 0xFF, 0xFF, 0xFF, 0xFF, 0xFF, 0xFF, 0xFF, 0xFF, 0xFF,
    0xFF, 0xFF, 0xFF, 0xFF, 0xFF, 0xFF, 0xFF, 0xFF, 0xFF, 0xFF, 0xFF, 0xFF, 0xFF, 0xFF, 0xFF, 0xFF,
    0xFF, 0xFF, 0xFF, 0xFF, 0xFF, 0xFF, 0xFF, 0xFF, 0xFF, 0xFF, 0xFF, 0xFF, 0xFF, 0xFF, 0xFF, 0xFF,
    0xFF, 0xFF, 0xFF, 0xFF, 0xFF, 0xFF, 0xFF, 0xFF, 0xFF, 0xFF, 0xFF, 0xFF, 0xFF, 0xFF, 0xFF, 0xFF,
    0xFF, 0xFF, 0xFF, 0xFF, 0xFF, 0xFF, 0xFF, 0xFF, 0xFF, 0xFF, 0xFF, 0xFF, 0xFF, 0xFF, 0xFF, 0xFF,
    0xFF, 0xFF, 0xFF, 0xFF, 0xFF, 0xFF, 0xFF, 0xFF, 0xFF, 0xFF, 0xFF, 0xFF, 0xFF, 0xFF, 0xFF, 0xFF,
    0xFF, 0xFF, 0xFF, 0xFF, 0xFF, 0xFF, 0xFF, 0xFF, 0xFF, 0xFF, 0xFF, 0xFF, 0xFF, 0xFF, 0xFF, 0xFF,
    0xFF, 0xFF, 0xFF, 0xFF, 0xFF, 0xFF, 0xFF, 0xFF, 0xFF, 0xFF, 0xFF, 0xFF, 0xFF, 0xFF, 0xFF, 0xFF,
    0xFF, 0xFF, 0xFF, 0xFF, 0xFF, 0xFF, 0xFF, 0xFF, 0xFF, 0xFF, 0xFF, 0xFF, 0xFF, 0xFF, 0xFF, 0xFF,
    0xFF, 0xFF, 0xFF, 0xFF, 0xFF, 0xFF, 0xFF, 0xFF, 0xFF, 0xFF, 0xFF, 0xFF, 0xFF, 0xFF, 0xFF, 0xFF,
    0xFF, 0xFF, 0xFF, 0xFF, 0xFF, 0xFF, 0xFF, 0xFF, 0xFF, 0xFF, 0xFF, 0xFF, 0xFF, 0xFF, 0xFF, 0xFF,
    0xFF, 0xFF, 0xFF, 0xFF, 0xFF, 0xFF, 0xFF, 0xFF, 0xFF, 0xFF, 0xFF, 0xFF, 0xFF, 0xFF, 0xFF, 0xFF,
    0xFF, 0xFF, 0xFF, 0xFF, 0xFF, 0xFF, 0xFF, 0xFF, 0xFF, 0xFF, 0xFF, 0xFF, 0xFF, 0xFF, 0xFF, 0xFF,
    0xFF, 0xFF, 0xFF, 0xFF, 0xFF, 0xFF, 0xFF, 0xFF, 0xFF, 0xFF, 0xFF, 0xFF, 0xFF, 0xFF, 0xFF, 0xFF,
    0xFF, 0xFF, 0xFF, 0xFF, 0xFF, 0xFF, 0xFF, 0xFF, 0xFF, 0xFF, 0xFF, 0xFF, 0xFF, 0xFF, 0xFF, 0xFF,
    0xFF, 0xFF, 0xFF, 0xFF, 0xFF, 0xFF, 0xFF, 0xFF, 0xFF, 0xFF, 0xFF, 0xFF, 0xFF, 0xFF, 0xFF, 0xFF,
    0xFF, 0xFF, 0xFF, 0xFF, 0xFF, 0xFF, 0xFF, 0xFF, 0xFF, 0xFF, 0xFF, 0xFF, 0xFF, 0xFF, 0xFF, 0xFF,
    0xFF, 0xFF, 0xFF, 0xFF, 0xFF, 0xFF, 0xFF, 0xFF, 0xFF, 0xFF, 0xFF, 0xFF, 0xFF, 0xFF, 0xFF, 0xFF,
    0xFF, 0xFF, 0xFF, 0xFF, 0xFF, 0xFF, 0xFF, 0xFF, 0xFF, 0xFF, 0xFF, 0xFF, 0xFF, 0xFF, 0xFF, 0xFF,
    0xFF, 0xFF, 0xFF, 0xFF, 0xFF, 0xFF, 0xFF, 0xFF, 0xFF, 0xFF, 0xFF, 0xFF, 0xFF, 0xFF, 0xFF, 0xFF,
    0xFF, 0xFF, 0xFF, 0xFF, 0xFF, 0xFF, 0xFF, 0xFF, 0xFF, 0xFF, 0xFF, 0xFF, 0xFF, 0xFF, 0xFF, 0xFF,
    0xFF, 0xFF, 0xFF, 0xFF, 0xFF, 0xFF, 0xFF, 0xFF, 0xFF, 0xFF, 0xFF, 0xFF, 0xFF, 0xFF, 0xFF, 0xFF,
    0xFF, 0xFF, 0xFF, 0xFF, 0xFF, 0xFF, 0xFF, 0xFF, 0xFF, 0xFF, 0xFF, 0xFF, 0xFF, 0xFF, 0xFF, 0xFF,
    0xFF, 0xFF, 0xFF, 0xFF, 0xFF, 0xFF, 0xFF, 0xFF, 0xFF, 0xFF, 0xFF, 0xFF, 0xFF, 0xFF, 0xFF, 0xFF,
    0xFF, 0xFF, 0xFF, 0xFF, 0xFF, 0xFF, 0xFF, 0xFF, 0xFF, 0xFF, 0xFF, 0xFF, 0xFF, 0xFF, 0xFF, 0xFF,
    0xFF, 0xFF, 0xFF, 0xFF, 0xFF, 0xFF, 0xFF, 0xFF, 0xFF, 0xFF, 0xFF, 0xFF, 0xFF, 0xFF, 0xFF, 0xFF,
    0xFF, 0xFF, 0xFF, 0xFF, 0xFF, 0xFF, 0xFF, 0xFF, 0xFF, 0xFF, 0xFF, 0xFF, 0xFF, 0xFF, 0xFF, 0xFF,
    0xFF, 0xFF, 0xFF, 0xFF, 0xFF, 0xFF, 0xFF, 0xFF, 0xFF, 0xFF, 0xFF, 0xFF, 0xFF, 0xFF, 0xFF, 0xFF,
    0xFF, 0xFF, 0xFF, 0xFF, 0xFF, 0xFF, 0xFF, 0xFF, 0xFF, 0xFF, 0xFF, 0xFF, 0xFF, 0xFF, 0xFF, 0xFF,
    0xFF, 0xFF, 0xFF, 0xFF, 0xFF, 0xFF, 0xFF, 0xFF, 0xFF, 0xFF, 0xFF, 0xFF, 0xFF, 0xFF, 0xFF, 0xFF,
    0xFF, 0xFF, 0xFF, 0xFF, 0xFF, 0xFF, 0xFF, 0xFF, 0xFF, 0xFF, 0xFF, 0xFF, 0xFF, 0xFF, 0xFF, 0xFF,
    0xFF, 0xFF, 0xFF, 0xFF, 0xFF, 0xFF, 0xFF, 0xFF, 0xFF, 0xFF, 0xFF, 0xFF, 0xFF, 0xFF, 0xFF, 0xFF,
    0xFF, 0xFF, 0xFF, 0xFF, 0xFF, 0xFF, 0xFF, 0xFF, 0xFF, 0xFF, 0xFF, 0xFF, 0xFF, 0xFF, 0xFF, 0xFF,
    0xFF, 0xFF, 0xFF, 0xFF, 0xFF, 0xFF, 0xFF, 0xFF, 0xFF, 0xFF, 0xFF, 0xFF, 0xFF, 0xFF, 0xFF, 0xFF,
    0xFF, 0xFF, 0xFF, 0xFF, 0xFF, 0xFF, 0xFF, 0xFF, 0xFF, 0xFF, 0xFF, 0xFF, 0xFF, 0xFF, 0xFF, 0xFF,
    0xFF, 0xFF, 0xFF, 0xFF, 0xFF, 0xFF, 0xFF, 0xFF, 0xFF, 0xFF, 0xFF, 0xFF, 0xFF, 0xFF, 0xFF, 0xFF,
    0xFF, 0xFF, 0xFF, 0xFF, 0xFF, 0xFF, 0xFF, 0xFF, 0xFF, 0xFF, 0xFF, 0xFF, 0xFF, 0xFF, 0xFF, 0xFF,
    0xFF, 0xFF, 0xFF, 0xFF, 0xFF, 0xFF, 0xFF, 0xFF, 0xFF, 0xFF, 0xFF, 0xFF, 0xFF, 0xFF, 0xFF, 0xFF,
    0xFF, 0xFF, 0xFF, 0xFF, 0xFF, 0xFF, 0xFF, 0xFF, 0xFF, 0xFF, 0xFF, 0xFF, 0xFF, 0xFF, 0xFF, 0xFF,
    0xFF, 0xFF, 0xFF, 0xFF, 0xFF, 0xFF, 0xFF, 0xFF, 0xFF, 0xFF, 0xFF, 0xFF, 0xFF, 0xFF, 0xFF, 0xFF,
    0xFF, 0xFF, 0xFF, 0xFF, 0xFF, 0xFF, 0xFF, 0xFF, 0xFF, 0xFF, 0xFF, 0xFF, 0xFF, 0xFF, 0xFF, 0xFF,
    0xFF, 0xFF, 0xFF, 0xFF, 0xFF, 0xFF, 0xFF, 0xFF, 0xFF, 0xFF, 0xFF, 0xFF, 0xFF, 0xFF, 0xFF, 0xFF,
    0xFF, 0xFF, 0xFF, 0xFF, 0xFF, 0xFF, 0xFF, 0xFF, 0xFF, 0xFF, 0xFF, 0xFF, 0xFF, 0xFF, 0xFF, 0xFF,
    0xFF, 0xFF, 0xFF, 0xFF, 0xFF, 0xFF, 0xFF, 0xFF, 0xFF, 0xFF, 0xFF, 0xFF, 0xFF, 0xFF, 0xFF, 0xFF,
    0xFF, 0xFF, 0xFF, 0xFF, 0xFF, 0xFF, 0xFF, 0xFF, 0xFF, 0xFF, 0xFF, 0xFF, 0xFF, 0xFF, 0xFF, 0xFF,
    0xFF, 0xFF, 0xFF, 0xFF, 0xFF, 0xFF, 0xFF, 0xFF, 0xFF, 0xFF, 0xFF, 0xFF, 0xFF, 0xFF, 0xFF, 0xFF,
    0xFF, 0xFF, 0xFF, 0xFF, 0xFF, 0xFF, 0xFF, 0xFF, 0xFF, 0xFF, 0xFF, 0xFF, 0xFF, 0xFF, 0xFF, 0xFF,
    0xFF, 0xFF, 0xFF, 0xFF, 0xFF, 0xFF, 0xFF, 0xFF, 0xFF, 0xFF, 0xFF, 0xFF, 0xFF, 0xFF, 0xFF, 0xFF,
    0xFF, 0xFF, 0xFF, 0xFF, 0xFF, 0xFF, 0xFF, 0xFF, 0xFF, 0xFF, 0xFF, 0xFF, 0xFF, 0xFF, 0xFF, 0xFF,
    0xFF, 0xFF, 0xFF, 0xFF, 0xFF, 0xFF, 0xFF, 0xFF, 0xFF, 0xFF, 0xFF, 0xFF, 0xFF, 0xFF, 0xFF, 0xFF,
    0xFF, 0xFF, 0xFF, 0xFF, 0xFF, 0xFF, 0xFF, 0xFF, 0xFF, 0xFF, 0xFF, 0xFF, 0xFF, 0xFF, 0xFF, 0xFF,
    0xFF, 0xFF, 0xFF, 0xFF, 0xFF, 0xFF, 0xFF, 0xFF, 0xFF, 0xFF, 0xFF, 0xFF, 0xFF, 0xFF, 0xFF, 0xFF,
    0xFF, 0xFF, 0xFF, 0xFF, 0xFF, 0xFF, 0xFF, 0xFF, 0xFF, 0xFF, 0xFF, 0xFF, 0xFF, 0xFF, 0xFF, 0xFF,
    0xFF, 0xFF, 0xFF, 0xFF, 0xFF, 0xFF, 0xFF, 0xFF, 0xFF, 0xFF, 0xFF, 0xFF, 0xFF, 0xFF, 0xFF, 0xFF,
    0xFF, 0xFF, 0xFF, 0xFF, 0xFF, 0xFF, 0xFF, 0xFF, 0xFF, 0xFF, 0xFF, 0xFF, 0xFF, 0xFF, 0xFF, 0xFF,
    0xFF, 0xFF, 0xFF, 0xFF, 0xFF, 0xFF, 0xFF, 0xFF, 0xFF, 0xFF, 0xFF, 0xFF, 0xFF, 0xFF, 0xFF, 0xFF,
    0xFF, 0xFF, 0xFF, 0xFF, 0xFF, 0xFF, 0xFF, 0xFF, 0xFF, 0xFF, 0xFF, 0xFF, 0xFF, 0xFF, 0xFF, 0xFF,
    0xFF, 0xFF, 0xFF, 0xFF, 0xFF, 0xFF, 0xFF, 0xFF, 0xFF, 0xFF, 0xFF, 0xFF, 0xFF, 0xFF, 0xFF, 0xFF,
    0xFF, 0xFF, 0xFF, 0xFF, 0xFF, 0xFF, 0xFF, 0xFF, 0xFF, 0xFF, 0xFF, 0xFF, 0xFF, 0xFF, 0xFF, 0xFF,
    0xFF, 0xFF, 0xFF, 0xFF, 0xFF, 0xFF, 0xFF, 0xFF, 0xFF, 0xFF, 0xFF, 0xFF, 0xFF, 0xFF, 0xFF, 0xFF,
    0xFF, 0xFF, 0xFF, 0xFF, 0xFF, 0xFF, 0xFF, 0xFF, 0xFF, 0xFF, 0xFF, 0xFF, 0xFF, 0xFF, 0xFF, 0xFF,
    0xFF, 0xFF, 0xFF, 0xFF, 0xFF, 0xFF, 0xFF, 0xFF, 0xFF, 0xFF, 0xFF, 0xFF, 0xFF, 0xFF, 0xFF, 0xFF,
    0xFF, 0xFF, 0xFF, 0xFF, 0xFF, 0xFF, 0xFF, 0xFF, 0xFF, 0xFF, 0xFF, 0xFF, 0xFF, 0xFF, 0xFF, 0xFF,
    0xFF, 0xFF, 0xFF, 0xFF, 0xFF, 0xFF, 0xFF, 0xFF, 0xFF, 0xFF, 0xFF, 0xFF, 0xFF, 0xFF, 0xFF, 0xFF,
    0xFF, 0xFF, 0xFF, 0xFF, 0xFF, 0xFF, 0xFF, 0xFF, 0xFF, 0xFF, 0xFF, 0xFF, 0xFF, 0xFF, 0xFF, 0xFF,
    0xFF, 0xFF, 0xFF, 0xFF, 0xFF, 0xFF, 0xFF, 0xFF, 0xFF, 0xFF, 0xFF, 0xFF, 0xFF, 0xFF, 0xFF, 0xFF,
    0xFF, 0xFF, 0xFF, 0xFF, 0xFF, 0xFF, 0xFF, 0xFF, 0xFF, 0xFF, 0xFF, 0xFF, 0xFF, 0xFF, 0xFF, 0xFF,
    0xFF, 0xFF, 0xFF, 0xFF, 0xFF, 0xFF, 0xFF, 0xFF, 0xFF, 0xFF, 0xFF, 0xFF, 0xFF, 0xFF, 0xFF, 0xFF,
    0xFF, 0xFF, 0xFF, 0xFF, 0xFF, 0xFF, 0xFF, 0xFF, 0xFF, 0xFF, 0xFF, 0xFF, 0xFF, 0xFF, 0xFF, 0xFF,
    0xFF, 0xFF, 0xFF, 0xFF, 0xFF, 0xFF, 0xFF, 0xFF, 0xFF, 0xFF, 0xFF, 0xFF, 0xFF, 0xFF, 0xFF, 0xFF,
    0xFF, 0xFF, 0xFF, 0xFF, 0xFF, 0xFF, 0xFF, 0xFF, 0xFF, 0xFF, 0xFF, 0xFF, 0xFF, 0xFF, 0xFF, 0xFF,
    0xFF, 0xFF, 0xFF, 0xFF, 0xFF, 0xFF, 0xFF, 0xFF, 0xFF, 0xFF, 0xFF, 0xFF, 0xFF, 0xFF, 0xFF, 0xFF,
    0xFF, 0xFF, 0xFF, 0xFF, 0xFF, 0xFF, 0xFF, 0xFF, 0xFF, 0xFF, 0xFF, 0xFF, 0xFF, 0xFF, 0xFF, 0xFF,
    0xFF, 0xFF, 0xFF, 0xFF, 0xFF, 0xFF, 0xFF, 0xFF, 0xFF, 0xFF, 0xFF, 0xFF, 0xFF, 0xFF, 0xFF, 0xFF,
    0xFF, 0xFF, 0xFF, 0xFF, 0xFF, 0xFF, 0xFF, 0xFF, 0xFF, 0xFF, 0xFF, 0xFF, 0xFF, 0xFF, 0xFF, 0xFF,
    0xFF, 0xFF, 0xFF, 0xFF, 0xFF, 0xFF, 0xFF, 0xFF, 0xFF, 0xFF, 0xFF, 0xFF, 0xFF, 0xFF, 0xFF, 0xFF,
    0xFF, 0xFF, 0xFF, 0xFF, 0xFF, 0xFF, 0xFF, 0xFF, 0xFF, 0xFF, 0xFF, 0xFF, 0xFF, 0xFF, 0xFF, 0xFF,
    0xFF, 0xFF, 0xFF, 0xFF, 0xFF, 0xFF, 0xFF, 0xFF, 0xFF, 0xFF, 0xFF, 0xFF, 0xFF, 0xFF, 0xFF, 0xFF,
    0xFF, 0xFF, 0xFF, 0xFF, 0xFF, 0xFF, 0xFF, 0xFF, 0xFF, 0xFF, 0xFF, 0xFF, 0xFF, 0xFF, 0xFF, 0xFF,
    0xFF, 0xFF, 0xFF, 0xFF, 0xFF, 0xFF, 0xFF, 0xFF, 0xFF, 0xFF, 0xFF, 0xFF, 0xFF, 0xFF, 0xFF, 0xFF,
    0xFF, 0xFF, 0xFF, 0xFF, 0xFF, 0xFF, 0xFF, 0xFF, 0xFF, 0xFF, 0xFF, 0xFF, 0xFF, 0xFF, 0xFF, 0xFF,
    0xFF, 0xFF, 0xFF, 0xFF, 0xFF, 0xFF, 0xFF, 0xFF, 0xFF, 0xFF, 0xFF, 0xFF, 0xFF, 0xFF, 0xFF, 0xFF,
    0xFF, 0xFF, 0xFF, 0xFF, 0xFF, 0xFF, 0xFF, 0xFF, 0xFF, 0xFF, 0xFF, 0xFF, 0xFF, 0xFF, 0xFF, 0xFF,
    0xFF, 0xFF, 0xFF, 0xFF, 0xFF, 0xFF, 0xFF, 0xFF, 0xFF, 0xFF, 0xFF, 0xFF, 0xFF, 0xFF, 0xFF, 0xFF,
    0xFF, 0xFF, 0xFF, 0xFF, 0xFF, 0xFF, 0xFF, 0xFF, 0xFF, 0xFF, 0xFF, 0xFF, 0xFF, 0xFF, 0xFF, 0xFF,
    0xFF, 0xFF, 0xFF, 0xFF, 0xFF, 0xFF, 0xFF, 0xFF, 0xFF, 0xFF, 0xFF, 0xFF, 0xFF, 0xFF, 0xFF, 0xFF,
    0xFF, 0xFF, 0xFF, 0xFF, 0xFF, 0xFF, 0xFF, 0xFF, 0xFF, 0xFF, 0xFF, 0xFF, 0xFF, 0xFF, 0xFF, 0xFF,
    0xFF, 0xFF, 0xFF, 0xFF, 0xFF, 0xFF, 0xFF, 0xFF, 0xFF, 0xFF, 0xFF, 0xFF, 0xFF, 0xFF, 0xFF, 0xFF,
    0xFF, 0xFF, 0xFF, 0xFF, 0xFF, 0xFF, 0xFF, 0xFF, 0xFF, 0xFF, 0xFF, 0xFF, 0xFF, 0xFF, 0xFF, 0xFF,
    0xFF, 0xFF, 0xFF, 0xFF, 0xFF, 0xFF, 0xFF, 0xFF, 0xFF, 0xFF, 0xFF, 0xFF, 0xFF, 0xFF, 0xFF, 0xFF,
    0xFF, 0xFF, 0xFF, 0xFF, 0xFF, 0xFF, 0xFF, 0xFF, 0xFF, 0xFF, 0xFF, 0xFF, 0xFF, 0xFF, 0xFF, 0xFF,
    0xFF, 0xFF, 0xFF, 0xFF, 0xFF, 0xFF, 0xFF, 0xFF, 0xFF, 0xFF, 0xFF, 0xFF, 0xFF, 0xFF, 0xFF, 0xFF,
    0xFF, 0xFF, 0xFF, 0xFF, 0xFF, 0xFF, 0xFF, 0xFF, 0xFF, 0xFF, 0xFF, 0xFF, 0xFF, 0xFF, 0xFF, 0xFF,
    0xFF, 0xFF, 0xFF, 0xFF, 0xFF, 0xFF, 0xFF, 0xFF, 0xFF, 0xFF, 0xFF, 0xFF, 0xFF, 0xFF, 0xFF, 0xFF,
    0xFF, 0xFF, 0xFF, 0xFF, 0xFF, 0xFF, 0xFF, 0xFF, 0xFF, 0xFF, 0xFF, 0xFF, 0xFF, 0xFF, 0xFF, 0xFF,
    0xFF, 0xFF, 0xFF, 0xFF, 0xFF, 0xFF, 0xFF, 0xFF, 0xFF, 0xFF, 0xFF, 0xFF, 0xFF, 0xFF, 0xFF, 0xFF,
    0xFF, 0xFF, 0xFF, 0xFF, 0xFF, 0xFF, 0xFF, 0xFF, 0xFF, 0xFF, 0xFF, 0xFF, 0xFF, 0xFF, 0xFF, 0xFF,
    0xFF, 0xFF, 0xFF, 0xFF, 0xFF, 0xFF, 0xFF, 0xFF, 0xFF, 0xFF, 0xFF, 0xFF, 0xFF, 0xFF, 0xFF, 0xFF,
    0xFF, 0xFF, 0xFF, 0xFF, 0xFF, 0xFF, 0xFF, 0xFF, 0xFF, 0xFF, 0xFF, 0xFF, 0xFF, 0xFF, 0xFF, 0xFF,
    0xFF, 0xFF, 0xFF, 0xFF, 0xFF, 0xFF, 0xFF, 0xFF, 0xFF, 0xFF, 0xFF, 0xFF, 0xFF, 0xFF, 0xFF, 0xFF,
    0xFF, 0xFF, 0xFF, 0xFF, 0xFF, 0xFF, 0xFF, 0xFF, 0xFF, 0xFF, 0xFF, 0xFF, 0xFF, 0xFF, 0xFF, 0xFF,
    0xFF, 0xFF, 0xFF, 0xFF, 0xFF, 0xFF, 0xFF, 0xFF, 0xFF, 0xFF, 0xFF, 0xFF, 0xFF, 0xFF, 0xFF, 0xFF,
    0xFF, 0xFF, 0xFF, 0xFF, 0xFF, 0xFF, 0xFF, 0xFF, 0xFF, 0xFF, 0xFF, 0xFF, 0xFF, 0xFF, 0xFF, 0xFF,
    0xFF, 0xFF, 0xFF, 0xFF, 0xFF, 0xFF, 0xFF, 0xFF, 0xFF, 0xFF, 0xFF, 0xFF, 0xFF, 0xFF, 0xFF, 0xFF,
    0xFF, 0xFF, 0xFF, 0xFF, 0xFF, 0xFF, 0xFF, 0xFF, 0xFF, 0xFF, 0xFF, 0xFF, 0xFF, 0xFF, 0xFF, 0xFF,
    0xFF, 0xFF, 0xFF, 0xFF, 0xFF, 0xFF, 0xFF, 0xFF, 0xFF, 0xFF, 0xFF, 0xFF, 0xFF, 0xFF, 0xFF, 0xFF,
    0xFF, 0xFF, 0xFF, 0xFF, 0xFF, 0xFF, 0xFF, 0xFF, 0xFF, 0xFF, 0xFF, 0xFF, 0xFF, 0xFF, 0xFF, 0xFF,
    0xFF, 0xFF, 0xFF, 0xFF, 0xFF, 0xFF, 0xFF, 0xFF, 0xFF, 0xFF, 0xFF, 0xFF, 0xFF, 0xFF, 0xFF, 0xFF,
    0xFF, 0xFF, 0xFF, 0xFF, 0xFF, 0xFF, 0xFF, 0xFF, 0xFF, 0xFF, 0xFF, 0xFF, 0xFF, 0xFF, 0xFF, 0xFF,
    0xFF, 0xFF, 0xFF, 0xFF, 0xFF, 0xFF, 0xFF, 0xFF, 0xFF, 0xFF, 0xFF, 0xFF, 0xFF, 0xFF, 0xFF, 0xFF,
    0xFF, 0xFF, 0xFF, 0xFF, 0xFF, 0xFF, 0xFF, 0xFF, 0xFF, 0xFF, 0xFF, 0xFF, 0xFF, 0xFF, 0xFF, 0xFF,
    0xFF, 0xFF, 0xFF, 0xFF, 0xFF, 0xFF, 0xFF, 0xFF, 0xFF, 0xFF, 0xFF, 0xFF, 0xFF, 0xFF, 0xFF, 0xFF,
    0xFF, 0xFF, 0xFF, 0xFF, 0xFF, 0xFF, 0xFF, 0xFF, 0xFF, 0xFF, 0xFF, 0xFF, 0xFF, 0xFF, 0xFF, 0xFF,
    0xFF, 0xFF, 0xFF, 0xFF, 0xFF, 0xFF, 0xFF, 0xFF, 0xFF, 0xFF, 0xFF, 0xFF, 0xFF, 0xFF, 0xFF, 0xFF,
    0xFF, 0xFF, 0xFF, 0xFF, 0xFF, 0xFF, 0xFF, 0xFF, 0xFF, 0xFF, 0xFF, 0xFF, 0xFF, 0xFF, 0xFF, 0xFF,
    0xFF, 0xFF, 0xFF, 0xFF, 0xFF, 0xFF, 0xFF, 0xFF, 0xFF, 0xFF, 0xFF, 0xFF, 0xFF, 0xFF, 0xFF, 0xFF,
    0xFF, 0xFF, 0xFF, 0xFF, 0xFF, 0xFF, 0xFF, 0xFF, 0xFF, 0xFF, 0xFF, 0xFF, 0xFF, 0xFF, 0xFF, 0xFF,
    0xFF, 0xFF, 0xFF, 0xFF, 0xFF, 0xFF, 0xFF, 0xFF, 0xFF, 0xFF, 0xFF, 0xFF, 0xFF, 0xFF, 0xFF, 0xFF,
    0xFF, 0xFF, 0xFF, 0xFF, 0xFF, 0xFF, 0xFF, 0xFF, 0xFF, 0xFF, 0xFF, 0xFF, 0xFF, 0xFF, 0xFF, 0xFF,
    0xFF, 0xFF, 0xFF, 0xFF, 0xFF, 0xFF, 0xFF, 0xFF, 0xFF, 0xFF, 0xFF, 0xFF, 0xFF, 0xFF, 0xFF, 0xFF,
    0xFF, 0xFF, 0xFF, 0xFF, 0xFF, 0xFF, 0xFF, 0xFF, 0xFF, 0xFF, 0xFF, 0xFF, 0xFF, 0xFF, 0xFF, 0xFF,
    0xFF, 0xFF, 0xFF, 0xFF, 0xFF, 0xFF, 0xFF, 0xFF, 0xFF, 0xFF, 0xFF, 0xFF, 0xFF, 0xFF, 0xFF, 0xFF,
    0xFF, 0xFF, 0xFF, 0xFF, 0xFF, 0xFF, 0xFF, 0xFF, 0xFF, 0xFF, 0xFF, 0xFF, 0xFF, 0xFF, 0xFF, 0xFF,
    0xFF, 0xFF, 0xFF, 0xFF, 0xFF, 0xFF, 0xFF, 0xFF, 0xFF, 0xFF, 0xFF, 0xFF, 0xFF, 0xFF, 0xFF, 0xFF,
    0xFF, 0xFF, 0xFF, 0xFF, 0xFF, 0xFF, 0xFF, 0xFF, 0xFF, 0xFF, 0xFF, 0xFF, 0xFF, 0xFF, 0xFF, 0xFF,
    0xFF, 0xFF, 0xFF, 0xFF, 0xFF, 0xFF, 0xFF, 0xFF, 0xFF, 0xFF, 0xFF, 0xFF, 0xFF, 0xFF, 0xFF, 0xFF,
    0xFF, 0xFF, 0xFF, 0xFF, 0xFF, 0xFF, 0xFF, 0xFF, 0xFF, 0xFF, 0xFF, 0xFF, 0xFF, 0xFF, 0xFF, 0xFF,
    0xFF, 0xFF, 0xFF, 0xFF, 0xFF, 0xFF, 0xFF, 0xFF, 0xFF, 0xFF, 0xFF, 0xFF, 0xFF, 0xFF, 0xFF, 0xFF,
    0xFF, 0xFF, 0xFF, 0xFF, 0xFF, 0xFF, 0xFF, 0xFF, 0xFF, 0xFF, 0xFF, 0xFF, 0xFF, 0xFF, 0xFF, 0xFF,
    0xFF, 0xFF, 0xFF, 0xFF, 0xFF, 0xFF, 0xFF, 0xFF, 0xFF, 0xFF, 0xFF, 0xFF, 0xFF, 0xFF, 0xFF, 0xFF,
    0xFF, 0xFF, 0xFF, 0xFF, 0xFF, 0xFF, 0xFF, 0xFF, 0xFF, 0xFF, 0xFF, 0xFF, 0xFF, 0xFF, 0xFF, 0xFF,
    0xFF, 0xFF, 0xFF, 0xFF, 0xFF, 0xFF, 0xFF, 0xFF, 0xFF, 0xFF, 0xFF, 0xFF, 0xFF, 0xFF, 0xFF, 0xFF,
    0xFF, 0xFF, 0xFF, 0xFF, 0xFF, 0xFF, 0xFF, 0xFF, 0xFF, 0xFF, 0xFF, 0xFF, 0xFF, 0xFF, 0xFF, 0xFF,
    0xFF, 0xFF, 0xFF, 0xFF, 0xFF, 0xFF, 0xFF, 0xFF, 0xFF, 0xFF, 0xFF, 0xFF, 0xFF, 0xFF, 0xFF, 0xFF,
    0xFF, 0xFF, 0xFF, 0xFF, 0xFF, 0xFF, 0xFF, 0xFF, 0xFF, 0xFF, 0xFF, 0xFF, 0xFF, 0xFF, 0xFF, 0xFF,
    0xFF, 0xFF, 0xFF, 0xFF, 0xFF, 0xFF, 0xFF, 0xFF, 0xFF, 0xFF, 0xFF, 0xFF, 0xFF, 0xFF, 0xFF, 0xFF,
    0xFF, 0xFF, 0xFF, 0xFF, 0xFF, 0xFF, 0xFF, 0xFF, 0xFF, 0xFF, 0xFF, 0xFF, 0xFF, 0xFF, 0xFF, 0xFF,
    0xFF, 0xFF, 0xFF, 0xFF, 0xFF, 0xFF, 0xFF, 0xFF, 0xFF, 0xFF, 0xFF, 0xFF, 0xFF, 0xFF, 0xFF, 0xFF,
    0xFF, 0xFF, 0xFF, 0xFF, 0xFF, 0xFF, 0xFF, 0xFF, 0xFF, 0xFF, 0xFF, 0xFF, 0xFF, 0xFF, 0xFF, 0xFF,
    0xFF, 0xFF, 0xFF, 0xFF, 0xFF, 0xFF, 0xFF, 0xFF, 0xFF, 0xFF, 0xFF, 0xFF, 0xFF, 0xFF, 0xFF, 0xFF,
    0xFF, 0xFF, 0xFF, 0xFF, 0xFF, 0xFF, 0xFF, 0xFF, 0xFF, 0xFF, 0xFF, 0xFF, 0xFF, 0xFF, 0xFF, 0xFF,
    0xFF, 0xFF, 0xFF, 0xFF, 0xFF, 0xFF, 0xFF, 0xFF, 0xFF, 0xFF, 0xFF, 0xFF, 0xFF, 0xFF, 0xFF, 0xFF,
    0xFF, 0xFF, 0xFF, 0xFF, 0xFF, 0xFF, 0xFF, 0xFF, 0xFF, 0xFF, 0xFF, 0xFF, 0xFF, 0xFF, 0xFF, 0xFF,
    0xFF, 0xFF, 0xFF, 0xFF, 0xFF, 0xFF, 0xFF, 0xFF, 0xFF, 0xFF, 0xFF, 0xFF, 0xFF, 0xFF, 0xFF, 0xFF,
    0xFF, 0xFF, 0xFF, 0xFF, 0xFF, 0xFF, 0xFF, 0xFF, 0xFF, 0xFF, 0xFF, 0xFF, 0xFF, 0xFF, 0xFF, 0xFF,
    0xFF, 0xFF, 0xFF, 0xFF, 0xFF, 0xFF, 0xFF, 0xFF, 0xFF, 0xFF, 0xFF, 0xFF, 0xFF, 0xFF, 0xFF, 0xFF,
    0xFF, 0xFF, 0xFF, 0xFF, 0xFF, 0xFF, 0xFF, 0xFF, 0xFF, 0xFF, 0xFF, 0xFF, 0xFF, 0xFF, 0xFF, 0xFF,
    0xFF, 0xFF, 0xFF, 0xFF, 0xFF, 0xFF, 0xFF, 0xFF, 0xFF, 0xFF, 0xFF, 0xFF, 0xFF, 0xFF, 0xFF, 0xFF,
    0xFF, 0xFF, 0xFF, 0xFF, 0xFF, 0xFF, 0xFF, 0xFF, 0xFF, 0xFF, 0xFF, 0xFF, 0xFF, 0xFF, 0xFF, 0xFF,
    0xFF, 0xFF, 0xFF, 0xFF, 0xFF, 0xFF, 0xFF, 0xFF, 0xFF, 0xFF, 0xFF, 0xFF, 0xFF, 0xFF, 0xFF, 0xFF,
    0xFF, 0xFF, 0xFF, 0xFF, 0xFF, 0xFF, 0xFF, 0xFF, 0xFF, 0xFF, 0xFF, 0xFF, 0xFF, 0xFF, 0xFF, 0xFF,
    0xFF, 0xFF, 0xFF, 0xFF, 0xFF, 0xFF, 0xFF, 0xFF, 0xFF, 0xFF, 0xFF, 0xFF, 0xFF, 0xFF, 0xFF, 0xFF,
    0xFF, 0xFF, 0xFF, 0xFF, 0xFF, 0xFF, 0xFF, 0xFF, 0xFF, 0xFF, 0xFF, 0xFF, 0xFF, 0xFF, 0xFF, 0xFF,
    0xFF, 0xFF, 0xFF, 0xFF, 0xFF, 0xFF, 0xFF, 0xFF, 0xFF, 0xFF, 0xFF, 0xFF, 0xFF, 0xFF, 0xFF, 0xFF,
    0xFF, 0xFF, 0xFF, 0xFF, 0xFF, 0xFF, 0xFF, 0xFF, 0xFF, 0xFF, 0xFF, 0xFF, 0xFF, 0xFF, 0xFF, 0xFF,
    0xFF, 0xFF, 0xFF, 0xFF, 0xFF, 0xFF, 0xFF, 0xFF, 0xFF, 0xFF, 0xFF, 0xFF, 0xFF, 0xFF, 0xFF, 0xFF,
    0xFF, 0xFF, 0xFF, 0xFF, 0xFF, 0xFF, 0xFF, 0xFF, 0xFF, 0xFF, 0xFF, 0xFF, 0xFF, 0xFF, 0xFF, 0xFF,
    0xFF, 0xFF, 0xFF, 0xFF, 0xFF, 0xFF, 0xFF, 0xFF, 0xFF, 0xFF, 0xFF, 0xFF, 0xFF, 0xFF, 0xFF, 0xFF,
    0xFF, 0xFF, 0xFF, 0xFF, 0xFF, 0xFF, 0xFF, 0xFF, 0xFF, 0xFF, 0xFF, 0xFF, 0xFF, 0xFF, 0xDF, 0xFF,
    0xFF, 0xFF, 0xDB, 0xDE, 0x59, 0xCE, 0xFF, 0xFF, 0xFF, 0xFF, 0xFF, 0xFF, 0xFF, 0xFF, 0xFF, 0xFF,
    0xFF, 0xFF, 0xFF, 0xFF, 0xFF, 0xFF, 0xFF, 0xFF, 0xFF, 0xFF, 0xFF, 0xFF, 0xFF, 0xFF, 0xFF, 0xFF,
    0xFF, 0xFF, 0xFF, 0xFF, 0xFF, 0xFF, 0xFF, 0xFF, 0xFF, 0xFF, 0xFF, 0xFF, 0xFF, 0xFF, 0xFF, 0xFF,
    0xFF, 0xFF, 0xFF, 0xFF, 0xFF, 0xFF, 0xFF, 0xFF, 0xFF, 0xFF, 0xFF, 0xFF, 0xFF, 0xFF, 0xFF, 0xFF,
    0xFF, 0xFF, 0xFF, 0xFF, 0xFF, 0xFF, 0xFF, 0xFF, 0xFF, 0xFF, 0xFF, 0xFF, 0xFF, 0xFF, 0xFF, 0xFF,
    0xFF, 0xFF, 0xFF, 0xFF, 0xFF, 0xFF, 0xFF, 0xFF, 0xFF, 0xFF, 0xFF, 0xFF, 0xFF, 0xFF, 0xFF, 0xFF,
    0xFF, 0xFF, 0xFF, 0xFF, 0xFF, 0xFF, 0xFF, 0xFF, 0xFF, 0xFF, 0xFF, 0xFF, 0xFF, 0xFF, 0xFF, 0xFF,
    0xFF, 0xFF, 0xFF, 0xFF, 0xFF, 0xFF, 0xFF, 0xFF, 0xFF, 0xFF, 0xFF, 0xFF, 0xFF, 0xFF, 0xFF, 0xFF,
    0xFF, 0xFF, 0xFF, 0xFF, 0xFF, 0xFF, 0xFF, 0xFF, 0xFF, 0xFF, 0xFF, 0xFF, 0xFF, 0xFF, 0xFF, 0xFF,
    0xFF, 0xFF, 0xFF, 0xFF, 0xFF, 0xFF, 0xFF, 0xFF, 0xFF, 0xFF, 0xFF, 0xFF, 0xFF, 0xFF, 0xFF, 0xFF,
    0xFF, 0xFF, 0xFF, 0xFF, 0xFF, 0xFF, 0xFF, 0xFF, 0xFF, 0xFF, 0xFF, 0xFF, 0xFF, 0xFF, 0xFF, 0xFF,
    0xFF, 0xFF, 0xFF, 0xFF, 0xFF, 0xFF, 0xFF, 0xFF, 0xFF, 0xFF, 0xFF, 0xFF, 0xFF, 0xFF, 0xFF, 0xFF,
    0xFF, 0xFF, 0xFF, 0xFF, 0xFF, 0xFF, 0xFF, 0xFF, 0xFF, 0xFF, 0xFF, 0xFF, 0xFF, 0xFF, 0xFF, 0xFF,
    0xFF, 0xFF, 0xFF, 0xFF, 0xFF, 0xFF, 0xFF, 0xFF, 0xFF, 0xFF, 0xFF, 0xFF, 0xFF, 0xFF, 0xFF, 0xFF,
    0x38, 0xC6, 0xA2, 0x10, 0x92, 0x94, 0xFF, 0xFF, 0xDF, 0xFF, 0xFF, 0xFF, 0xFF, 0xFF, 0xFF, 0xFF,
    0xFF, 0xFF, 0xFF, 0xFF, 0xFF, 0xFF, 0xFF, 0xFF, 0xFF, 0xFF, 0xFF, 0xFF, 0xFF, 0xFF, 0xFF, 0xFF,
    0xFF, 0xFF, 0xFF, 0xFF, 0xFF, 0xFF, 0xFF, 0xFF, 0xFF, 0xFF, 0xFF, 0xFF, 0xFF, 0xFF, 0xFF, 0xFF,
    0xFF, 0xFF, 0xFF, 0xFF, 0xFF, 0xFF, 0xFF, 0xFF, 0xFF, 0xFF, 0xFF, 0xFF, 0xFF, 0xFF, 0xFF, 0xFF,
    0xFF, 0xFF, 0xFF, 0xFF, 0xFF, 0xFF, 0xFF, 0xFF, 0xFF, 0xFF, 0xFF, 0xFF, 0xFF, 0xFF, 0xFF, 0xFF,
    0xFF, 0xFF, 0xFF, 0xFF, 0xFF, 0xFF, 0xFF, 0xFF, 0xFF, 0xFF, 0xFF, 0xFF, 0xFF, 0xFF, 0xFF, 0xFF,
    0xFF, 0xFF, 0xFF, 0xFF, 0xFF, 0xFF, 0xFF, 0xFF, 0xFF, 0xFF, 0xFF, 0xFF, 0xFF, 0xFF, 0xFF, 0xFF,
    0xFF, 0xFF, 0xFF, 0xFF, 0xFF, 0xFF, 0xFF, 0xFF, 0xFF, 0xFF, 0xFF, 0xFF, 0xFF, 0xFF, 0xFF, 0xFF,
    0xFF, 0xFF, 0xFF, 0xFF, 0xFF, 0xFF, 0xFF, 0xFF, 0xFF, 0xFF, 0xFF, 0xFF, 0xFF, 0xFF, 0xFF, 0xFF,
    0xFF, 0xFF, 0xFF, 0xFF, 0xFF, 0xFF, 0xFF, 0xFF, 0xFF, 0xFF, 0xFF, 0xFF, 0xFF, 0xFF, 0xFF, 0xFF,
    0xFF, 0xFF, 0xFF, 0xFF, 0xFF, 0xFF, 0xFF, 0xFF, 0xFF, 0xFF, 0xFF, 0xFF, 0xFF, 0xFF, 0xFF, 0xFF,
    0xFF, 0xFF, 0xFF, 0xFF, 0xFF, 0xFF, 0xFF, 0xFF, 0xFF, 0xFF, 0xFF, 0xFF, 0xFF, 0xFF, 0xFF, 0xFF,
    0xFF, 0xFF, 0xFF, 0xFF, 0xFF, 0xFF, 0xFF, 0xFF, 0xFF, 0xFF, 0xFF, 0xFF, 0xFF, 0xFF, 0xFF, 0xFF,
    0xFF, 0xFF, 0xFF, 0xFF, 0xFF, 0xFF, 0xFF, 0xFF, 0xFF, 0xFF, 0xFF, 0xFF, 0xFF, 0xFF, 0xB2, 0x94,
    0x20, 0x00, 0x00, 0x00, 0xF3, 0x9C, 0xFF, 0xFF, 0xDF, 0xFF, 0xFF, 0xFF, 0xFF, 0xFF, 0xFF, 0xFF,
    0xFF, 0xFF, 0xFF, 0xFF, 0xFF, 0xFF, 0xFF, 0xFF, 0xFF, 0xFF, 0xFF, 0xFF, 0xFF, 0xFF, 0xFF, 0xFF,
    0xFF, 0xFF, 0xFF, 0xFF, 0xFF, 0xFF, 0xFF, 0xFF, 0xFF, 0xFF, 0xFF, 0xFF, 0xFF, 0xFF, 0xFF, 0xFF,
    0xFF, 0xFF, 0xFF, 0xFF, 0xFF, 0xFF, 0xFF, 0xFF, 0xFF, 0xFF, 0xFF, 0xFF, 0xFF, 0xFF, 0xFF, 0xFF,
    0xFF, 0xFF, 0xFF, 0xFF, 0xFF, 0xFF, 0xFF, 0xFF, 0xFF, 0xFF, 0xFF, 0xFF, 0xFF, 0xFF, 0xFF, 0xFF,
    0xFF, 0xFF, 0xFF, 0xFF, 0xFF, 0xFF, 0xFF, 0xFF, 0xFF, 0xFF, 0xFF, 0xFF, 0xFF, 0xFF, 0xFF, 0xFF,
    0xFF, 0xFF, 0xFF, 0xFF, 0xFF, 0xFF, 0xFF, 0xFF, 0xFF, 0xFF, 0xFF, 0xFF, 0xFF, 0xFF, 0xFF, 0xFF,
    0xFF, 0xFF, 0xFF, 0xFF, 0xFF, 0xFF, 0xFF, 0xFF, 0xFF, 0xFF, 0xFF, 0xFF, 0xFF, 0xFF, 0xFF, 0xFF,
    0xFF, 0xFF, 0xFF, 0xFF, 0xFF, 0xFF, 0xFF, 0xFF, 0xFF, 0xFF, 0xFF, 0xFF, 0xFF, 0xFF, 0xFF, 0xFF,
    0xFF, 0xFF, 0xFF, 0xFF, 0xFF, 0xFF, 0xFF, 0xFF, 0xFF, 0xFF, 0xFF, 0xFF, 0xFF, 0xFF, 0xFF, 0xFF,
    0xFF, 0xFF, 0xFF, 0xFF, 0xFF, 0xFF, 0xFF, 0xFF, 0xFF, 0xFF, 0xFF, 0xFF, 0xFF, 0xFF, 0xFF, 0xFF,
    0xFF, 0xFF, 0xFF, 0xFF, 0xFF, 0xFF, 0xFF, 0xFF, 0xFF, 0xFF, 0xFF, 0xFF, 0xFF, 0xFF, 0xFF, 0xFF,
    0xFF, 0xFF, 0xFF, 0xFF, 0xFF, 0xFF, 0xFF, 0xFF, 0xFF, 0xFF, 0xFF, 0xFF, 0xFF, 0xFF, 0xFF, 0xFF,
    0xFF, 0xFF, 0xFF, 0xFF, 0xFF, 0xFF, 0xFF, 0xFF, 0xFF, 0xFF, 0xBE, 0xF7, 0x2C, 0x63, 0x00, 0x00,
    0x20, 0x00, 0x00, 0x00, 0xF3, 0x9C, 0xFF, 0xFF, 0xDF, 0xFF, 0xFF, 0xFF, 0xFF, 0xFF, 0xFF, 0xFF,
    0xFF, 0xFF, 0xFF, 0xFF, 0xFF, 0xFF, 0xFF, 0xFF, 0xFF, 0xFF, 0xFF, 0xFF, 0xFF, 0xFF, 0xFF, 0xFF,
    0xFF, 0xFF, 0xFF, 0xFF, 0xFF, 0xFF, 0xFF, 0xFF, 0xFF, 0xFF, 0xFF, 0xFF, 0xFF, 0xFF, 0xFF, 0xFF,
    0xFF, 0xFF, 0xFF, 0xFF, 0xFF, 0xFF, 0xFF, 0xFF, 0xFF, 0xFF, 0xFF, 0xFF, 0xFF, 0xFF, 0xFF, 0xFF,
    0xFF, 0xFF, 0xFF, 0xFF, 0xFF, 0xFF, 0xFF, 0xFF, 0xFF, 0xFF, 0xFF, 0xFF, 0xFF, 0xFF, 0xFF, 0xFF,
    0xFF, 0xFF, 0xFF, 0xFF, 0xFF, 0xFF, 0xFF, 0xFF, 0xFF, 0xFF, 0xFF, 0xFF, 0xFF, 0xFF, 0xFF, 0xFF,
    0xFF, 0xFF, 0xFF, 0xFF, 0xFF, 0xFF, 0xFF, 0xFF, 0xFF, 0xFF, 0xFF, 0xFF, 0xFF, 0xFF, 0xFF, 0xFF,
    0xFF, 0xFF, 0xFF, 0xFF, 0xFF, 0xFF, 0xFF, 0xFF, 0xFF, 0xFF, 0xFF, 0xFF, 0xFF, 0xFF, 0xFF, 0xFF,
    0xFF, 0xFF, 0xFF, 0xFF, 0xFF, 0xFF, 0xFF, 0xFF, 0xFF, 0xFF, 0xFF, 0xFF, 0xFF, 0xFF, 0xFF, 0xFF,
    0xFF, 0xFF, 0xFF, 0xFF, 0xFF, 0xFF, 0xFF, 0xFF, 0xFF, 0xFF, 0xFF, 0xFF, 0xFF, 0xFF, 0xFF, 0xFF,
    0xFF, 0xFF, 0xFF, 0xFF, 0xFF, 0xFF, 0xFF, 0xFF, 0xFF, 0xFF, 0xFF, 0xFF, 0xFF, 0xFF, 0xFF, 0xFF,
    0xFF, 0xFF, 0xFF, 0xFF, 0xFF, 0xFF, 0xFF, 0xFF, 0xFF, 0xFF, 0xFF, 0xFF, 0xFF, 0xFF, 0xFF, 0xFF,
    0xFF, 0xFF, 0xFF, 0xFF, 0xFF, 0xFF, 0xFF, 0xFF, 0xFF, 0xFF, 0xFF, 0xFF, 0xFF, 0xFF, 0xFF, 0xFF,
    0xFF, 0xFF, 0xFF, 0xFF, 0xDF, 0xFF, 0xFF, 0xFF, 0xFB, 0xDE, 0xC7, 0x39, 0x00, 0x00, 0x20, 0x00,
    0x20, 0x00, 0x00, 0x00, 0xF3, 0x9C, 0xFF, 0xFF, 0xDF, 0xFF, 0xFF, 0xFF, 0xFF, 0xFF, 0xFF, 0xFF,
    0xFF, 0xFF, 0xFF, 0xFF, 0xFF, 0xFF, 0xFF, 0xFF, 0xFF, 0xFF, 0xFF, 0xFF, 0xFF, 0xFF, 0xFF, 0xFF,
    0xFF, 0xFF, 0xFF, 0xFF, 0xFF, 0xFF, 0xFF, 0xFF, 0xFF, 0xFF, 0xFF, 0xFF, 0xFF, 0xFF, 0xFF, 0xFF,
    0xFF, 0xFF, 0xFF, 0xFF, 0xFF, 0xFF, 0xFF, 0xFF, 0xFF, 0xFF, 0xFF, 0xFF, 0xFF, 0xFF, 0xFF, 0xFF,
    0xFF, 0xFF, 0xFF, 0xFF, 0xFF, 0xFF, 0xFF, 0xFF, 0xFF, 0xFF, 0xFF, 0xFF, 0xFF, 0xFF, 0xFF, 0xFF,
    0xFF, 0xFF, 0xFF, 0xFF, 0xFF, 0xFF, 0xFF, 0xFF, 0xFF, 0xFF, 0xFF, 0xFF, 0xFF, 0xFF, 0xFF, 0xFF,
    0xFF, 0xFF, 0xFF, 0xFF, 0xFF, 0xFF, 0xFF, 0xFF, 0xFF, 0xFF, 0xFF, 0xFF, 0xFF, 0xFF, 0xFF, 0xFF,
    0xFF, 0xFF, 0xFF, 0xFF, 0xFF, 0xFF, 0xFF, 0xFF, 0xFF, 0xFF, 0xFF, 0xFF, 0xFF, 0xFF, 0xFF, 0xFF,
    0xFF, 0xFF, 0xFF, 0xFF, 0xFF, 0xFF, 0xFF, 0xFF, 0xFF, 0xFF, 0xFF, 0xFF, 0xFF, 0xFF, 0xFF, 0xFF,
    0xFF, 0xFF, 0xFF, 0xFF, 0xFF, 0xFF, 0xFF, 0xFF, 0xFF, 0xFF, 0xFF, 0xFF, 0xFF, 0xFF, 0xFF, 0xFF,
    0xFF, 0xFF, 0xFF, 0xFF, 0xFF, 0xFF, 0xFF, 0xFF, 0xFF, 0xFF, 0xFF, 0xFF, 0xFF, 0xFF, 0xFF, 0xFF,
    0xFF, 0xFF, 0xFF, 0xFF, 0xFF, 0xFF, 0xFF, 0xFF, 0xFF, 0xFF, 0xFF, 0xFF, 0xFF, 0xFF, 0xFF, 0xFF,
    0xFF, 0xFF, 0xFF, 0xFF, 0xFF, 0xFF, 0xFF, 0xFF, 0xFF, 0xFF, 0xFF, 0xFF, 0xFF, 0xFF, 0xFF, 0xFF,
    0xFF, 0xFF, 0xFF, 0xFF, 0xFF, 0xFF, 0xB6, 0xB5, 0xA2, 0x10, 0x00, 0x00, 0x20, 0x00, 0x00, 0x00,
    0x20, 0x00, 0x00, 0x00, 0xF3, 0x9C, 0xFF, 0xFF, 0xDF, 0xFF, 0xFF, 0xFF, 0xFF, 0xFF, 0xFF, 0xFF,
    0xFF, 0xFF, 0xFF, 0xFF, 0xFF, 0xFF, 0xFF, 0xFF, 0xFF, 0xFF, 0xFF, 0xFF, 0xFF, 0xFF, 0xFF, 0xFF,
    0xFF, 0xFF, 0xFF, 0xFF, 0xFF, 0xFF, 0xFF, 0xFF, 0xFF, 0xFF, 0xFF, 0xFF, 0xFF, 0xFF, 0xFF, 0xFF,
    0xFF, 0xFF, 0xFF, 0xFF, 0xFF, 0xFF, 0xFF, 0xFF, 0xFF, 0xFF, 0xFF, 0xFF, 0xFF, 0xFF, 0xFF, 0xFF,
    0xFF, 0xFF, 0xFF, 0xFF, 0xFF, 0xFF, 0xFF, 0xFF, 0xFF, 0xFF, 0xFF, 0xFF, 0xFF, 0xFF, 0xFF, 0xFF,
    0xFF, 0xFF, 0xFF, 0xFF, 0xFF, 0xFF, 0xFF, 0xFF, 0xFF, 0xFF, 0xFF, 0xFF, 0xFF, 0xFF, 0xFF, 0xFF,
    0xFF, 0xFF, 0xFF, 0xFF, 0xFF, 0xFF, 0xFF, 0xFF, 0xFF, 0xFF, 0xFF, 0xFF, 0xFF, 0xFF, 0xFF, 0xFF,
    0xFF, 0xFF, 0xFF, 0xFF, 0xFF, 0xFF, 0xFF, 0xFF, 0xFF, 0xFF, 0xFF, 0xFF, 0xFF, 0xFF, 0xFF, 0xFF,
    0xFF, 0xFF, 0xFF, 0xFF, 0xFF, 0xFF, 0xFF, 0xFF, 0xFF, 0xFF, 0xFF, 0xFF, 0xFF, 0xFF, 0xFF, 0xFF,
    0xFF, 0xFF, 0xFF, 0xFF, 0xFF, 0xFF, 0xFF, 0xFF, 0xFF, 0xFF, 0xFF, 0xFF, 0xFF, 0xFF, 0xFF, 0xFF,
    0xFF, 0xFF, 0xFF, 0xFF, 0xFF, 0xFF, 0xFF, 0xFF, 0xFF, 0xFF, 0xFF, 0xFF, 0xFF, 0xFF, 0xFF, 0xFF,
    0xFF, 0xFF, 0xFF, 0xFF, 0xFF, 0xFF, 0xFF, 0xFF, 0xFF, 0xFF, 0xFF, 0xFF, 0xFF, 0xFF, 0xFF, 0xFF,
    0xFF, 0xFF, 0xFF, 0xFF, 0xFF, 0xFF, 0xFF, 0xFF, 0xFF, 0xFF, 0xFF, 0xFF, 0xFF, 0xFF, 0xFF, 0xFF,
    0xFF, 0xFF, 0xFF, 0xFF, 0x30, 0x84, 0x00, 0x00, 0x00, 0x00, 0x20, 0x00, 0x00, 0x00, 0x00, 0x00,
    0x20, 0x00, 0x00, 0x00, 0xF3, 0x9C, 0xFF, 0xFF, 0xDF, 0xFF, 0xFF, 0xFF, 0xFF, 0xFF, 0xFF, 0xFF,
    0xFF, 0xFF, 0xFF, 0xFF, 0xFF, 0xFF, 0xFF, 0xFF, 0xFF, 0xFF, 0xFF, 0xFF, 0xFF, 0xFF, 0xFF, 0xFF,
    0xFF, 0xFF, 0xFF, 0xFF, 0xFF, 0xFF, 0xFF, 0xFF, 0xFF, 0xFF, 0xFF, 0xFF, 0xFF, 0xFF, 0xFF, 0xFF,
    0xFF, 0xFF, 0xFF, 0xFF, 0xFF, 0xFF, 0xFF, 0xFF, 0xFF, 0xFF, 0xFF, 0xFF, 0xFF, 0xFF, 0xFF, 0xFF,
    0xFF, 0xFF, 0xFF, 0xFF, 0xFF, 0xFF, 0xFF, 0xFF, 0xFF, 0xFF, 0xFF, 0xFF, 0xFF, 0xFF, 0xFF, 0xFF,
    0xFF, 0xFF, 0xFF, 0xFF, 0xFF, 0xFF, 0xFF, 0xFF, 0xFF, 0xFF, 0xFF, 0xFF, 0xFF, 0xFF, 0xFF, 0xFF,
    0xFF, 0xFF, 0xFF, 0xFF, 0xFF, 0xFF, 0xFF, 0xFF, 0xFF, 0xFF, 0xFF, 0xFF, 0xFF, 0xFF, 0xFF, 0xFF,
    0xFF, 0xFF, 0xFF, 0xFF, 0xFF, 0xFF, 0xFF, 0xFF, 0xFF, 0xFF, 0xFF, 0xFF, 0xFF, 0xFF, 0xFF, 0xFF,
    0xFF, 0xFF, 0xFF, 0xFF, 0xFF, 0xFF, 0xFF, 0xFF, 0xFF, 0xFF, 0xFF, 0xFF, 0xFF, 0xFF, 0xFF, 0xFF,
    0xFF, 0xFF, 0xFF, 0xFF, 0xFF, 0xFF, 0xFF, 0xFF, 0xFF, 0xFF, 0xFF, 0xFF, 0xFF, 0xFF, 0xFF, 0xFF,
    0xFF, 0xFF, 0xFF, 0xFF, 0xFF, 0xFF, 0xFF, 0xFF, 0xFF, 0xFF, 0xFF, 0xFF, 0xFF, 0xFF, 0xFF, 0xFF,
    0xFF, 0xFF, 0xFF, 0xFF, 0xFF, 0xFF, 0xFF, 0xFF, 0xFF, 0xFF, 0xFF, 0xFF, 0xFF, 0xFF, 0xFF, 0xFF,
    0xFF, 0xFF, 0xFF, 0xFF, 0xFF, 0xFF, 0xFF, 0xFF, 0xFF, 0xFF, 0xFF, 0xFF, 0xDF, 0xFF, 0xFF, 0xFF,
    0x9E, 0xF7, 0xAA, 0x52, 0x00, 0x00, 0x20, 0x00, 0x00, 0x00, 0x00, 0x00, 0x20, 0x00, 0x00, 0x00,
    0x20, 0x00, 0x00, 0x00, 0xF3, 0x9C, 0xFF, 0xFF, 0xDF, 0xFF, 0xFF, 0xFF, 0xFF, 0xFF, 0xFF, 0xFF,
    0xFF, 0xFF, 0xFF, 0xFF, 0xFF, 0xFF, 0xFF, 0xFF, 0xFF, 0xFF, 0xFF, 0xFF, 0xFF, 0xFF, 0xFF, 0xFF,
    0xFF, 0xFF, 0xFF, 0xFF, 0xFF, 0xFF, 0xFF, 0xFF, 0xFF, 0xFF, 0xFF, 0xFF, 0xFF, 0xFF, 0xFF, 0xFF,
    0xFF, 0xFF, 0xFF, 0xFF, 0xFF, 0xFF, 0xFF, 0xFF, 0xFF, 0xFF, 0xFF, 0xFF, 0xFF, 0xFF, 0xFF, 0xFF,
    0xFF, 0xFF, 0xFF, 0xFF, 0xFF, 0xFF, 0xFF, 0xFF, 0xFF, 0xFF, 0xFF, 0xFF, 0xFF, 0xFF, 0xFF, 0xFF,
    0xFF, 0xFF, 0xFF, 0xFF, 0xFF, 0xFF, 0xFF, 0xFF, 0xFF, 0xFF, 0xFF, 0xFF, 0xFF, 0xFF, 0xFF, 0xFF,
    0xFF, 0xFF, 0xFF, 0xFF, 0xFF, 0xFF, 0xFF, 0xFF, 0xFF, 0xFF, 0xFF, 0xFF, 0xFF, 0xFF, 0xFF, 0xFF,
    0xFF, 0xFF, 0xFF, 0xFF, 0xFF, 0xFF, 0xFF, 0xFF, 0xFF, 0xFF, 0xFF, 0xFF, 0xFF, 0xFF, 0xFF, 0xFF,
    0xFF, 0xFF, 0xFF, 0xFF, 0xFF, 0xFF, 0xFF, 0xFF, 0xFF, 0xFF, 0xFF, 0xFF, 0xFF, 0xFF, 0xFF, 0xFF,
    0xFF, 0xFF, 0xFF, 0xFF, 0xFF, 0xFF, 0xFF, 0xFF, 0xFF, 0xFF, 0xFF, 0xFF, 0xFF, 0xFF, 0xFF, 0xFF,
    0xFF, 0xFF, 0xFF, 0xFF, 0xFF, 0xFF, 0xFF, 0xFF, 0xFF, 0xFF, 0xFF, 0xFF, 0xFF, 0xFF, 0xFF, 0xFF,
    0xFF, 0xFF, 0xFF, 0xFF, 0xFF, 0xFF, 0xFF, 0xFF, 0xFF, 0xFF, 0xFF, 0xFF, 0xFF, 0xFF, 0xFF, 0xFF,
    0xFF, 0xFF, 0xFF, 0xFF, 0xFF, 0xFF, 0xFF, 0xFF, 0xFF, 0xFF, 0xDF, 0xFF, 0xFF, 0xFF, 0x9A, 0xD6,
    0x65, 0x29, 0x00, 0x00, 0x41, 0x08, 0x00, 0x00, 0x61, 0x08, 0x14, 0xA5, 0x86, 0x31, 0x00, 0x00,
    0x20, 0x00, 0x00, 0x00, 0xF3, 0x9C, 0xFF, 0xFF, 0xDF, 0xFF, 0xFF, 0xFF, 0xFF, 0xFF, 0xFF, 0xFF,
    0xFF, 0xFF, 0xFF, 0xFF, 0xFF, 0xFF, 0xFF, 0xFF, 0xFF, 0xFF, 0xFF, 0xFF, 0xFF, 0xFF, 0xFF, 0xFF,
    0xFF, 0xFF, 0xFF, 0xFF, 0xFF, 0xFF, 0xFF, 0xFF, 0xFF, 0xFF, 0xFF, 0xFF, 0xFF, 0xFF, 0xFF, 0xFF,
    0xFF, 0xFF, 0xFF, 0xFF, 0xFF, 0xFF, 0xFF, 0xFF, 0xFF, 0xFF, 0xFF, 0xFF, 0xFF, 0xFF, 0xFF, 0xFF,
    0xFF, 0xFF, 0xFF, 0xFF, 0xFF, 0xFF, 0xFF, 0xFF, 0xFF, 0xFF, 0xFF, 0xFF, 0xFF, 0xFF, 0xFF, 0xFF,
    0xFF, 0xFF, 0xFF, 0xFF, 0xFF, 0xFF, 0xFF, 0xFF, 0xFF, 0xFF, 0xFF, 0xFF, 0xFF, 0xFF, 0xFF, 0xFF,
    0xFF, 0xFF, 0xFF, 0xFF, 0xFF, 0xFF, 0xFF, 0xFF, 0xFF, 0xFF, 0xFF, 0xFF, 0xFF, 0xFF, 0xFF, 0xFF,
    0xFF, 0xFF, 0xFF, 0xFF, 0xFF, 0xFF, 0xFF, 0xFF, 0xFF, 0xFF, 0xFF, 0xFF, 0xFF, 0xFF, 0xFF, 0xFF,
    0xFF, 0xFF, 0xFF, 0xFF, 0xFF, 0xFF, 0xFF, 0xFF, 0xFF, 0xFF, 0xFF, 0xFF, 0xFF, 0xFF, 0xFF, 0xFF,
    0xFF, 0xFF, 0xFF, 0xFF, 0xFF, 0xFF, 0xFF, 0xFF, 0xFF, 0xFF, 0xFF, 0xFF, 0xFF, 0xFF, 0xFF, 0xFF,
    0xFF, 0xFF, 0xFF, 0xFF, 0xFF, 0xFF, 0xFF, 0xFF, 0xFF, 0xFF, 0xFF, 0xFF, 0xFF, 0xFF, 0xFF, 0xFF,
    0xFF, 0xFF, 0xFF, 0xFF, 0xFF, 0xFF, 0xFF, 0xFF, 0xFF, 0xFF, 0xFF, 0xFF, 0xFF, 0xFF, 0xFF, 0xFF,
    0xFF, 0xFF, 0xFF, 0xFF, 0xFF, 0xFF, 0xFF, 0xFF, 0xFF, 0xFF, 0xFF, 0xFF, 0x34, 0xA5, 0x61, 0x08,
    0x00, 0x00, 0x20, 0x00, 0x00, 0x00, 0x86, 0x31, 0x9A, 0xD6, 0xFF, 0xFF, 0x45, 0x29, 0x00, 0x00,
    0x20, 0x00, 0x00, 0x00, 0xF3, 0x9C, 0xFF, 0xFF, 0xDF, 0xFF, 0xFF, 0xFF, 0xFF, 0xFF, 0xFF, 0xFF,
    0xFF, 0xFF, 0xFF, 0xFF, 0xFF, 0xFF, 0xFF, 0xFF, 0xFF, 0xFF, 0xFF, 0xFF, 0xFF, 0xFF, 0xFF, 0xFF,
    0xFF, 0xFF, 0xFF, 0xFF, 0xFF, 0xFF, 0xFF, 0xFF, 0xFF, 0xFF, 0xFF, 0xFF, 0xFF, 0xFF, 0xFF, 0xFF,
    0xFF, 0xFF, 0xFF, 0xFF, 0xFF, 0xFF, 0xFF, 0xFF, 0xFF, 0xFF, 0xFF, 0xFF, 0xFF, 0xFF, 0xFF, 0xFF,
    0xFF, 0xFF, 0xFF, 0xFF, 0xFF, 0xFF, 0xFF, 0xFF, 0xFF, 0xFF, 0xFF, 0xFF, 0xFF, 0xFF, 0xFF, 0xFF,
    0xFF, 0xFF, 0xFF, 0xFF, 0xFF, 0xFF, 0xFF, 0xFF, 0xFF, 0xFF, 0xFF, 0xFF, 0xFF, 0xFF, 0xFF, 0xFF,
    0xFF, 0xFF, 0xFF, 0xFF, 0xFF, 0xFF, 0xFF, 0xFF, 0xFF, 0xFF, 0xFF, 0xFF, 0xFF, 0xFF, 0xFF, 0xFF,
    0xFF, 0xFF, 0xFF, 0xFF, 0xFF, 0xFF, 0xFF, 0xFF, 0xFF, 0xFF, 0xFF, 0xFF, 0xFF, 0xFF, 0xFF, 0xFF,
    0xFF, 0xFF, 0xFF, 0xFF, 0xFF, 0xFF, 0xFF, 0xFF, 0xFF, 0xFF, 0xFF, 0xFF, 0xFF, 0xFF, 0xFF, 0xFF,
    0xFF, 0xFF, 0xFF, 0xFF, 0xFF, 0xFF, 0xFF, 0xFF, 0xFF, 0xFF, 0xFF, 0xFF, 0xFF, 0xFF, 0xFF, 0xFF,
    0xFF, 0xFF, 0xFF, 0xFF, 0xFF, 0xFF, 0xFF, 0xFF, 0xFF, 0xFF, 0xFF, 0xFF, 0xFF, 0xFF, 0xFF, 0xFF,
    0xFF, 0xFF, 0xFF, 0xFF, 0xFF, 0xFF, 0xFF, 0xFF, 0xFF, 0xFF, 0xFF, 0xFF, 0xFF, 0xFF, 0xFF, 0xFF,
    0xFF, 0xFF, 0xFF, 0xFF, 0xFF, 0xFF, 0xFF, 0xFF, 0xFF, 0xFF, 0xAE, 0x73, 0x00, 0x00, 0x00, 0x00,
    0x20, 0x00, 0x00, 0x00, 0x0C, 0x63, 0x9E, 0xF7, 0xFF, 0xFF, 0xFF, 0xFF, 0x45, 0x29, 0x00, 0x00,
    0x20, 0x00, 0x00, 0x00, 0xF3, 0x9C, 0xFF, 0xFF, 0xDF, 0xFF, 0xFF, 0xFF, 0xFF, 0xFF, 0xFF, 0xFF,
    0xFF, 0xFF, 0xFF, 0xFF, 0xFF, 0xFF, 0xFF, 0xFF, 0xFF, 0xFF, 0xFF, 0xFF, 0xFF, 0xFF, 0xFF, 0xFF,
    0xFF, 0xFF, 0xFF, 0xFF, 0xFF, 0xFF, 0xFF, 0xFF, 0xFF, 0xFF, 0xFF, 0xFF, 0xFF, 0xFF, 0xFF, 0xFF,
    0xFF, 0xFF, 0xFF, 0xFF, 0xFF, 0xFF, 0xFF, 0xFF, 0xFF, 0xFF, 0xFF, 0xFF, 0xFF, 0xFF, 0xFF, 0xFF,
    0xFF, 0xFF, 0xFF, 0xFF, 0xFF, 0xFF, 0xFF, 0xFF, 0xFF, 0xFF, 0xFF, 0xFF, 0xFF, 0xFF, 0xFF, 0xFF,
    0xFF, 0xFF, 0xFF, 0xFF, 0xFF, 0xFF, 0xFF, 0xFF, 0xFF, 0xFF, 0xFF, 0xFF, 0xFF, 0xFF, 0xFF, 0xFF,
    0xFF, 0xFF, 0xFF, 0xFF, 0xFF, 0xFF, 0xFF, 0xFF, 0xFF, 0xFF, 0xFF, 0xFF, 0xFF, 0xFF, 0xFF, 0xFF,
    0xFF, 0xFF, 0xFF, 0xFF, 0xFF, 0xFF, 0xFF, 0xFF, 0xFF, 0xFF, 0xFF, 0xFF, 0xFF, 0xFF, 0xFF, 0xFF,
    0xFF, 0xFF, 0xFF, 0xFF, 0xFF, 0xFF, 0xFF, 0xFF, 0xFF, 0xFF, 0xFF, 0xFF, 0xFF, 0xFF, 0xFF, 0xFF,
    0xFF, 0xFF, 0xFF, 0xFF, 0xFF, 0xFF, 0xFF, 0xFF, 0xFF, 0xFF, 0xFF, 0xFF, 0xFF, 0xFF, 0xFF, 0xFF,
    0xFF, 0xFF, 0xFF, 0xFF, 0xFF, 0xFF, 0xFF, 0xFF, 0xFF, 0xFF, 0xFF, 0xFF, 0xFF, 0xFF, 0xFF, 0xFF,
    0xFF, 0xFF, 0xFF, 0xFF, 0xFF, 0xFF, 0xFF, 0xFF, 0xFF, 0xFF, 0xFF, 0xFF, 0xFF, 0xFF, 0xFF, 0xFF,
    0xFF, 0xFF, 0xDF, 0xFF, 0xFF, 0xFF, 0x3C, 0xE7, 0x49, 0x4A, 0x00, 0x00, 0x41, 0x08, 0x00, 0x00,
    0x20, 0x00, 0xB2, 0x94, 0xFF, 0xFF, 0xFF, 0xFF, 0xFF, 0xFF, 0xFF, 0xFF, 0x45, 0x29, 0x00, 0x00,
    0x20, 0x00, 0x00, 0x00, 0xF3, 0x9C, 0xFF, 0xFF, 0xDF, 0xFF, 0xFF, 0xFF, 0xFF, 0xFF, 0xFF, 0xFF,
    0xFF, 0xFF, 0xFF, 0xFF, 0xFF, 0xFF, 0xFF, 0xFF, 0xFF, 0xFF, 0xFF, 0xFF, 0xFF, 0xFF, 0xFF, 0xFF,
    0xFF, 0xFF, 0xFF, 0xFF, 0xFF, 0xFF, 0xFF, 0xFF, 0xFF, 0xFF, 0xFF, 0xFF, 0xFF, 0xFF, 0xFF, 0xFF,
    0xFF, 0xFF, 0xFF, 0xFF, 0xFF, 0xFF, 0xFF, 0xFF, 0xFF, 0xFF, 0xFF, 0xFF, 0xFF, 0xFF, 0xFF, 0xFF,
    0xFF, 0xFF, 0xFF, 0xFF, 0xFF, 0xFF, 0xFF, 0xFF, 0xFF, 0xFF, 0xFF, 0xFF, 0xFF, 0xFF, 0xFF, 0xFF,
    0xFF, 0xFF, 0xFF, 0xFF, 0xFF, 0xFF, 0xFF, 0xFF, 0xFF, 0xFF, 0xFF, 0xFF, 0xFF, 0xFF, 0xFF, 0xFF,
    0xFF, 0xFF, 0xFF, 0xFF, 0xFF, 0xFF, 0xFF, 0xFF, 0xFF, 0xFF, 0xFF, 0xFF, 0xFF, 0xFF, 0xFF, 0xFF,
    0xFF, 0xFF, 0xFF, 0xFF, 0xFF, 0xFF, 0xFF, 0xFF, 0xFF, 0xFF, 0xFF, 0xFF, 0xFF, 0xFF, 0xFF, 0xFF,
    0xFF, 0xFF, 0xFF, 0xFF, 0xFF, 0xFF, 0xFF, 0xFF, 0xFF, 0xFF, 0xFF, 0xFF, 0xFF, 0xFF, 0xFF, 0xFF,
    0xFF, 0xFF, 0xFF, 0xFF, 0xFF, 0xFF, 0xFF, 0xFF, 0xFF, 0xFF, 0xFF, 0xFF, 0xFF, 0xFF, 0xFF, 0xFF,
    0xFF, 0xFF, 0xFF, 0xFF, 0xFF, 0xFF, 0xFF, 0xFF, 0xFF, 0xFF, 0xFF, 0xFF, 0xFF, 0xFF, 0xFF, 0xFF,
    0xFF, 0xFF, 0xFF, 0xFF, 0xFF, 0xFF, 0xFF, 0xFF, 0xFF, 0xFF, 0xFF, 0xFF, 0xFF, 0xFF, 0xFF, 0xFF,
    0xFF, 0xFF, 0xFF, 0xFF, 0x38, 0xC6, 0x04, 0x21, 0x00, 0x00, 0x41, 0x08, 0x00, 0x00, 0xE3, 0x18,
    0x18, 0xC6, 0xFF, 0xFF, 0xFF, 0xFF, 0xFF, 0xFF, 0xFF, 0xFF, 0xFF, 0xFF, 0x45, 0x29, 0x00, 0x00,
    0x20, 0x00, 0x00, 0x00, 0xF3, 0x9C, 0xFF, 0xFF, 0xDF, 0xFF, 0xFF, 0xFF, 0xFF, 0xFF, 0xFF, 0xFF,
    0xFF, 0xFF, 0xFF, 0xFF, 0xFF, 0xFF, 0xFF, 0xFF, 0xFF, 0xFF, 0xFF, 0xFF, 0xFF, 0xFF, 0xFF, 0xFF,
    0xFF, 0xFF, 0xFF, 0xFF, 0xFF, 0xFF, 0xFF, 0xFF, 0xFF, 0xFF, 0xFF, 0xFF, 0xFF, 0xFF, 0xFF, 0xFF,
    0xFF, 0xFF, 0xFF, 0xFF, 0xFF, 0xFF, 0xFF, 0xFF, 0xFF, 0xFF, 0xFF, 0xFF, 0xFF, 0xFF, 0xFF, 0xFF,
    0xFF, 0xFF, 0xFF, 0xFF, 0xFF, 0xFF, 0xFF, 0xFF, 0xFF, 0xFF, 0xFF, 0xFF, 0xFF, 0xFF, 0xFF, 0xFF,
    0xFF, 0xFF, 0xFF, 0xFF, 0xFF, 0xFF, 0xFF, 0xFF, 0xFF, 0xFF, 0xFF, 0xFF, 0xFF, 0xFF, 0xFF, 0xFF,
    0xFF, 0xFF, 0xFF, 0xFF, 0xFF, 0xFF, 0xFF, 0xFF, 0xFF, 0xFF, 0xFF, 0xFF, 0xFF, 0xFF, 0xFF, 0xFF,
    0xFF, 0xFF, 0xFF, 0xFF, 0xFF, 0xFF, 0xFF, 0xFF, 0xFF, 0xFF, 0xFF, 0xFF, 0xFF, 0xFF, 0xFF, 0xFF,
    0xFF, 0xFF, 0xFF, 0xFF, 0xFF, 0xFF, 0xFF, 0xFF, 0xFF, 0xFF, 0xFF, 0xFF, 0xFF, 0xFF, 0xFF, 0xFF,
    0xFF, 0xFF, 0xFF, 0xFF, 0xFF, 0xFF, 0xFF, 0xFF, 0xFF, 0xFF, 0xFF, 0xFF, 0xFF, 0xFF, 0xFF, 0xFF,
    0xFF, 0xFF, 0xFF, 0xFF, 0xFF, 0xFF, 0xFF, 0xFF, 0xFF, 0xFF, 0xFF, 0xFF, 0xFF, 0xFF, 0xFF, 0xFF,
    0xFF, 0xFF, 0xFF, 0xFF, 0xFF, 0xFF, 0xFF, 0xFF, 0xFF, 0xFF, 0xFF, 0xFF, 0xFF, 0xFF, 0xFF, 0xFF,
    0xFF, 0xFF, 0xB2, 0x94, 0x20, 0x00, 0x00, 0x00, 0x20, 0x00, 0x00, 0x00, 0x28, 0x42, 0x3C, 0xE7,
    0xFF, 0xFF, 0xDF, 0xFF, 0xFF, 0xFF, 0xFF, 0xFF, 0xFF, 0xFF, 0xFF, 0xFF, 0x45, 0x29, 0x00, 0x00,
    0x20, 0x00, 0x00, 0x00, 0xF3, 0x9C, 0xFF, 0xFF, 0xDF, 0xFF, 0xFF, 0xFF, 0xFF, 0xFF, 0xFF, 0xFF,
    0xFF, 0xFF, 0xFF, 0xFF, 0xFF, 0xFF, 0xFF, 0xFF, 0xFF, 0xFF, 0xFF, 0xFF, 0xFF, 0xFF, 0xFF, 0xFF,
    0xFF, 0xFF, 0xFF, 0xFF, 0xFF, 0xFF, 0xFF, 0xFF, 0xFF, 0xFF, 0xFF, 0xFF, 0xFF, 0xFF, 0xFF, 0xFF,
    0xFF, 0xFF, 0xFF, 0xFF, 0xFF, 0xFF, 0xFF, 0xFF, 0xFF, 0xFF, 0xFF, 0xFF, 0xFF, 0xFF, 0xFF, 0xFF,
    0xFF, 0xFF, 0xFF, 0xFF, 0xFF, 0xFF, 0xFF, 0xFF, 0xFF, 0xFF, 0xFF, 0xFF, 0xFF, 0xFF, 0xFF, 0xFF,
    0xFF, 0xFF, 0xFF, 0xFF, 0xFF, 0xFF, 0xFF, 0xFF, 0xFF, 0xFF, 0xFF, 0xFF, 0xFF, 0xFF, 0xFF, 0xFF,
    0xFF, 0xFF, 0xFF, 0xFF, 0xFF, 0xFF, 0xFF, 0xFF, 0xFF, 0xFF, 0xFF, 0xFF, 0xFF, 0xFF, 0xFF, 0xFF,
    0xFF, 0xFF, 0xFF, 0xFF, 0xFF, 0xFF, 0xFF, 0xFF, 0xFF, 0xFF, 0xFF, 0xFF, 0xFF, 0xFF, 0xFF, 0xFF,
    0xFF, 0xFF, 0xFF, 0xFF, 0xFF, 0xFF, 0xFF, 0xFF, 0xFF, 0xFF, 0xFF, 0xFF, 0xFF, 0xFF, 0xFF, 0xFF,
    0xFF, 0xFF, 0xFF, 0xFF, 0xFF, 0xFF, 0xFF, 0xFF, 0xFF, 0xFF, 0xFF, 0xFF, 0xFF, 0xFF, 0xFF, 0xFF,
    0xFF, 0xFF, 0xFF, 0xFF, 0xFF, 0xFF, 0xFF, 0xFF, 0xFF, 0xFF, 0xFF, 0xFF, 0xFF, 0xFF, 0xFF, 0xFF,
    0xFF, 0xFF, 0xFF, 0xFF, 0xFF, 0xFF, 0xFF, 0xFF, 0xFF, 0xFF, 0xDF, 0xFF, 0xFF, 0xFF, 0xDF, 0xFF,
    0x2D, 0x6B, 0x00, 0x00, 0x00, 0x00, 0x00, 0x00, 0x00, 0x00, 0x8E, 0x73, 0xFF, 0xFF, 0xFF, 0xFF,
    0xDF, 0xFF, 0xFF, 0xFF, 0xFF, 0xFF, 0xFF, 0xFF, 0xFF, 0xFF, 0xFF, 0xFF, 0x45, 0x29, 0x00, 0x00,
    0x20, 0x00, 0x00, 0x00, 0xF3, 0x9C, 0xFF, 0xFF, 0xDF, 0xFF, 0xFF, 0xFF, 0xFF, 0xFF, 0xFF, 0xFF,
    0xFF, 0xFF, 0xFF, 0xFF, 0xFF, 0xFF, 0xFF, 0xFF, 0xFF, 0xFF, 0xFF, 0xFF, 0xFF, 0xFF, 0xFF, 0xFF,
    0xFF, 0xFF, 0xFF, 0xFF, 0xFF, 0xFF, 0xFF, 0xFF, 0xFF, 0xFF, 0xFF, 0xFF, 0xFF, 0xFF, 0xFF, 0xFF,
    0xFF, 0xFF, 0xFF, 0xFF, 0xFF, 0xFF, 0xFF, 0xFF, 0xFF, 0xFF, 0xFF, 0xFF, 0xFF, 0xFF, 0xFF, 0xFF,
    0xFF, 0xFF, 0xFF, 0xFF, 0xFF, 0xFF, 0xFF, 0xFF, 0xFF, 0xFF, 0xFF, 0xFF, 0xFF, 0xFF, 0xFF, 0xFF,
    0xFF, 0xFF, 0xFF, 0xFF, 0xFF, 0xFF, 0xFF, 0xFF, 0xFF, 0xFF, 0xFF, 0xFF, 0xFF, 0xFF, 0xFF, 0xFF,
    0xFF, 0xFF, 0xFF, 0xFF, 0xFF, 0xFF, 0xFF, 0xFF, 0xFF, 0xFF, 0xFF, 0xFF, 0xFF, 0xFF, 0xFF, 0xFF,
    0xFF, 0xFF, 0xFF, 0xFF, 0xFF, 0xFF, 0xFF, 0xFF, 0xFF, 0xFF, 0xFF, 0xFF, 0xFF, 0xFF, 0xFF, 0xFF,
    0xFF, 0xFF, 0xFF, 0xFF, 0xFF, 0xFF, 0xFF, 0xFF, 0xFF, 0xFF, 0xFF, 0xFF, 0xFF, 0xFF, 0xFF, 0xFF,
    0xFF, 0xFF, 0xFF, 0xFF, 0xFF, 0xFF, 0xFF, 0xFF, 0xFF, 0xFF, 0xFF, 0xFF, 0xFF, 0xFF, 0xFF, 0xFF,
    0xFF, 0xFF, 0xFF, 0xFF, 0xFF, 0xFF, 0xFF, 0xFF, 0xFF, 0xFF, 0xFF, 0xFF, 0xFF, 0xFF, 0xFF, 0xFF,
    0xFF, 0xFF, 0xFF, 0xFF, 0xFF, 0xFF, 0xFF, 0xFF, 0xDF, 0xFF, 0xFF, 0xFF, 0xFB, 0xDE, 0xC7, 0x39,
    0x00, 0x00, 0x41, 0x08, 0x00, 0x00, 0x41, 0x08, 0x14, 0xA5, 0xFF, 0xFF, 0xFF, 0xFF, 0xDF, 0xFF,
    0xFF, 0xFF, 0xFF, 0xFF, 0xFF, 0xFF, 0xFF, 0xFF, 0xFF, 0xFF, 0xFF, 0xFF, 0x45, 0x29, 0x00, 0x00,
    0x20, 0x00, 0x00, 0x00, 0xF3, 0x9C, 0xFF, 0xFF, 0xDF, 0xFF, 0xFF, 0xFF, 0xFF, 0xFF, 0xFF, 0xFF,
    0xFF, 0xFF, 0xFF, 0xFF, 0xFF, 0xFF, 0xFF, 0xFF, 0xFF, 0xFF, 0xFF, 0xFF, 0xFF, 0xFF, 0xFF, 0xFF,
    0xFF, 0xFF, 0xFF, 0xFF, 0xFF, 0xFF, 0xFF, 0xFF, 0xFF, 0xFF, 0xFF, 0xFF, 0xFF, 0xFF, 0xFF, 0xFF,
    0xFF, 0xFF, 0xFF, 0xFF, 0xFF, 0xFF, 0xFF, 0xFF, 0xFF, 0xFF, 0xFF, 0xFF, 0xFF, 0xFF, 0xFF, 0xFF,
    0xFF, 0xFF, 0xFF, 0xFF, 0xFF, 0xFF, 0xFF, 0xFF, 0xFF, 0xFF, 0xFF, 0xFF, 0xFF, 0xFF, 0xFF, 0xFF,
    0xFF, 0xFF, 0xFF, 0xFF, 0xFF, 0xFF, 0xFF, 0xFF, 0xFF, 0xFF, 0xFF, 0xFF, 0xFF, 0xFF, 0xFF, 0xFF,
    0xFF, 0xFF, 0xFF, 0xFF, 0xFF, 0xFF, 0xFF, 0xFF, 0xFF, 0xFF, 0xFF, 0xFF, 0xFF, 0xFF, 0xFF, 0xFF,
    0xFF, 0xFF, 0xFF, 0xFF, 0xFF, 0xFF, 0xFF, 0xFF, 0xFF, 0xFF, 0xFF, 0xFF, 0xFF, 0xFF, 0xFF, 0xFF,
    0xFF, 0xFF, 0xFF, 0xFF, 0xFF, 0xFF, 0xFF, 0xFF, 0xFF, 0xFF, 0xFF, 0xFF, 0xFF, 0xFF, 0xFF, 0xFF,
    0xFF, 0xFF, 0xFF, 0xFF, 0xFF, 0xFF, 0xFF, 0xFF, 0xFF, 0xFF, 0xFF, 0xFF, 0xFF, 0xFF, 0xFF, 0xFF,
    0xFF, 0xFF, 0xFF, 0xFF, 0xFF, 0xFF, 0xFF, 0xFF, 0xFF, 0xFF, 0xFF, 0xFF, 0xFF, 0xFF, 0xFF, 0xFF,
    0xFF, 0xFF, 0xFF, 0xFF, 0xFF, 0xFF, 0xFF, 0xFF, 0xFF, 0xFF, 0xB6, 0xB5, 0xA2, 0x10, 0x00, 0x00,
    0x41, 0x08, 0x00, 0x00, 0x45, 0x29, 0x79, 0xCE, 0xFF, 0xFF, 0xDF, 0xFF, 0xDF, 0xFF, 0xFF, 0xFF,
    0x7D, 0xEF, 0x0C, 0x63, 0x3C, 0xE7, 0xFF, 0xFF, 0xFF, 0xFF, 0xFF, 0xFF, 0x45, 0x29, 0x00, 0x00,
    0x20, 0x00, 0x00, 0x00, 0xF3, 0x9C, 0xFF, 0xFF, 0xDF, 0xFF, 0xFF, 0xFF, 0xFF, 0xFF, 0xFF, 0xFF,
    0xFF, 0xFF, 0xFF, 0xFF, 0xFF, 0xFF, 0xFF, 0xFF, 0xFF, 0xFF, 0xFF, 0xFF, 0xFF, 0xFF, 0xFF, 0xFF,
    0xFF, 0xFF, 0xFF, 0xFF, 0xFF, 0xFF, 0xFF, 0xFF, 0xFF, 0xFF, 0xFF, 0xFF, 0xFF, 0xFF, 0xFF, 0xFF,
    0xFF, 0xFF, 0xFF, 0xFF, 0xFF, 0xFF, 0xFF, 0xFF, 0xFF, 0xFF, 0xFF, 0xFF, 0xFF, 0xFF, 0xFF, 0xFF,
    0xFF, 0xFF, 0xFF, 0xFF, 0xFF, 0xFF, 0xFF, 0xFF, 0xFF, 0xFF, 0xFF, 0xFF, 0xFF, 0xFF, 0xFF, 0xFF,
    0xFF, 0xFF, 0xFF, 0xFF, 0xFF, 0xFF, 0xFF, 0xFF, 0xFF, 0xFF, 0xFF, 0xFF, 0xFF, 0xFF, 0xFF, 0xFF,
    0xFF, 0xFF, 0xFF, 0xFF, 0xFF, 0xFF, 0xFF, 0xFF, 0xFF, 0xFF, 0xFF, 0xFF, 0xFF, 0xFF, 0xFF, 0xFF,
    0xFF, 0xFF, 0xFF, 0xFF, 0xFF, 0xFF, 0xFF, 0xFF, 0xFF, 0xFF, 0xFF, 0xFF, 0xFF, 0xFF, 0xFF, 0xFF,
    0xFF, 0xFF, 0xFF, 0xFF, 0xFF, 0xFF, 0xFF, 0xFF, 0xFF, 0xFF, 0xFF, 0xFF, 0xFF, 0xFF, 0xFF, 0xFF,
    0xFF, 0xFF, 0xFF, 0xFF, 0xFF, 0xFF, 0xFF, 0xFF, 0xFF, 0xFF, 0xFF, 0xFF, 0xFF, 0xFF, 0xFF, 0xFF,
    0xFF, 0xFF, 0xFF, 0xFF, 0xFF, 0xFF, 0xFF, 0xFF, 0xFF, 0xFF, 0xFF, 0xFF, 0xFF, 0xFF, 0xFF, 0xFF,
    0xFF, 0xFF, 0xFF, 0xFF, 0xFF, 0xFF, 0xFF, 0xFF, 0x51, 0x8C, 0x00, 0x00, 0x00, 0x00, 0x20, 0x00,
    0x00, 0x00, 0x8A, 0x52, 0x7D, 0xEF, 0xFF, 0xFF, 0xDF, 0xFF, 0xDF, 0xFF, 0xFF, 0xFF, 0x9A, 0xD6,
    0x45, 0x29, 0x00, 0x00, 0x7D, 0xEF, 0xFF, 0xFF, 0xFF, 0xFF, 0xFF, 0xFF, 0x45, 0x29, 0x00, 0x00,
    0x20, 0x00, 0x00, 0x00, 0xF3, 0x9C, 0xFF, 0xFF, 0xDF, 0xFF, 0xFF, 0xFF, 0xFF, 0xFF, 0xFF, 0xFF,
    0xFF, 0xFF, 0xFF, 0xFF, 0xFF, 0xFF, 0xFF, 0xFF, 0xFF, 0xFF, 0xFF, 0xFF, 0xFF, 0xFF, 0xFF, 0xFF,
    0xFF, 0xFF, 0xFF, 0xFF, 0xFF, 0xFF, 0xFF, 0xFF, 0xFF, 0xFF, 0xFF, 0xFF, 0xFF, 0xFF, 0xFF, 0xFF,
    0xFF, 0xFF, 0xFF, 0xFF, 0xFF, 0xFF, 0xFF, 0xFF, 0xFF, 0xFF, 0xFF, 0xFF, 0xFF, 0xFF, 0xFF, 0xFF,
    0xFF, 0xFF, 0xFF, 0xFF, 0xFF, 0xFF, 0xFF, 0xFF, 0xFF, 0xFF, 0xFF, 0xFF, 0xFF, 0xFF, 0xFF, 0xFF,
    0xFF, 0xFF, 0xFF, 0xFF, 0xFF, 0xFF, 0xFF, 0xFF, 0xFF, 0xFF, 0xFF, 0xFF, 0xFF, 0xFF, 0xFF, 0xFF,
    0xFF, 0xFF, 0xFF, 0xFF, 0xFF, 0xFF, 0xFF, 0xFF, 0xFF, 0xFF, 0xFF, 0xFF, 0xFF, 0xFF, 0xFF, 0xFF,
    0xFF, 0xFF, 0xFF, 0xFF, 0xFF, 0xFF, 0xFF, 0xFF, 0xFF, 0xFF, 0xFF, 0xFF, 0xFF, 0xFF, 0xFF, 0xFF,
    0xFF, 0xFF, 0xFF, 0xFF, 0xFF, 0xFF, 0xFF, 0xFF, 0xFF, 0xFF, 0xFF, 0xFF, 0xFF, 0xFF, 0xFF, 0xFF,
    0xFF, 0xFF, 0xFF, 0xFF, 0xFF, 0xFF, 0xFF, 0xFF, 0xFF, 0xFF, 0xFF, 0xFF, 0xFF, 0xFF, 0xFF, 0xFF,
    0xFF, 0xFF, 0xFF, 0xFF, 0xFF, 0xFF, 0xFF, 0xFF, 0xFF, 0xFF, 0xFF, 0xFF, 0xFF, 0xFF, 0xFF, 0xFF,
    0xDF, 0xFF, 0xFF, 0xFF, 0x9E, 0xF7, 0xCB, 0x5A, 0x00, 0x00, 0x20, 0x00, 0x00, 0x00, 0x00, 0x00,
    0x10, 0x84, 0xFF, 0xFF, 0xFF, 0xFF, 0xDF, 0xFF, 0xFF, 0xFF, 0xFF, 0xFF, 0x34, 0xA5, 0x61, 0x08,
    0x00, 0x00, 0xA2, 0x10, 0x5D, 0xEF, 0xFF, 0xFF, 0xFF, 0xFF, 0xFF, 0xFF, 0x45, 0x29, 0x00, 0x00,
    0x20, 0x00, 0x00, 0x00, 0xF3, 0x9C, 0xFF, 0xFF, 0xDF, 0xFF, 0xFF, 0xFF, 0xFF, 0xFF, 0xFF, 0xFF,
    0xFF, 0xFF, 0xFF, 0xFF, 0xFF, 0xFF, 0xFF, 0xFF, 0xFF, 0xFF, 0xFF, 0xFF, 0xFF, 0xFF, 0xFF, 0xFF,
    0xFF, 0xFF, 0xFF, 0xFF, 0xFF, 0xFF, 0xFF, 0xFF, 0xFF, 0xFF, 0xFF, 0xFF, 0xFF, 0xFF, 0xFF, 0xFF,
    0xFF, 0xFF, 0xFF, 0xFF, 0xFF, 0xFF, 0xFF, 0xFF, 0xFF, 0xFF, 0xFF, 0xFF, 0xFF, 0xFF, 0xFF, 0xFF,
    0xFF, 0xFF, 0xFF, 0xFF, 0xFF, 0xFF, 0xFF, 0xFF, 0xFF, 0xFF, 0xFF, 0xFF, 0xFF, 0xFF, 0xFF, 0xFF,
    0xFF, 0xFF, 0xFF, 0xFF, 0xFF, 0xFF, 0xFF, 0xFF, 0xFF, 0xFF, 0xFF, 0xFF, 0xFF, 0xFF, 0xFF, 0xFF,
    0xFF, 0xFF, 0xFF, 0xFF, 0xFF, 0xFF, 0xFF, 0xFF, 0xFF, 0xFF, 0xFF, 0xFF, 0xFF, 0xFF, 0xFF, 0xFF,
    0xFF, 0xFF, 0xFF, 0xFF, 0xFF, 0xFF, 0xFF, 0xFF, 0xFF, 0xFF, 0xFF, 0xFF, 0xFF, 0xFF, 0xFF, 0xFF,
    0xFF, 0xFF, 0xFF, 0xFF, 0xFF, 0xFF, 0xFF, 0xFF, 0xFF, 0xFF, 0xFF, 0xFF, 0xFF, 0xFF, 0xFF, 0xFF,
    0xFF, 0xFF, 0xFF, 0xFF, 0xFF, 0xFF, 0xFF, 0xFF, 0xFF, 0xFF, 0xFF, 0xFF, 0xFF, 0xFF, 0xFF, 0xFF,
    0xFF, 0xFF, 0xFF, 0xFF, 0xFF, 0xFF, 0xFF, 0xFF, 0xFF, 0xFF, 0xFF, 0xFF, 0xFF, 0xFF, 0xDF, 0xFF,
    0xFF, 0xFF, 0x9A, 0xD6, 0x65, 0x29, 0x00, 0x00, 0x41, 0x08, 0x00, 0x00, 0x82, 0x10, 0x75, 0xAD,
    0xFF, 0xFF, 0xFF, 0xFF, 0xDF, 0xFF, 0xFF, 0xFF, 0xFF, 0xFF, 0xAE, 0x73, 0x00, 0x00, 0x00, 0x00,
    0x00, 0x00, 0x82, 0x10, 0x5D, 0xEF, 0xFF, 0xFF, 0xFF, 0xFF, 0xFF, 0xFF, 0x45, 0x29, 0x00, 0x00,
    0x20, 0x00, 0x00, 0x00, 0xF3, 0x9C, 0xFF, 0xFF, 0xDF, 0xFF, 0xFF, 0xFF, 0xFF, 0xFF, 0xFF, 0xFF,
    0xFF, 0xFF, 0xFF, 0xFF, 0xFF, 0xFF, 0xFF, 0xFF, 0xFF, 0xFF, 0xFF, 0xFF, 0xFF, 0xFF, 0xFF, 0xFF,
    0xFF, 0xFF, 0xFF, 0xFF, 0xFF, 0xFF, 0xFF, 0xFF, 0xFF, 0xFF, 0xFF, 0xFF, 0xFF, 0xFF, 0xFF, 0xFF,
    0xFF, 0xFF, 0xFF, 0xFF, 0xFF, 0xFF, 0xFF, 0xFF, 0xFF, 0xFF, 0xFF, 0xFF, 0xFF, 0xFF, 0xFF, 0xFF,
    0xFF, 0xFF, 0xFF, 0xFF, 0xFF, 0xFF, 0xFF, 0xFF, 0xFF, 0xFF, 0xFF, 0xFF, 0xFF, 0xFF, 0xFF, 0xFF,
    0xFF, 0xFF, 0xFF, 0xFF, 0xFF, 0xFF, 0xFF, 0xFF, 0xFF, 0xFF, 0xFF, 0xFF, 0xFF, 0xFF, 0xFF, 0xFF,
    0xFF, 0xFF, 0xFF, 0xFF, 0xFF, 0xFF, 0xFF, 0xFF, 0xFF, 0xFF, 0xFF, 0xFF, 0xFF, 0xFF, 0xFF, 0xFF,
    0xFF, 0xFF, 0xFF, 0xFF, 0xFF, 0xFF, 0xFF, 0xFF, 0xFF, 0xFF, 0xFF, 0xFF, 0xFF, 0xFF, 0xFF, 0xFF,
    0xFF, 0xFF, 0xFF, 0xFF, 0xFF, 0xFF, 0xFF, 0xFF, 0xFF, 0xFF, 0xFF, 0xFF, 0xFF, 0xFF, 0xFF, 0xFF,
    0xFF, 0xFF, 0xFF, 0xFF, 0xFF, 0xFF, 0xFF, 0xFF, 0xFF, 0xFF, 0xFF, 0xFF, 0xFF, 0xFF, 0xFF, 0xFF,
    0xFF, 0xFF, 0xFF, 0xFF, 0xFF, 0xFF, 0xFF, 0xFF, 0xFF, 0xFF, 0xFF, 0xFF, 0xFF, 0xFF, 0xFF, 0xFF,
    0x55, 0xAD, 0x61, 0x08, 0x00, 0x00, 0x41, 0x08, 0x00, 0x00, 0xA6, 0x31, 0xDB, 0xDE, 0xFF, 0xFF,
    0xDF, 0xFF, 0xDF, 0xFF, 0xFF, 0xFF, 0x5D, 0xEF, 0x49, 0x4A, 0x00, 0x00, 0x20, 0x00, 0x00, 0x00,
    0x00, 0x00, 0x82, 0x10, 0x5D, 0xEF, 0xFF, 0xFF, 0xFF, 0xFF, 0xFF, 0xFF, 0x45, 0x29, 0x00, 0x00,
    0x20, 0x00, 0x00, 0x00, 0xF3, 0x9C, 0xFF, 0xFF, 0xDF, 0xFF, 0xFF, 0xFF, 0xFF, 0xFF, 0xFF, 0xFF,
    0xFF, 0xFF, 0xFF, 0xFF, 0xFF, 0xFF, 0xFF, 0xFF, 0xFF, 0xFF, 0xFF, 0xFF, 0xFF, 0xFF, 0xFF, 0xFF,
    0xFF, 0xFF, 0xFF, 0xFF, 0xFF, 0xFF, 0xFF, 0xFF, 0xFF, 0xFF, 0xFF, 0xFF, 0xFF, 0xFF, 0xFF, 0xFF,
    0xFF, 0xFF, 0xFF, 0xFF, 0xFF, 0xFF, 0xFF, 0xFF, 0xFF, 0xFF, 0xFF, 0xFF, 0xFF, 0xFF, 0xFF, 0xFF,
    0xFF, 0xFF, 0xFF, 0xFF, 0xFF, 0xFF, 0xFF, 0xFF, 0xFF, 0xFF, 0xFF, 0xFF, 0xFF, 0xFF, 0xFF, 0xFF,
    0xFF, 0xFF, 0xFF, 0xFF, 0xFF, 0xFF, 0xFF, 0xFF, 0xFF, 0xFF, 0xFF, 0xFF, 0xFF, 0xFF, 0xFF, 0xFF,
    0xFF, 0xFF, 0xFF, 0xFF, 0xFF, 0xFF, 0xFF, 0xFF, 0xFF, 0xFF, 0xFF, 0xFF, 0xFF, 0xFF, 0xFF, 0xFF,
    0xFF, 0xFF, 0xFF, 0xFF, 0xFF, 0xFF, 0xFF, 0xFF, 0xFF, 0xFF, 0xFF, 0xFF, 0xFF, 0xFF, 0xFF, 0xFF,
    0xFF, 0xFF, 0xFF, 0xFF, 0xFF, 0xFF, 0xFF, 0xFF, 0xFF, 0xFF, 0xFF, 0xFF, 0xFF, 0xFF, 0xFF, 0xFF,
    0xFF, 0xFF, 0xFF, 0xFF, 0xFF, 0xFF, 0xFF, 0xFF, 0xFF, 0xFF, 0xFF, 0xFF, 0xFF, 0xFF, 0xFF, 0xFF,
    0xFF, 0xFF, 0xFF, 0xFF, 0xFF, 0xFF, 0xFF, 0xFF, 0xFF, 0xFF, 0xFF, 0xFF, 0xFF, 0xFF, 0xCF, 0x7B,
    0x00, 0x00, 0x00, 0x00, 0x20, 0x00, 0x00, 0x00, 0xEB, 0x5A, 0xBE, 0xF7, 0xFF, 0xFF, 0xDF, 0xFF,
    0xFF, 0xFF, 0xFF, 0xFF, 0x38, 0xC6, 0x04, 0x21, 0x00, 0x00, 0x20, 0x00, 0x00, 0x00, 0x00, 0x00,
    0x00, 0x00, 0x82, 0x10, 0x5D, 0xEF, 0xFF, 0xFF, 0xFF, 0xFF, 0xFF, 0xFF, 0x45, 0x29, 0x00, 0x00,
    0x20, 0x00, 0x00, 0x00, 0xF3, 0x9C, 0xFF, 0xFF, 0xDF, 0xFF, 0xFF, 0xFF, 0xFF, 0xFF, 0xFF, 0xFF,
    0xFF, 0xFF, 0xFF, 0xFF, 0xFF, 0xFF, 0xFF, 0xFF, 0xFF, 0xFF, 0xFF, 0xFF, 0xFF, 0xFF, 0xFF, 0xFF,
    0xFF, 0xFF, 0xFF, 0xFF, 0xFF, 0xFF, 0xFF, 0xFF, 0xFF, 0xFF, 0xFF, 0xFF, 0xFF, 0xFF, 0xFF, 0xFF,
    0xFF, 0xFF, 0xFF, 0xFF, 0xFF, 0xFF, 0xFF, 0xFF, 0xFF, 0xFF, 0xFF, 0xFF, 0xFF, 0xFF, 0xFF, 0xFF,
    0xFF, 0xFF, 0xFF, 0xFF, 0xFF, 0xFF, 0xFF, 0xFF, 0xFF, 0xFF, 0xFF, 0xFF, 0xFF, 0xFF, 0xFF, 0xFF,
    0xFF, 0xFF, 0xFF, 0xFF, 0xFF, 0xFF, 0xFF, 0xFF, 0xFF, 0xFF, 0xFF, 0xFF, 0xFF, 0xFF, 0xFF, 0xFF,
    0xFF, 0xFF, 0xFF, 0xFF, 0xFF, 0xFF, 0xFF, 0xFF, 0xFF, 0xFF, 0xFF, 0xFF, 0xFF, 0xFF, 0xFF, 0xFF,
    0xFF, 0xFF, 0xFF, 0xFF, 0xFF, 0xFF, 0xFF, 0xFF, 0xFF, 0xFF, 0xFF, 0xFF, 0xFF, 0xFF, 0xFF, 0xFF,
    0xFF, 0xFF, 0xFF, 0xFF, 0xFF, 0xFF, 0xFF, 0xFF, 0xFF, 0xFF, 0xFF, 0xFF, 0xFF, 0xFF, 0xFF, 0xFF,
    0xFF, 0xFF, 0xFF, 0xFF, 0xFF, 0xFF, 0xFF, 0xFF, 0xFF, 0xFF, 0xFF, 0xFF, 0xFF, 0xFF, 0xFF, 0xFF,
    0xFF, 0xFF, 0xFF, 0xFF, 0xFF, 0xFF, 0xDF, 0xFF, 0xFF, 0xFF, 0x5D, 0xEF, 0x49, 0x4A, 0x00, 0x00,
    0x20, 0x00, 0x00, 0x00, 0x00, 0x00, 0x92, 0x94, 0xFF, 0xFF, 0xFF, 0xFF, 0xDF, 0xFF, 0xFF, 0xFF,
    0xFF, 0xFF, 0xD3, 0x9C, 0x20, 0x00, 0x00, 0x00, 0x20, 0x00, 0x00, 0x00, 0x69, 0x4A, 0xEB, 0x5A,
    0x00, 0x00, 0x82, 0x10, 0x5D, 0xEF, 0xFF, 0xFF, 0xFF, 0xFF, 0xFF, 0xFF, 0x45, 0x29, 0x00, 0x00,
    0x20, 0x00, 0x00, 0x00, 0xF3, 0x9C, 0xFF, 0xFF, 0xDF, 0xFF, 0xFF, 0xFF, 0xFF, 0xFF, 0xFF, 0xFF,
    0xFF, 0xFF, 0xFF, 0xFF, 0xFF, 0xFF, 0xFF, 0xFF, 0xFF, 0xFF, 0xFF, 0xFF, 0xFF, 0xFF, 0xFF, 0xFF,
    0xFF, 0xFF, 0xFF, 0xFF, 0xFF, 0xFF, 0xFF, 0xFF, 0xFF, 0xFF, 0xFF, 0xFF, 0xFF, 0xFF, 0xFF, 0xFF,
    0xFF, 0xFF, 0xFF, 0xFF, 0xFF, 0xFF, 0xFF, 0xFF, 0xFF, 0xFF, 0xFF, 0xFF, 0xFF, 0xFF, 0xFF, 0xFF,
    0xFF, 0xFF, 0xFF, 0xFF, 0xFF, 0xFF, 0xFF, 0xFF, 0xFF, 0xFF, 0xFF, 0xFF, 0xFF, 0xFF, 0xFF, 0xFF,
    0xFF, 0xFF, 0xFF, 0xFF, 0xFF, 0xFF, 0xFF, 0xFF, 0xFF, 0xFF, 0xFF, 0xFF, 0xFF, 0xFF, 0xFF, 0xFF,
    0xFF, 0xFF, 0xFF, 0xFF, 0xFF, 0xFF, 0xFF, 0xFF, 0xFF, 0xFF, 0xFF, 0xFF, 0xFF, 0xFF, 0xFF, 0xFF,
    0xFF, 0xFF, 0xFF, 0xFF, 0xFF, 0xFF, 0xFF, 0xFF, 0xFF, 0xFF, 0xFF, 0xFF, 0xFF, 0xFF, 0xFF, 0xFF,
    0xFF, 0xFF, 0xFF, 0xFF, 0xFF, 0xFF, 0xFF, 0xFF, 0xFF, 0xFF, 0xFF, 0xFF, 0xFF, 0xFF, 0xFF, 0xFF,
    0xFF, 0xFF, 0xFF, 0xFF, 0xFF, 0xFF, 0xFF, 0xFF, 0xFF, 0xFF, 0xFF, 0xFF, 0xFF, 0xFF, 0xFF, 0xFF,
    0xFF, 0xFF, 0xFF, 0xFF, 0xFF, 0xFF, 0xFF, 0xFF, 0x38, 0xC6, 0x04, 0x21, 0x00, 0x00, 0x41, 0x08,
    0x00, 0x00, 0xE3, 0x18, 0xF7, 0xBD, 0xFF, 0xFF, 0xFF, 0xFF, 0xDF, 0xFF, 0xFF, 0xFF, 0xDF, 0xFF,
    0x4D, 0x6B, 0x00, 0x00, 0x20, 0x00, 0x00, 0x00, 0x00, 0x00, 0x4D, 0x6B, 0xFF, 0xFF, 0xCF, 0x7B,
    0x00, 0x00, 0xA2, 0x10, 0x5D, 0xEF, 0xFF, 0xFF, 0xFF, 0xFF, 0xFF, 0xFF, 0x45, 0x29, 0x00, 0x00,
    0x20, 0x00, 0x00, 0x00, 0xF3, 0x9C, 0xFF, 0xFF, 0xDF, 0xFF, 0xFF, 0xFF, 0xFF, 0xFF, 0xFF, 0xFF,
    0xFF, 0xFF, 0xFF, 0xFF, 0xFF, 0xFF, 0xFF, 0xFF, 0xFF, 0xFF, 0xFF, 0xFF, 0xFF, 0xFF, 0xFF, 0xFF,
    0xFF, 0xFF, 0xFF, 0xFF, 0xFF, 0xFF, 0xFF, 0xFF, 0xFF, 0xFF, 0xFF, 0xFF, 0xFF, 0xFF, 0xFF, 0xFF,
    0xFF, 0xFF, 0xFF, 0xFF, 0xFF, 0xFF, 0xFF, 0xFF, 0xFF, 0xFF, 0xFF, 0xFF, 0xFF, 0xFF, 0xFF, 0xFF,
    0xFF, 0xFF, 0xFF, 0xFF, 0xFF, 0xFF, 0xFF, 0xFF, 0xFF, 0xFF, 0xFF, 0xFF, 0xFF, 0xFF, 0xFF, 0xFF,
    0xFF, 0xFF, 0xFF, 0xFF, 0xFF, 0xFF, 0xFF, 0xFF, 0xFF, 0xFF, 0xFF, 0xFF, 0xFF, 0xFF, 0xFF, 0xFF,
    0xFF, 0xFF, 0xFF, 0xFF, 0xFF, 0xFF, 0xFF, 0xFF, 0xFF, 0xFF, 0xFF, 0xFF, 0xFF, 0xFF, 0xFF, 0xFF,
    0xFF, 0xFF, 0xFF, 0xFF, 0xFF, 0xFF, 0xFF, 0xFF, 0xFF, 0xFF, 0xFF, 0xFF, 0xFF, 0xFF, 0xFF, 0xFF,
    0xFF, 0xFF, 0xFF, 0xFF, 0xFF, 0xFF, 0xFF, 0xFF, 0xFF, 0xFF, 0xFF, 0xFF, 0xFF, 0xFF, 0xFF, 0xFF,
    0xFF, 0xFF, 0xFF, 0xFF, 0xFF, 0xFF, 0xFF, 0xFF, 0xFF, 0xFF, 0xFF, 0xFF, 0xFF, 0xFF, 0xFF, 0xFF,
    0xFF, 0xFF, 0xFF, 0xFF, 0xFF, 0xFF, 0xD3, 0x9C, 0x20, 0x00, 0x00, 0x00, 0x20, 0x00, 0x00, 0x00,
    0x08, 0x42, 0x1C, 0xE7, 0xFF, 0xFF, 0xDF, 0xFF, 0xDF, 0xFF, 0xFF, 0xFF, 0xFB, 0xDE, 0xC7, 0x39,
    0x00, 0x00, 0x20, 0x00, 0x00, 0x00, 0x41, 0x08, 0xF3, 0x9C, 0xFF, 0xFF, 0xFF, 0xFF, 0x8E, 0x73,
    0x00, 0x00, 0xA2, 0x10, 0x5D, 0xEF, 0xFF, 0xFF, 0xFF, 0xFF, 0xFF, 0xFF, 0x45, 0x29, 0x00, 0x00,
    0x20, 0x00, 0x00, 0x00, 0xF3, 0x9C, 0xFF, 0xFF, 0xDF, 0xFF, 0xFF, 0xFF, 0xFF, 0xFF, 0xFF, 0xFF,
    0xFF, 0xFF, 0xFF, 0xFF, 0xFF, 0xFF, 0xFF, 0xFF, 0xFF, 0xFF, 0xFF, 0xFF, 0xFF, 0xFF, 0xFF, 0xFF,
    0xFF, 0xFF, 0xFF, 0xFF, 0xFF, 0xFF, 0xFF, 0xFF, 0xFF, 0xFF, 0xFF, 0xFF, 0xFF, 0xFF, 0xFF, 0xFF,
    0xFF, 0xFF, 0xFF, 0xFF, 0xFF, 0xFF, 0xFF, 0xFF, 0xFF, 0xFF, 0xFF, 0xFF, 0xFF, 0xFF, 0xFF, 0xFF,
    0xFF, 0xFF, 0xFF, 0xFF, 0xFF, 0xFF, 0xFF, 0xFF, 0xFF, 0xFF, 0xFF, 0xFF, 0xFF, 0xFF, 0xFF, 0xFF,
    0xFF, 0xFF, 0xFF, 0xFF, 0xFF, 0xFF, 0xFF, 0xFF, 0xFF, 0xFF, 0xFF, 0xFF, 0xFF, 0xFF, 0xFF, 0xFF,
    0xFF, 0xFF, 0xFF, 0xFF, 0xFF, 0xFF, 0xFF, 0xFF, 0xFF, 0xFF, 0xFF, 0xFF, 0xFF, 0xFF, 0xFF, 0xFF,
    0xFF, 0xFF, 0xFF, 0xFF, 0xFF, 0xFF, 0xFF, 0xFF, 0xFF, 0xFF, 0xFF, 0xFF, 0xFF, 0xFF, 0xFF, 0xFF,
    0xFF, 0xFF, 0xFF, 0xFF, 0xFF, 0xFF, 0xFF, 0xFF, 0xFF, 0xFF, 0xFF, 0xFF, 0xFF, 0xFF, 0xFF, 0xFF,
    0xFF, 0xFF, 0xFF, 0xFF, 0xFF, 0xFF, 0xFF, 0xFF, 0xFF, 0xFF, 0xFF, 0xFF, 0xFF, 0xFF, 0xFF, 0xFF,
    0xFF, 0xFF, 0xDF, 0xFF, 0x4D, 0x6B, 0x00, 0x00, 0x00, 0x00, 0x20, 0x00, 0x00, 0x00, 0x6D, 0x6B,
    0xDF, 0xFF, 0xFF, 0xFF, 0xDF, 0xFF, 0xFF, 0xFF, 0xFF, 0xFF, 0xD7, 0xBD, 0xC3, 0x18, 0x00, 0x00,
    0x41, 0x08, 0x00, 0x00, 0x04, 0x21, 0x38, 0xC6, 0xFF, 0xFF, 0xBE, 0xF7, 0xFF, 0xFF, 0x8E, 0x73,
    0x00, 0x00, 0xA2, 0x10, 0x5D, 0xEF, 0xFF, 0xFF, 0xFF, 0xFF, 0xFF, 0xFF, 0x45, 0x29, 0x00, 0x00,
    0x20, 0x00, 0x00, 0x00, 0xF3, 0x9C, 0xFF, 0xFF, 0xDF, 0xFF, 0xFF, 0xFF, 0xFF, 0xFF, 0xFF, 0xFF,
    0xFF, 0xFF, 0xFF, 0xFF, 0xFF, 0xFF, 0xFF, 0xFF, 0xFF, 0xFF, 0xFF, 0xFF, 0xFF, 0xFF, 0xFF, 0xFF,
    0xFF, 0xFF, 0xFF, 0xFF, 0xFF, 0xFF, 0xFF, 0xFF, 0xFF, 0xFF, 0xFF, 0xFF, 0xFF, 0xFF, 0xFF, 0xFF,
    0xFF, 0xFF, 0xFF, 0xFF, 0xFF, 0xFF, 0xFF, 0xFF, 0xFF, 0xFF, 0xFF, 0xFF, 0xFF, 0xFF, 0xFF, 0xFF,
    0xFF, 0xFF, 0xFF, 0xFF, 0xFF, 0xFF, 0xFF, 0xFF, 0xFF, 0xFF, 0xFF, 0xFF, 0xFF, 0xFF, 0xFF, 0xFF,
    0xFF, 0xFF, 0xFF, 0xFF, 0xFF, 0xFF, 0xFF, 0xFF, 0xFF, 0xFF, 0xFF, 0xFF, 0xFF, 0xFF, 0xFF, 0xFF,
    0xFF, 0xFF, 0xFF, 0xFF, 0xFF, 0xFF, 0xFF, 0xFF, 0xFF, 0xFF, 0xFF, 0xFF, 0xFF, 0xFF, 0xFF, 0xFF,
    0xFF, 0xFF, 0xFF, 0xFF, 0xFF, 0xFF, 0xFF, 0xFF, 0xFF, 0xFF, 0xFF, 0xFF, 0xFF, 0xFF, 0xFF, 0xFF,
    0xFF, 0xFF, 0xFF, 0xFF, 0xFF, 0xFF, 0xFF, 0xFF, 0xFF, 0xFF, 0xFF, 0xFF, 0xFF, 0xFF, 0xFF, 0xFF,
    0xFF, 0xFF, 0xFF, 0xFF, 0xFF, 0xFF, 0xFF, 0xFF, 0xFF, 0xFF, 0xFF, 0xFF, 0xDF, 0xFF, 0xFF, 0xFF,
    0xFB, 0xDE, 0xE7, 0x39, 0x00, 0x00, 0x20, 0x00, 0x00, 0x00, 0x41, 0x08, 0xF3, 0x9C, 0xFF, 0xFF,
    0xFF, 0xFF, 0xDF, 0xFF, 0xFF, 0xFF, 0xFF, 0xFF, 0x51, 0x8C, 0x00, 0x00, 0x00, 0x00, 0x20, 0x00,
    0x00, 0x00, 0x49, 0x4A, 0x5D, 0xEF, 0xFF, 0xFF, 0xDF, 0xFF, 0xDF, 0xFF, 0xFF, 0xFF, 0x8E, 0x73,
    0x00, 0x00, 0xA2, 0x10, 0x5D, 0xEF, 0xFF, 0xFF, 0xFF, 0xFF, 0xFF, 0xFF, 0x45, 0x29, 0x00, 0x00,
    0x20, 0x00, 0x00, 0x00, 0xF3, 0x9C, 0xFF, 0xFF, 0xDF, 0xFF, 0xFF, 0xFF, 0xFF, 0xFF, 0xFF, 0xFF,
    0xFF, 0xFF, 0xFF, 0xFF, 0xFF, 0xFF, 0xFF, 0xFF, 0xFF, 0xFF, 0xFF, 0xFF, 0xFF, 0xFF, 0xFF, 0xFF,
    0xFF, 0xFF, 0xFF, 0xFF, 0xFF, 0xFF, 0xFF, 0xFF, 0xFF, 0xFF, 0xFF, 0xFF, 0xFF, 0xFF, 0xFF, 0xFF,
    0xFF, 0xFF, 0xFF, 0xFF, 0xFF, 0xFF, 0xFF, 0xFF, 0xFF, 0xFF, 0xFF, 0xFF, 0xFF, 0xFF, 0xFF, 0xFF,
    0xFF, 0xFF, 0xFF, 0xFF, 0xFF, 0xFF, 0xFF, 0xFF, 0xFF, 0xFF, 0xFF, 0xFF, 0xFF, 0xFF, 0xFF, 0xFF,
    0xFF, 0xFF, 0xFF, 0xFF, 0xFF, 0xFF, 0xFF, 0xFF, 0xFF, 0xFF, 0xFF, 0xFF, 0xFF, 0xFF, 0xFF, 0xFF,
    0xFF, 0xFF, 0xFF, 0xFF, 0xFF, 0xFF, 0xFF, 0xFF, 0xFF, 0xFF, 0xFF, 0xFF, 0xFF, 0xFF, 0xFF, 0xFF,
    0xFF, 0xFF, 0xFF, 0xFF, 0xFF, 0xFF, 0xFF, 0xFF, 0xFF, 0xFF, 0xFF, 0xFF, 0xFF, 0xFF, 0xFF, 0xFF,
    0xFF, 0xFF, 0xFF, 0xFF, 0xFF, 0xFF, 0xFF, 0xFF, 0xFF, 0xFF, 0xFF, 0xFF, 0xFF, 0xFF, 0xFF, 0xFF,
    0xFF, 0xFF, 0xFF, 0xFF, 0xFF, 0xFF, 0xFF, 0xFF, 0xFF, 0xFF, 0xFF, 0xFF, 0xFF, 0xFF, 0xD7, 0xBD,
    0xC3, 0x18, 0x00, 0x00, 0x41, 0x08, 0x00, 0x00, 0x24, 0x21, 0x59, 0xCE, 0xFF, 0xFF, 0xFF, 0xFF,
    0xDF, 0xFF, 0xFF, 0xFF, 0x9E, 0xF7, 0xCB, 0x5A, 0x00, 0x00, 0x20, 0x00, 0x00, 0x00, 0x00, 0x00,
    0xAE, 0x73, 0xFF, 0xFF, 0xFF, 0xFF, 0xFF, 0xFF, 0xFF, 0xFF, 0xDF, 0xFF, 0xFF, 0xFF, 0x8E, 0x73,
    0x00, 0x00, 0xA2, 0x10, 0x5D, 0xEF, 0xFF, 0xFF, 0xFF, 0xFF, 0xFF, 0xFF, 0x45, 0x29, 0x00, 0x00,
    0x20, 0x00, 0x00, 0x00, 0xF3, 0x9C, 0xFF, 0xFF, 0xDF, 0xFF, 0xFF, 0xFF, 0xFF, 0xFF, 0xFF, 0xFF,
    0xFF, 0xFF, 0xFF, 0xFF, 0xFF, 0xFF, 0xFF, 0xFF, 0xFF, 0xFF, 0xFF, 0xFF, 0xFF, 0xFF, 0xFF, 0xFF,
    0xFF, 0xFF, 0xFF, 0xFF, 0xFF, 0xFF, 0xFF, 0xFF, 0xFF, 0xFF, 0xFF, 0xFF, 0xFF, 0xFF, 0xFF, 0xFF,
    0xFF, 0xFF, 0xFF, 0xFF, 0xFF, 0xFF, 0xFF, 0xFF, 0xFF, 0xFF, 0xFF, 0xFF, 0xFF, 0xFF, 0xFF, 0xFF,
    0xFF, 0xFF, 0xFF, 0xFF, 0xFF, 0xFF, 0xFF, 0xFF, 0xFF, 0xFF, 0xFF, 0xFF, 0xFF, 0xFF, 0xFF, 0xFF,
    0xFF, 0xFF, 0xFF, 0xFF, 0xFF, 0xFF, 0xFF, 0xFF, 0xFF, 0xFF, 0xFF, 0xFF, 0xFF, 0xFF, 0xFF, 0xFF,
    0xFF, 0xFF, 0xFF, 0xFF, 0xFF, 0xFF, 0xFF, 0xFF, 0xFF, 0xFF, 0xFF, 0xFF, 0xFF, 0xFF, 0xFF, 0xFF,
    0xFF, 0xFF, 0xFF, 0xFF, 0xFF, 0xFF, 0xFF, 0xFF, 0xFF, 0xFF, 0xFF, 0xFF, 0xFF, 0xFF, 0xFF, 0xFF,
    0xFF, 0xFF, 0xFF, 0xFF, 0xFF, 0xFF, 0xFF, 0xFF, 0xFF, 0xFF, 0xFF, 0xFF, 0xFF, 0xFF, 0xFF, 0xFF,
    0xFF, 0xFF, 0xFF, 0xFF, 0xFF, 0xFF, 0xFF, 0xFF, 0xFF, 0xFF, 0xFF, 0xFF, 0x51, 0x8C, 0x00, 0x00,
    0x00, 0x00, 0x20, 0x00, 0x00, 0x00, 0x69, 0x4A, 0x5D, 0xEF, 0xFF, 0xFF, 0xDF, 0xFF, 0xDF, 0xFF,
    0xFF, 0xFF, 0x9A, 0xD6, 0x86, 0x31, 0x00, 0x00, 0x41, 0x08, 0x00, 0x00, 0x41, 0x08, 0x34, 0xA5,
    0xFF, 0xFF, 0xFF, 0xFF, 0xFF, 0xFF, 0xFF, 0xFF, 0xFF, 0xFF, 0xDF, 0xFF, 0xFF, 0xFF, 0x8E, 0x73,
    0x00, 0x00, 0xA2, 0x10, 0x5D, 0xEF, 0xFF, 0xFF, 0xFF, 0xFF, 0xFF, 0xFF, 0x45, 0x29, 0x00, 0x00,
    0x20, 0x00, 0x00, 0x00, 0xF3, 0x9C, 0xFF, 0xFF, 0xDF, 0xFF, 0xFF, 0xFF, 0xFF, 0xFF, 0xFF, 0xFF,
    0xFF, 0xFF, 0xFF, 0xFF, 0xFF, 0xFF, 0xFF, 0xFF, 0xFF, 0xFF, 0xFF, 0xFF, 0xFF, 0xFF, 0xFF, 0xFF,
    0xFF, 0xFF, 0xFF, 0xFF, 0xFF, 0xFF, 0xFF, 0xFF, 0xFF, 0xFF, 0xFF, 0xFF, 0xFF, 0xFF, 0xFF, 0xFF,
    0xFF, 0xFF, 0xFF, 0xFF, 0xFF, 0xFF, 0xFF, 0xFF, 0xFF, 0xFF, 0xFF, 0xFF, 0xFF, 0xFF, 0xFF, 0xFF,
    0xFF, 0xFF, 0xFF, 0xFF, 0xFF, 0xFF, 0xFF, 0xFF, 0xFF, 0xFF, 0xFF, 0xFF, 0xFF, 0xFF, 0xFF, 0xFF,
    0xFF, 0xFF, 0xFF, 0xFF, 0xFF, 0xFF, 0xFF, 0xFF, 0xFF, 0xFF, 0xFF, 0xFF, 0xFF, 0xFF, 0xFF, 0xFF,
    0xFF, 0xFF, 0xFF, 0xFF, 0xFF, 0xFF, 0xFF, 0xFF, 0xFF, 0xFF, 0xFF, 0xFF, 0xFF, 0xFF, 0xFF, 0xFF,
    0xFF, 0xFF, 0xFF, 0xFF, 0xFF, 0xFF, 0xFF, 0xFF, 0xFF, 0xFF, 0xFF, 0xFF, 0xFF, 0xFF, 0xFF, 0xFF,
    0xFF, 0xFF, 0xFF, 0xFF, 0xFF, 0xFF, 0xFF, 0xFF, 0xFF, 0xFF, 0xFF, 0xFF, 0xFF, 0xFF, 0xFF, 0xFF,
    0xFF, 0xFF, 0xFF, 0xFF, 0xDF, 0xFF, 0xFF, 0xFF, 0x9E, 0xF7, 0xCB, 0x5A, 0x00, 0x00, 0x20, 0x00,
    0x00, 0x00, 0x00, 0x00, 0xEF, 0x7B, 0xFF, 0xFF, 0xFF, 0xFF, 0xDF, 0xFF, 0xFF, 0xFF, 0xFF, 0xFF,
    0x55, 0xAD, 0x61, 0x08, 0x00, 0x00, 0x41, 0x08, 0x00, 0x00, 0x45, 0x29, 0x79, 0xCE, 0xFF, 0xFF,
    0xDF, 0xFF, 0xFF, 0xFF, 0xFF, 0xFF, 0xFF, 0xFF, 0xFF, 0xFF, 0xDF, 0xFF, 0xFF, 0xFF, 0x8E, 0x73,
    0x00, 0x00, 0xA2, 0x10, 0x5D, 0xEF, 0xFF, 0xFF, 0xFF, 0xFF, 0xFF, 0xFF, 0x45, 0x29, 0x00, 0x00,
    0x20, 0x00, 0x00, 0x00, 0xF3, 0x9C, 0xFF, 0xFF, 0xDF, 0xFF, 0xFF, 0xFF, 0xFF, 0xFF, 0xFF, 0xFF,
    0xFF, 0xFF, 0xFF, 0xFF, 0xFF, 0xFF, 0xFF, 0xFF, 0xFF, 0xFF, 0xFF, 0xFF, 0xFF, 0xFF, 0xFF, 0xFF,
    0xFF, 0xFF, 0xFF, 0xFF, 0xFF, 0xFF, 0xFF, 0xFF, 0xFF, 0xFF, 0xFF, 0xFF, 0xFF, 0xFF, 0xFF, 0xFF,
    0xFF, 0xFF, 0xFF, 0xFF, 0xFF, 0xFF, 0xFF, 0xFF, 0xFF, 0xFF, 0xFF, 0xFF, 0xFF, 0xFF, 0xFF, 0xFF,
    0xFF, 0xFF, 0xFF, 0xFF, 0xFF, 0xFF, 0xFF, 0xFF, 0xFF, 0xFF, 0xFF, 0xFF, 0xFF, 0xFF, 0xFF, 0xFF,
    0xFF, 0xFF, 0xFF, 0xFF, 0xFF, 0xFF, 0xFF, 0xFF, 0xFF, 0xFF, 0xFF, 0xFF, 0xFF, 0xFF, 0xFF, 0xFF,
    0xFF, 0xFF, 0xFF, 0xFF, 0xFF, 0xFF, 0xFF, 0xFF, 0xFF, 0xFF, 0xFF, 0xFF, 0xFF, 0xFF, 0xFF, 0xFF,
    0xFF, 0xFF, 0xFF, 0xFF, 0xFF, 0xFF, 0xFF, 0xFF, 0xFF, 0xFF, 0xFF, 0xFF, 0xFF, 0xFF, 0xFF, 0xFF,
    0xFF, 0xFF, 0xFF, 0xFF, 0xFF, 0xFF, 0xFF, 0xFF, 0xFF, 0xFF, 0xFF, 0xFF, 0xFF, 0xFF, 0xFF, 0xFF,
    0xFF, 0xFF, 0xDF, 0xFF, 0xFF, 0xFF, 0xBA, 0xD6, 0x86, 0x31, 0x00, 0x00, 0x41, 0x08, 0x00, 0x00,
    0x82, 0x10, 0x55, 0xAD, 0xFF, 0xFF, 0xFF, 0xFF, 0xDF, 0xFF, 0xFF, 0xFF, 0xFF, 0xFF, 0xCF, 0x7B,
    0x00, 0x00, 0x00, 0x00, 0x20, 0x00, 0x00, 0x00, 0x8A, 0x52, 0x7D, 0xEF, 0xFF, 0xFF, 0xDF, 0xFF,
    0xFF, 0xFF, 0xFF, 0xFF, 0xFF, 0xFF, 0xFF, 0xFF, 0xFF, 0xFF, 0xDF, 0xFF, 0xFF, 0xFF, 0x8E, 0x73,
    0x00, 0x00, 0xA2, 0x10, 0x5D, 0xEF, 0xFF, 0xFF, 0xFF, 0xFF, 0xFF, 0xFF, 0x45, 0x29, 0x00, 0x00,
    0x20, 0x00, 0x00, 0x00, 0xF3, 0x9C, 0xFF, 0xFF, 0xDF, 0xFF, 0xFF, 0xFF, 0xFF, 0xFF, 0xFF, 0xFF,
    0xFF, 0xFF, 0xFF, 0xFF, 0xFF, 0xFF, 0xFF, 0xFF, 0xFF, 0xFF, 0xFF, 0xFF, 0xFF, 0xFF, 0xFF, 0xFF,
    0xFF, 0xFF, 0xFF, 0xFF, 0xFF, 0xFF, 0xFF, 0xFF, 0xFF, 0xFF, 0xFF, 0xFF, 0xFF, 0xFF, 0xFF, 0xFF,
    0xFF, 0xFF, 0xFF, 0xFF, 0xFF, 0xFF, 0xFF, 0xFF, 0xFF, 0xFF, 0xFF, 0xFF, 0xFF, 0xFF, 0xFF, 0xFF,
    0xFF, 0xFF, 0xFF, 0xFF, 0xFF, 0xFF, 0xFF, 0xFF, 0xFF, 0xFF, 0xFF, 0xFF, 0xFF, 0xFF, 0xFF, 0xFF,
    0xFF, 0xFF, 0xFF, 0xFF, 0xFF, 0xFF, 0xFF, 0xFF, 0xFF, 0xFF, 0xFF, 0xFF, 0xFF, 0xFF, 0xFF, 0xFF,
    0xFF, 0xFF, 0xFF, 0xFF, 0xFF, 0xFF, 0xFF, 0xFF, 0xFF, 0xFF, 0xFF, 0xFF, 0xFF, 0xFF, 0xFF, 0xFF,
    0xFF, 0xFF, 0xFF, 0xFF, 0xFF, 0xFF, 0xFF, 0xFF, 0xFF, 0xFF, 0xFF, 0xFF, 0xFF, 0xFF, 0xFF, 0xFF,
    0xFF, 0xFF, 0xFF, 0xFF, 0xFF, 0xFF, 0xFF, 0xFF, 0xFF, 0xFF, 0xFF, 0xFF, 0xFF, 0xFF, 0xFF, 0xFF,
    0xFF, 0xFF, 0xFF, 0xFF, 0x55, 0xAD, 0x61, 0x08, 0x00, 0x00, 0x41, 0x08, 0x00, 0x00, 0x86, 0x31,
    0xBA, 0xD6, 0xFF, 0xFF, 0xDF, 0xFF, 0xDF, 0xFF, 0xFF, 0xFF, 0x5D, 0xEF, 0x69, 0x4A, 0x00, 0x00,
    0x20, 0x00, 0x00, 0x00, 0x00, 0x00, 0xEF, 0x7B, 0xFF, 0xFF, 0xFF, 0xFF, 0xFF, 0xFF, 0xFF, 0xFF,
    0xFF, 0xFF, 0xFF, 0xFF, 0xFF, 0xFF, 0xFF, 0xFF, 0xFF, 0xFF, 0xDF, 0xFF, 0xFF, 0xFF, 0x8E, 0x73,
    0x00, 0x00, 0xA2, 0x10, 0x5D, 0xEF, 0xFF, 0xFF, 0xFF, 0xFF, 0xFF, 0xFF, 0x45, 0x29, 0x00, 0x00,
    0x20, 0x00, 0x00, 0x00, 0xF3, 0x9C, 0xFF, 0xFF, 0xDF, 0xFF, 0xFF, 0xFF, 0xFF, 0xFF, 0xFF, 0xFF,
    0xFF, 0xFF, 0xFF, 0xFF, 0xFF, 0xFF, 0xFF, 0xFF, 0xFF, 0xFF, 0xFF, 0xFF, 0xFF, 0xFF, 0xFF, 0xFF,
    0xFF, 0xFF, 0xFF, 0xFF, 0xFF, 0xFF, 0xFF, 0xFF, 0xFF, 0xFF, 0xFF, 0xFF, 0xFF, 0xFF, 0xFF, 0xFF,
    0xFF, 0xFF, 0xFF, 0xFF, 0xFF, 0xFF, 0xFF, 0xFF, 0xFF, 0xFF, 0xFF, 0xFF, 0xFF, 0xFF, 0xFF, 0xFF,
    0xFF, 0xFF, 0xFF, 0xFF, 0xFF, 0xFF, 0xFF, 0xFF, 0xFF, 0xFF, 0xFF, 0xFF, 0xFF, 0xFF, 0xFF, 0xFF,
    0xFF, 0xFF, 0xFF, 0xFF, 0xFF, 0xFF, 0xFF, 0xFF, 0xFF, 0xFF, 0xFF, 0xFF, 0xFF, 0xFF, 0xFF, 0xFF,
    0xFF, 0xFF, 0xFF, 0xFF, 0xFF, 0xFF, 0xFF, 0xFF, 0xFF, 0xFF, 0xFF, 0xFF, 0xFF, 0xFF, 0xFF, 0xFF,
    0xFF, 0xFF, 0xFF, 0xFF, 0xFF, 0xFF, 0xFF, 0xFF, 0xFF, 0xFF, 0xFF, 0xFF, 0xFF, 0xFF, 0xFF, 0xFF,
    0xFF, 0xFF, 0xFF, 0xFF, 0xFF, 0xFF, 0xFF, 0xFF, 0xFF, 0xFF, 0xFF, 0xFF, 0xFF, 0xFF, 0xFF, 0xFF,
    0xFF, 0xFF, 0xCF, 0x7B, 0x00, 0x00, 0x00, 0x00, 0x20, 0x00, 0x00, 0x00, 0xEB, 0x5A, 0x9E, 0xF7,
    0xFF, 0xFF, 0xDF, 0xFF, 0xDF, 0xFF, 0xFF, 0xFF, 0x59, 0xCE, 0x24, 0x21, 0x00, 0x00, 0x41, 0x08,
    0x00, 0x00, 0x82, 0x10, 0x75, 0xAD, 0xFF, 0xFF, 0xFF, 0xFF, 0xFF, 0xFF, 0xFF, 0xFF, 0xFF, 0xFF,
    0xFF, 0xFF, 0xFF, 0xFF, 0xFF, 0xFF, 0xFF, 0xFF, 0xFF, 0xFF, 0xDF, 0xFF, 0xFF, 0xFF, 0x8E, 0x73,
    0x00, 0x00, 0xA2, 0x10, 0x5D, 0xEF, 0xFF, 0xFF, 0xFF, 0xFF, 0xFF, 0xFF, 0x45, 0x29, 0x00, 0x00,
    0x20, 0x00, 0x00, 0x00, 0xF3, 0x9C, 0xFF, 0xFF, 0xDF, 0xFF, 0xFF, 0xFF, 0xFF, 0xFF, 0xFF, 0xFF,
    0xFF, 0xFF, 0xFF, 0xFF, 0xFF, 0xFF, 0xFF, 0xFF, 0xFF, 0xFF, 0xFF, 0xFF, 0xFF, 0xFF, 0xFF, 0xFF,
    0xFF, 0xFF, 0xFF, 0xFF, 0xFF, 0xFF, 0xFF, 0xFF, 0xFF, 0xFF, 0xFF, 0xFF, 0xFF, 0xFF, 0xFF, 0xFF,
    0xFF, 0xFF, 0xFF, 0xFF, 0xFF, 0xFF, 0xFF, 0xFF, 0xFF, 0xFF, 0xFF, 0xFF, 0xFF, 0xFF, 0xFF, 0xFF,
    0xFF, 0xFF, 0xFF, 0xFF, 0xFF, 0xFF, 0xFF, 0xFF, 0xFF, 0xFF, 0xFF, 0xFF, 0xFF, 0xFF, 0xFF, 0xFF,
    0xFF, 0xFF, 0xFF, 0xFF, 0xFF, 0xFF, 0xFF, 0xFF, 0xFF, 0xFF, 0xFF, 0xFF, 0xFF, 0xFF, 0xFF, 0xFF,
    0xFF, 0xFF, 0xFF, 0xFF, 0xFF, 0xFF, 0xFF, 0xFF, 0xFF, 0xFF, 0xFF, 0xFF, 0xFF, 0xFF, 0xFF, 0xFF,
    0xFF, 0xFF, 0xFF, 0xFF, 0xFF, 0xFF, 0xFF, 0xFF, 0xFF, 0xFF, 0xFF, 0xFF, 0xFF, 0xFF, 0xFF, 0xFF,
    0xFF, 0xFF, 0xFF, 0xFF, 0xFF, 0xFF, 0xFF, 0xFF, 0xFF, 0xFF, 0xDF, 0xFF, 0xFF, 0xFF, 0x5D, 0xEF,
    0x49, 0x4A, 0x00, 0x00, 0x20, 0x00, 0x00, 0x00, 0x00, 0x00, 0x51, 0x8C, 0xFF, 0xFF, 0xFF, 0xFF,
    0xDF, 0xFF, 0xFF, 0xFF, 0xFF, 0xFF, 0xD3, 0x9C, 0x41, 0x08, 0x00, 0x00, 0x20, 0x00, 0x00, 0x00,
    0x45, 0x29, 0x9A, 0xD6, 0xFF, 0xFF, 0xBE, 0xF7, 0xDF, 0xFF, 0xDF, 0xFF, 0xDF, 0xFF, 0xDF, 0xFF,
    0xDF, 0xFF, 0xDF, 0xFF, 0xDF, 0xFF, 0xDF, 0xFF, 0xDF, 0xFF, 0xBE, 0xF7, 0xDF, 0xFF, 0x8E, 0x73,
    0x00, 0x00, 0xA2, 0x10, 0x5D, 0xEF, 0xFF, 0xFF, 0xFF, 0xFF, 0xFF, 0xFF, 0x45, 0x29, 0x00, 0x00,
    0x20, 0x00, 0x00, 0x00, 0xF3, 0x9C, 0xFF, 0xFF, 0xDF, 0xFF, 0xFF, 0xFF, 0xFF, 0xFF, 0xFF, 0xFF,
    0xFF, 0xFF, 0xFF, 0xFF, 0xFF, 0xFF, 0xFF, 0xFF, 0xFF, 0xFF, 0xFF, 0xFF, 0xFF, 0xFF, 0xFF, 0xFF,
    0xFF, 0xFF, 0xFF, 0xFF, 0xFF, 0xFF, 0xFF, 0xFF, 0xFF, 0xFF, 0xFF, 0xFF, 0xFF, 0xFF, 0xFF, 0xFF,
    0xFF, 0xFF, 0xFF, 0xFF, 0xFF, 0xFF, 0xFF, 0xFF, 0xFF, 0xFF, 0xFF, 0xFF, 0xFF, 0xFF, 0xFF, 0xFF,
    0xFF, 0xFF, 0xFF, 0xFF, 0xFF, 0xFF, 0xFF, 0xFF, 0xFF, 0xFF, 0xFF, 0xFF, 0xFF, 0xFF, 0xFF, 0xFF,
    0xFF, 0xFF, 0xFF, 0xFF, 0xFF, 0xFF, 0xFF, 0xFF, 0xFF, 0xFF, 0xFF, 0xFF, 0xFF, 0xFF, 0xFF, 0xFF,
    0xFF, 0xFF, 0xFF, 0xFF, 0xFF, 0xFF, 0xFF, 0xFF, 0xFF, 0xFF, 0xFF, 0xFF, 0xFF, 0xFF, 0xFF, 0xFF,
    0xFF, 0xFF, 0xFF, 0xFF, 0xFF, 0xFF, 0xFF, 0xFF, 0xFF, 0xFF, 0xFF, 0xFF, 0xFF, 0xFF, 0xFF, 0xFF,
    0xFF, 0xFF, 0xFF, 0xFF, 0xFF, 0xFF, 0xFF, 0xFF, 0xFF, 0xFF, 0xFF, 0xFF, 0x38, 0xC6, 0x24, 0x21,
    0x00, 0x00, 0x41, 0x08, 0x00, 0x00, 0xC3, 0x18, 0xD7, 0xBD, 0xFF, 0xFF, 0xFF, 0xFF, 0xDF, 0xFF,
    0xFF, 0xFF, 0xDF, 0xFF, 0x6D, 0x6B, 0x00, 0x00, 0x00, 0x00, 0x20, 0x00, 0x20, 0x00, 0x4D, 0x6B,
    0xFF, 0xFF, 0xFF, 0xFF, 0xFF, 0xFF, 0xFF, 0xFF, 0xFF, 0xFF, 0xFF, 0xFF, 0xFF, 0xFF, 0xFF, 0xFF,
    0xFF, 0xFF, 0xFF, 0xFF, 0xFF, 0xFF, 0xFF, 0xFF, 0xFF, 0xFF, 0xFF, 0xFF, 0xFF, 0xFF, 0xCF, 0x7B,
    0x00, 0x00, 0xA2, 0x10, 0x5D, 0xEF, 0xFF, 0xFF, 0xFF, 0xFF, 0xFF, 0xFF, 0x45, 0x29, 0x00, 0x00,
    0x20, 0x00, 0x00, 0x00, 0xF3, 0x9C, 0xFF, 0xFF, 0xDF, 0xFF, 0xFF, 0xFF, 0xFF, 0xFF, 0xFF, 0xFF,
    0xFF, 0xFF, 0xFF, 0xFF, 0xFF, 0xFF, 0xFF, 0xFF, 0xFF, 0xFF, 0xFF, 0xFF, 0xFF, 0xFF, 0xFF, 0xFF,
    0xFF, 0xFF, 0xFF, 0xFF, 0xFF, 0xFF, 0xFF, 0xFF, 0xFF, 0xFF, 0xFF, 0xFF, 0xFF, 0xFF, 0xFF, 0xFF,
    0xFF, 0xFF, 0xFF, 0xFF, 0xFF, 0xFF, 0xFF, 0xFF, 0xFF, 0xFF, 0xFF, 0xFF, 0xFF, 0xFF, 0xFF, 0xFF,
    0xFF, 0xFF, 0xFF, 0xFF, 0xFF, 0xFF, 0xFF, 0xFF, 0xFF, 0xFF, 0xFF, 0xFF, 0xFF, 0xFF, 0xFF, 0xFF,
    0xFF, 0xFF, 0xFF, 0xFF, 0xFF, 0xFF, 0xFF, 0xFF, 0xFF, 0xFF, 0xFF, 0xFF, 0xFF, 0xFF, 0xFF, 0xFF,
    0xFF, 0xFF, 0xFF, 0xFF, 0xFF, 0xFF, 0xFF, 0xFF, 0xFF, 0xFF, 0xFF, 0xFF, 0xFF, 0xFF, 0xFF, 0xFF,
    0xFF, 0xFF, 0xFF, 0xFF, 0xFF, 0xFF, 0xFF, 0xFF, 0xFF, 0xFF, 0xFF, 0xFF, 0xFF, 0xFF, 0xFF, 0xFF,
    0xFF, 0xFF, 0xFF, 0xFF, 0xFF, 0xFF, 0xFF, 0xFF, 0xFF, 0xFF, 0xD3, 0x9C, 0x41, 0x08, 0x00, 0x00,
    0x41, 0x08, 0x00, 0x00, 0xE7, 0x39, 0xFB, 0xDE, 0xFF, 0xFF, 0xDF, 0xFF, 0xDF, 0xFF, 0xFF, 0xFF,
    0x1C, 0xE7, 0xE7, 0x39, 0x00, 0x00, 0x20, 0x00, 0x00, 0x00, 0x00, 0x00, 0x24, 0x21, 0x92, 0x94,
    0x71, 0x8C, 0x51, 0x8C, 0x71, 0x8C, 0x71, 0x8C, 0x71, 0x8C, 0x71, 0x8C, 0x71, 0x8C, 0x71, 0x8C,
    0x71, 0x8C, 0x71, 0x8C, 0x71, 0x8C, 0x71, 0x8C, 0x71, 0x8C, 0x51, 0x8C, 0x71, 0x8C, 0x08, 0x42,
    0x00, 0x00, 0x82, 0x10, 0x5D, 0xEF, 0xFF, 0xFF, 0xFF, 0xFF, 0xFF, 0xFF, 0x45, 0x29, 0x00, 0x00,
    0x20, 0x00, 0x00, 0x00, 0xF3, 0x9C, 0xFF, 0xFF, 0xDF, 0xFF, 0xFF, 0xFF, 0xFF, 0xFF, 0xFF, 0xFF,
    0xFF, 0xFF, 0xFF, 0xFF, 0xFF, 0xFF, 0xFF, 0xFF, 0xFF, 0xFF, 0xFF, 0xFF, 0xFF, 0xFF, 0xFF, 0xFF,
    0xFF, 0xFF, 0xFF, 0xFF, 0xFF, 0xFF, 0xFF, 0xFF, 0xFF, 0xFF, 0xFF, 0xFF, 0xFF, 0xFF, 0xFF, 0xFF,
    0xFF, 0xFF, 0xFF, 0xFF, 0xFF, 0xFF, 0xFF, 0xFF, 0xFF, 0xFF, 0xFF, 0xFF, 0xFF, 0xFF, 0xFF, 0xFF,
    0xFF, 0xFF, 0xFF, 0xFF, 0xFF, 0xFF, 0xFF, 0xFF, 0xFF, 0xFF, 0xFF, 0xFF, 0xFF, 0xFF, 0xFF, 0xFF,
    0xFF, 0xFF, 0xFF, 0xFF, 0xFF, 0xFF, 0xFF, 0xFF, 0xFF, 0xFF, 0xFF, 0xFF, 0xFF, 0xFF, 0xFF, 0xFF,
    0xFF, 0xFF, 0xFF, 0xFF, 0xFF, 0xFF, 0xFF, 0xFF, 0xFF, 0xFF, 0xFF, 0xFF, 0xFF, 0xFF, 0xFF, 0xFF,
    0xFF, 0xFF, 0xFF, 0xFF, 0xFF, 0xFF, 0xFF, 0xFF, 0xFF, 0xFF, 0xFF, 0xFF, 0xFF, 0xFF, 0xFF, 0xFF,
    0xFF, 0xFF, 0xFF, 0xFF, 0xFF, 0xFF, 0xDF, 0xFF, 0x4D, 0x6B, 0x00, 0x00, 0x00, 0x00, 0x00, 0x00,
    0x00, 0x00, 0x4D, 0x6B, 0xDF, 0xFF, 0xFF, 0xFF, 0xDF, 0xFF, 0xFF, 0xFF, 0xFF, 0xFF, 0xD7, 0xBD,
    0xC3, 0x18, 0x00, 0x00, 0x20, 0x00, 0x00, 0x00, 0x00, 0x00, 0x00, 0x00, 0x00, 0x00, 0x00, 0x00,
    0x00, 0x00, 0x00, 0x00, 0x00, 0x00, 0x00, 0x00, 0x00, 0x00, 0x00, 0x00, 0x00, 0x00, 0x00, 0x00,
    0x00, 0x00, 0x00, 0x00, 0x00, 0x00, 0x00, 0x00, 0x00, 0x00, 0x00, 0x00, 0x00, 0x00, 0x00, 0x00,
    0x00, 0x00, 0x82, 0x10, 0x5D, 0xEF, 0xFF, 0xFF, 0xFF, 0xFF, 0xFF, 0xFF, 0x45, 0x29, 0x00, 0x00,
    0x20, 0x00, 0x00, 0x00, 0xD3, 0x9C, 0xFF, 0xFF, 0xDF, 0xFF, 0xFF, 0xFF, 0xFF, 0xFF, 0xFF, 0xFF,
    0xFF, 0xFF, 0xFF, 0xFF, 0xFF, 0xFF, 0xFF, 0xFF, 0xFF, 0xFF, 0xFF, 0xFF, 0xFF, 0xFF, 0xFF, 0xFF,
    0xFF, 0xFF, 0xFF, 0xFF, 0xFF, 0xFF, 0xFF, 0xFF, 0xFF, 0xFF, 0xFF, 0xFF, 0xFF, 0xFF, 0xFF, 0xFF,
    0xFF, 0xFF, 0xFF, 0xFF, 0xFF, 0xFF, 0xFF, 0xFF, 0xFF, 0xFF, 0xFF, 0xFF, 0xFF, 0xFF, 0xFF, 0xFF,
    0xFF, 0xFF, 0xFF, 0xFF, 0xFF, 0xFF, 0xFF, 0xFF, 0xFF, 0xFF, 0xFF, 0xFF, 0xFF, 0xFF, 0xFF, 0xFF,
    0xFF, 0xFF, 0xFF, 0xFF, 0xFF, 0xFF, 0xFF, 0xFF, 0xFF, 0xFF, 0xFF, 0xFF, 0xFF, 0xFF, 0xFF, 0xFF,
    0xFF, 0xFF, 0xFF, 0xFF, 0xFF, 0xFF, 0xFF, 0xFF, 0xFF, 0xFF, 0xFF, 0xFF, 0xFF, 0xFF, 0xFF, 0xFF,
    0xFF, 0xFF, 0xFF, 0xFF, 0xFF, 0xFF, 0xFF, 0xFF, 0xFF, 0xFF, 0xFF, 0xFF, 0xFF, 0xFF, 0xFF, 0xFF,
    0xDF, 0xFF, 0xFF, 0xFF, 0x1C, 0xE7, 0xE7, 0x39, 0x00, 0x00, 0x20, 0x00, 0x00, 0x00, 0x20, 0x00,
    0xD3, 0x9C, 0xFF, 0xFF, 0xFF, 0xFF, 0xDF, 0xFF, 0xFF, 0xFF, 0xFF, 0xFF, 0x71, 0x8C, 0x00, 0x00,
    0x00, 0x00, 0x00, 0x00, 0x00, 0x00, 0x00, 0x00, 0x20, 0x00, 0x20, 0x00, 0x20, 0x00, 0x41, 0x08,
    0x41, 0x08, 0x41, 0x08, 0x41, 0x08, 0x41, 0x08, 0x41, 0x08, 0x41, 0x08, 0x41, 0x08, 0x41, 0x08,
    0x41, 0x08, 0x41, 0x08, 0x41, 0x08, 0x41, 0x08, 0x41, 0x08, 0x41, 0x08, 0x41, 0x08, 0x20, 0x00,
    0x20, 0x00, 0x82, 0x10, 0x5D, 0xEF, 0xFF, 0xFF, 0xFF, 0xFF, 0xFF, 0xFF, 0x45, 0x29, 0x00, 0x00,
    0x20, 0x00, 0x00, 0x00, 0x14, 0xA5, 0xFF, 0xFF, 0xFF, 0xFF, 0xFF, 0xFF, 0xFF, 0xFF, 0xFF, 0xFF,
    0xFF, 0xFF, 0xFF, 0xFF, 0xFF, 0xFF, 0xFF, 0xFF, 0xFF, 0xFF, 0xFF, 0xFF, 0xFF, 0xFF, 0xFF, 0xFF,
    0xFF, 0xFF, 0xFF, 0xFF, 0xFF, 0xFF, 0xFF, 0xFF, 0xFF, 0xFF, 0xFF, 0xFF, 0xFF, 0xFF, 0xFF, 0xFF,
    0xFF, 0xFF, 0xFF, 0xFF, 0xFF, 0xFF, 0xFF, 0xFF, 0xFF, 0xFF, 0xFF, 0xFF, 0xFF, 0xFF, 0xFF, 0xFF,
    0xFF, 0xFF, 0xFF, 0xFF, 0xFF, 0xFF, 0xFF, 0xFF, 0xFF, 0xFF, 0xFF, 0xFF, 0xFF, 0xFF, 0xFF, 0xFF,
    0xFF, 0xFF, 0xFF, 0xFF, 0xFF, 0xFF, 0xFF, 0xFF, 0xFF, 0xFF, 0xFF, 0xFF, 0xFF, 0xFF, 0xFF, 0xFF,
    0xFF, 0xFF, 0xFF, 0xFF, 0xFF, 0xFF, 0xFF, 0xFF, 0xFF, 0xFF, 0xFF, 0xFF, 0xFF, 0xFF, 0xFF, 0xFF,
    0xFF, 0xFF, 0xFF, 0xFF, 0xFF, 0xFF, 0xFF, 0xFF, 0xFF, 0xFF, 0xFF, 0xFF, 0xFF, 0xFF, 0xFF, 0xFF,
    0xFF, 0xFF, 0xD7, 0xBD, 0xC3, 0x18, 0x00, 0x00, 0x41, 0x08, 0x00, 0x00, 0x04, 0x21, 0x38, 0xC6,
    0xFF, 0xFF, 0xDF, 0xFF, 0xDF, 0xFF, 0xFF, 0xFF, 0xBE, 0xF7, 0xEB, 0x5A, 0x00, 0x00, 0x00, 0x00,
    0x00, 0x00, 0x00, 0x00, 0x00, 0x00, 0x00, 0x00, 0x00, 0x00, 0x00, 0x00, 0x00, 0x00, 0x00, 0x00,
    0x00, 0x00, 0x00, 0x00, 0x00, 0x00, 0x00, 0x00, 0x00, 0x00, 0x00, 0x00, 0x00, 0x00, 0x00, 0x00,
    0x00, 0x00, 0x00, 0x00, 0x00, 0x00, 0x00, 0x00, 0x00, 0x00, 0x00, 0x00, 0x00, 0x00, 0x00, 0x00,
    0x00, 0x00, 0x82, 0x10, 0x5D, 0xEF, 0xFF, 0xFF, 0xFF, 0xFF, 0xFF, 0xFF, 0x45, 0x29, 0x00, 0x00,
    0x20, 0x00, 0x00, 0x00, 0xCF, 0x7B, 0x59, 0xCE, 0x38, 0xC6, 0x38, 0xC6, 0x38, 0xC6, 0x38, 0xC6,
    0x38, 0xC6, 0x38, 0xC6, 0x38, 0xC6, 0x38, 0xC6, 0x38, 0xC6, 0x38, 0xC6, 0x38, 0xC6, 0x38, 0xC6,
    0x38, 0xC6, 0x38, 0xC6, 0x38, 0xC6, 0x59, 0xCE, 0x38, 0xC6, 0x3C, 0xE7, 0xFF, 0xFF, 0xFF, 0xFF,
    0xFF, 0xFF, 0xFF, 0xFF, 0xFF, 0xFF, 0xFF, 0xFF, 0xFF, 0xFF, 0xFF, 0xFF, 0xFF, 0xFF, 0xFF, 0xFF,
    0xFF, 0xFF, 0xFF, 0xFF, 0xFF, 0xFF, 0xFF, 0xFF, 0xFF, 0xFF, 0xFF, 0xFF, 0xFF, 0xFF, 0xFF, 0xFF,
    0xFF, 0xFF, 0xFF, 0xFF, 0xFF, 0xFF, 0xFF, 0xFF, 0xFF, 0xFF, 0xFF, 0xFF, 0xFF, 0xFF, 0xFF, 0xFF,
    0xFF, 0xFF, 0xFF, 0xFF, 0xFF, 0xFF, 0xFF, 0xFF, 0xFF, 0xFF, 0xFF, 0xFF, 0xFF, 0xFF, 0xFF, 0xFF,
    0xFF, 0xFF, 0xFF, 0xFF, 0xFF, 0xFF, 0xFF, 0xFF, 0xFF, 0xFF, 0xFF, 0xFF, 0xFF, 0xFF, 0xFF, 0xFF,
    0x71, 0x8C, 0x00, 0x00, 0x00, 0x00, 0x20, 0x00, 0x00, 0x00, 0x49, 0x4A, 0x5D, 0xEF, 0xFF, 0xFF,
    0xDF, 0xFF, 0xFF, 0xFF, 0xFF, 0xFF, 0xDB, 0xDE, 0xA6, 0x31, 0x00, 0x00, 0x20, 0x00, 0x00, 0x00,
    0x00, 0x00, 0x00, 0x00, 0x00, 0x00, 0x04, 0x21, 0x8E, 0x73, 0x8E, 0x73, 0x8E, 0x73, 0x8E, 0x73,
    0x8E, 0x73, 0x8E, 0x73, 0x8E, 0x73, 0x8E, 0x73, 0x8E, 0x73, 0x8E, 0x73, 0x8E, 0x73, 0x8E, 0x73,
    0x8E, 0x73, 0x8E, 0x73, 0x8E, 0x73, 0x8E, 0x73, 0x8E, 0x73, 0x8E, 0x73, 0x8E, 0x73, 0xAE, 0x73,
    0x8E, 0x73, 0x04, 0x21, 0x5D, 0xEF, 0xFF, 0xFF, 0xFF, 0xFF, 0xFF, 0xFF, 0x45, 0x29, 0x00, 0x00,
    0x00, 0x00, 0x00, 0x00, 0x00, 0x00, 0x00, 0x00, 0x00, 0x00, 0x00, 0x00, 0x00, 0x00, 0x00, 0x00,
    0x00, 0x00, 0x00, 0x00, 0x00, 0x00, 0x00, 0x00, 0x00, 0x00, 0x00, 0x00, 0x00, 0x00, 0x00, 0x00,
    0x00, 0x00, 0x00, 0x00, 0x00, 0x00, 0x00, 0x00, 0x00, 0x00, 0x92, 0x94, 0xFF, 0xFF, 0xDF, 0xFF,
    0xFF, 0xFF, 0xFF, 0xFF, 0xFF, 0xFF, 0xFF, 0xFF, 0xFF, 0xFF, 0xFF, 0xFF, 0xFF, 0xFF, 0xFF, 0xFF,
    0xFF, 0xFF, 0xFF, 0xFF, 0xFF, 0xFF, 0xFF, 0xFF, 0xFF, 0xFF, 0xFF, 0xFF, 0xFF, 0xFF, 0xFF, 0xFF,
    0xFF, 0xFF, 0xFF, 0xFF, 0xFF, 0xFF, 0xFF, 0xFF, 0xFF, 0xFF, 0xFF, 0xFF, 0xFF, 0xFF, 0xFF, 0xFF,
    0xFF, 0xFF, 0xFF, 0xFF, 0xFF, 0xFF, 0xFF, 0xFF, 0xFF, 0xFF, 0xFF, 0xFF, 0xFF, 0xFF, 0xFF, 0xFF,
    0xFF, 0xFF, 0xFF, 0xFF, 0xFF, 0xFF, 0xFF, 0xFF, 0xDF, 0xFF, 0xFF, 0xFF, 0x9E, 0xF7, 0xEB, 0x5A,
    0x00, 0x00, 0x20, 0x00, 0x00, 0x00, 0x00, 0x00, 0xAE, 0x73, 0xFF, 0xFF, 0xFF, 0xFF, 0xFF, 0xFF,
    0xFF, 0xFF, 0xFF, 0xFF, 0x34, 0xA5, 0x41, 0x08, 0x00, 0x00, 0x00, 0x00, 0x00, 0x00, 0x00, 0x00,
    0x00, 0x00, 0x00, 0x00, 0x28, 0x42, 0x3C, 0xE7, 0xFF, 0xFF, 0xFF, 0xFF, 0xFF, 0xFF, 0xFF, 0xFF,
    0xFF, 0xFF, 0xFF, 0xFF, 0xFF, 0xFF, 0xFF, 0xFF, 0xFF, 0xFF, 0xFF, 0xFF, 0xFF, 0xFF, 0xFF, 0xFF,
    0xFF, 0xFF, 0xFF, 0xFF, 0xFF, 0xFF, 0xFF, 0xFF, 0xFF, 0xFF, 0xFF, 0xFF, 0xFF, 0xFF, 0xFF, 0xFF,
    0x2C, 0x63, 0x61, 0x08, 0x7D, 0xEF, 0xFF, 0xFF, 0xFF, 0xFF, 0xFF, 0xFF, 0x65, 0x29, 0x00, 0x00,
    0x20, 0x00, 0x00, 0x00, 0x20, 0x00, 0x20, 0x00, 0x20, 0x00, 0x20, 0x00, 0x20, 0x00, 0x20, 0x00,
    0x20, 0x00, 0x20, 0x00, 0x20, 0x00, 0x20, 0x00, 0x20, 0x00, 0x20, 0x00, 0x20, 0x00, 0x20, 0x00,
    0x20, 0x00, 0x00, 0x00, 0x00, 0x00, 0x20, 0x00, 0x00, 0x00, 0x92, 0x94, 0xDF, 0xFF, 0xDF, 0xFF,
    0xFF, 0xFF, 0xFF, 0xFF, 0xFF, 0xFF, 0xFF, 0xFF, 0xFF, 0xFF, 0xFF, 0xFF, 0xFF, 0xFF, 0xFF, 0xFF,
    0xFF, 0xFF, 0xFF, 0xFF, 0xFF, 0xFF, 0xFF, 0xFF, 0xFF, 0xFF, 0xFF, 0xFF, 0xFF, 0xFF, 0xFF, 0xFF,
    0xFF, 0xFF, 0xFF, 0xFF, 0xFF, 0xFF, 0xFF, 0xFF, 0xFF, 0xFF, 0xFF, 0xFF, 0xFF, 0xFF, 0xFF, 0xFF,
    0xFF, 0xFF, 0xFF, 0xFF, 0xFF, 0xFF, 0xFF, 0xFF, 0xFF, 0xFF, 0xFF, 0xFF, 0xFF, 0xFF, 0xFF, 0xFF,
    0xFF, 0xFF, 0xFF, 0xFF, 0xFF, 0xFF, 0xDF, 0xFF, 0xFF, 0xFF, 0xBA, 0xD6, 0x86, 0x31, 0x00, 0x00,
    0x41, 0x08, 0x00, 0x00, 0x61, 0x08, 0x34, 0xA5, 0xFF, 0xFF, 0xFF, 0xFF, 0xFF, 0xFF, 0xFF, 0xFF,
    0xFF, 0xFF, 0xFF, 0xFF, 0x18, 0xC6, 0xF7, 0xBD, 0x38, 0xC6, 0x18, 0xC6, 0x18, 0xC6, 0x18, 0xC6,
    0x18, 0xC6, 0x18, 0xC6, 0xFF, 0xFF, 0xFF, 0xFF, 0xDF, 0xFF, 0xDF, 0xFF, 0xDF, 0xFF, 0xDF, 0xFF,
    0xDF, 0xFF, 0xDF, 0xFF, 0xDF, 0xFF, 0xDF, 0xFF, 0xDF, 0xFF, 0xDF, 0xFF, 0xDF, 0xFF, 0xDF, 0xFF,
    0xDF, 0xFF, 0xDF, 0xFF, 0xDF, 0xFF, 0xFF, 0xFF, 0xDF, 0xFF, 0xFF, 0xFF, 0xFB, 0xDE, 0xA6, 0x31,
    0x00, 0x00, 0x82, 0x10, 0x5D, 0xEF, 0xFF, 0xFF, 0xFF, 0xFF, 0xFF, 0xFF, 0xE3, 0x18, 0x00, 0x00,
    0x00, 0x00, 0x00, 0x00, 0x00, 0x00, 0x00, 0x00, 0x00, 0x00, 0x00, 0x00, 0x00, 0x00, 0x00, 0x00,
    0x00, 0x00, 0x00, 0x00, 0x00, 0x00, 0x00, 0x00, 0x00, 0x00, 0x00, 0x00, 0x00, 0x00, 0x00, 0x00,
    0x00, 0x00, 0x00, 0x00, 0x00, 0x00, 0x20, 0x00, 0x00, 0x00, 0xD3, 0x9C, 0xFF, 0xFF, 0xFF, 0xFF,
    0xFF, 0xFF, 0xFF, 0xFF, 0xFF, 0xFF, 0xFF, 0xFF, 0xFF, 0xFF, 0xFF, 0xFF, 0xFF, 0xFF, 0xFF, 0xFF,
    0xFF, 0xFF, 0xFF, 0xFF, 0xFF, 0xFF, 0xFF, 0xFF, 0xFF, 0xFF, 0xFF, 0xFF, 0xFF, 0xFF, 0xFF, 0xFF,
    0xFF, 0xFF, 0xFF, 0xFF, 0xFF, 0xFF, 0xFF, 0xFF, 0xFF, 0xFF, 0xFF, 0xFF, 0xFF, 0xFF, 0xFF, 0xFF,
    0xFF, 0xFF, 0xFF, 0xFF, 0xFF, 0xFF, 0xFF, 0xFF, 0xFF, 0xFF, 0xFF, 0xFF, 0xFF, 0xFF, 0xFF, 0xFF,
    0xFF, 0xFF, 0xFF, 0xFF, 0xFF, 0xFF, 0xFF, 0xFF, 0x75, 0xAD, 0x82, 0x10, 0x00, 0x00, 0x41, 0x08,
    0x00, 0x00, 0x45, 0x29, 0x79, 0xCE, 0xFF, 0xFF, 0xDF, 0xFF, 0xFF, 0xFF, 0xFF, 0xFF, 0xFF, 0xFF,
    0xFF, 0xFF, 0xFF, 0xFF, 0xFF, 0xFF, 0xFF, 0xFF, 0xFF, 0xFF, 0xFF, 0xFF, 0xFF, 0xFF, 0xFF, 0xFF,
    0xFF, 0xFF, 0xFF, 0xFF, 0xFF, 0xFF, 0xDF, 0xFF, 0xFF, 0xFF, 0xFF, 0xFF, 0xFF, 0xFF, 0xFF, 0xFF,
    0xFF, 0xFF, 0xFF, 0xFF, 0xFF, 0xFF, 0xFF, 0xFF, 0xFF, 0xFF, 0xFF, 0xFF, 0xFF, 0xFF, 0xFF, 0xFF,
    0xFF, 0xFF, 0xFF, 0xFF, 0xFF, 0xFF, 0xFF, 0xFF, 0xFF, 0xFF, 0x59, 0xCE, 0xE3, 0x18, 0x00, 0x00,
    0x00, 0x00, 0xA2, 0x10, 0x3C, 0xE7, 0xFF, 0xFF, 0xDF, 0xFF, 0xFF, 0xFF, 0x0C, 0x63, 0x08, 0x42,
    0x28, 0x42, 0x28, 0x42, 0x28, 0x42, 0x28, 0x42, 0x28, 0x42, 0x28, 0x42, 0x28, 0x42, 0x28, 0x42,
    0x28, 0x42, 0x28, 0x42, 0x28, 0x42, 0x28, 0x42, 0x28, 0x42, 0x28, 0x42, 0x28, 0x42, 0x28, 0x42,
    0x28, 0x42, 0x61, 0x08, 0x00, 0x00, 0x00, 0x00, 0x00, 0x00, 0xA6, 0x31, 0xEB, 0x5A, 0xCB, 0x5A,
    0xCB, 0x5A, 0xCB, 0x5A, 0xCB, 0x5A, 0xCB, 0x5A, 0xCB, 0x5A, 0xCB, 0x5A, 0xCB, 0x5A, 0xCB, 0x5A,
    0xCB, 0x5A, 0xCB, 0x5A, 0xCB, 0x5A, 0xCB, 0x5A, 0xEB, 0x5A, 0x8A, 0x52, 0x34, 0xA5, 0xFF, 0xFF,
    0xFF, 0xFF, 0xFF, 0xFF, 0xFF, 0xFF, 0xFF, 0xFF, 0xFF, 0xFF, 0xFF, 0xFF, 0xFF, 0xFF, 0xFF, 0xFF,
    0xFF, 0xFF, 0xFF, 0xFF, 0xFF, 0xFF, 0xFF, 0xFF, 0xFF, 0xFF, 0xFF, 0xFF, 0xFF, 0xFF, 0xFF, 0xFF,
    0xFF, 0xFF, 0xFF, 0xFF, 0xFF, 0xFF, 0xEF, 0x7B, 0x00, 0x00, 0x00, 0x00, 0x20, 0x00, 0x00, 0x00,
    0x8A, 0x52, 0x7D, 0xEF, 0xFF, 0xFF, 0xDF, 0xFF, 0xFF, 0xFF, 0xFF, 0xFF, 0xFF, 0xFF, 0xFF, 0xFF,
    0xFF, 0xFF, 0xFF, 0xFF, 0xFF, 0xFF, 0xFF, 0xFF, 0xFF, 0xFF, 0xFF, 0xFF, 0xFF, 0xFF, 0xFF, 0xFF,
    0xFF, 0xFF, 0xFF, 0xFF, 0xFF, 0xFF, 0xFF, 0xFF, 0xFF, 0xFF, 0xFF, 0xFF, 0xFF, 0xFF, 0xFF, 0xFF,
    0xFF, 0xFF, 0xFF, 0xFF, 0xFF, 0xFF, 0xFF, 0xFF, 0xFF, 0xFF, 0xFF, 0xFF, 0xFF, 0xFF, 0x10, 0x84,
    0x45, 0x29, 0x65, 0x29, 0x45, 0x29, 0x45, 0x29, 0x45, 0x29, 0x41, 0x08, 0x00, 0x00, 0x82, 0x10,
    0x92, 0x94, 0x45, 0x29, 0x9E, 0xF7, 0xFF, 0xFF, 0xFF, 0xFF, 0xFF, 0xFF, 0xFF, 0xFF, 0xFF, 0xFF,
    0xFF, 0xFF, 0xFF, 0xFF, 0xFF, 0xFF, 0xFF, 0xFF, 0xFF, 0xFF, 0xFF, 0xFF, 0xFF, 0xFF, 0xFF, 0xFF,
    0xFF, 0xFF, 0xFF, 0xFF, 0xFF, 0xFF, 0xFF, 0xFF, 0xFF, 0xFF, 0xFF, 0xFF, 0xFF, 0xFF, 0xFF, 0xFF,
    0xFF, 0xFF, 0x86, 0x31, 0x00, 0x00, 0x00, 0x00, 0x00, 0x00, 0x00, 0x00, 0x00, 0x00, 0x00, 0x00,
    0x00, 0x00, 0x00, 0x00, 0x00, 0x00, 0x00, 0x00, 0x00, 0x00, 0x00, 0x00, 0x00, 0x00, 0x00, 0x00,
    0x00, 0x00, 0x00, 0x00, 0x00, 0x00, 0x00, 0x00, 0x00, 0x00, 0xC7, 0x39, 0x5D, 0xEF, 0xFF, 0xFF,
    0xFF, 0xFF, 0xFF, 0xFF, 0xFF, 0xFF, 0xFF, 0xFF, 0xFF, 0xFF, 0xFF, 0xFF, 0xFF, 0xFF, 0xFF, 0xFF,
    0xFF, 0xFF, 0xFF, 0xFF, 0xFF, 0xFF, 0xFF, 0xFF, 0xFF, 0xFF, 0xFF, 0xFF, 0xFF, 0xFF, 0xDF, 0xFF,
    0xFF, 0xFF, 0x5D, 0xEF, 0x69, 0x4A, 0x00, 0x00, 0x20, 0x00, 0x00, 0x00, 0x00, 0x00, 0xEF, 0x7B,
    0xFF, 0xFF, 0xFF, 0xFF, 0xDF, 0xFF, 0xFF, 0xFF, 0xFF, 0xFF, 0x9A, 0xD6, 0x18, 0xC6, 0x18, 0xC6,
    0x18, 0xC6, 0x18, 0xC6, 0x18, 0xC6, 0x18, 0xC6, 0x18, 0xC6, 0x18, 0xC6, 0x18, 0xC6, 0x18, 0xC6,
    0xF7, 0xBD, 0xF7, 0xBD, 0x18, 0xC6, 0x18, 0xC6, 0x18, 0xC6, 0x18, 0xC6, 0x18, 0xC6, 0x18, 0xC6,
    0x18, 0xC6, 0x18, 0xC6, 0x18, 0xC6, 0x18, 0xC6, 0xF7, 0xBD, 0xF7, 0xBD, 0x0C, 0x63, 0x00, 0x00,
    0x00, 0x00, 0x00, 0x00, 0x00, 0x00, 0x00, 0x00, 0x00, 0x00, 0x20, 0x00, 0x61, 0x08, 0x38, 0xC6,
    0xDF, 0xFF, 0xC3, 0x18, 0x55, 0xAD, 0xF7, 0xBD, 0xF7, 0xBD, 0xF7, 0xBD, 0xD7, 0xBD, 0xD7, 0xBD,
    0xD7, 0xBD, 0xD7, 0xBD, 0xD7, 0xBD, 0xD7, 0xBD, 0xB6, 0xB5, 0xB6, 0xB5, 0xD7, 0xBD, 0xD7, 0xBD,
    0xB6, 0xB5, 0xB6, 0xB5, 0xB6, 0xB5, 0xB6, 0xB5, 0xB6, 0xB5, 0xB6, 0xB5, 0xF7, 0xBD, 0xDF, 0xFF,
    0xFF, 0xFF, 0x65, 0x29, 0x00, 0x00, 0x20, 0x00, 0x20, 0x00, 0x20, 0x00, 0x41, 0x08, 0x41, 0x08,
    0x41, 0x08, 0x41, 0x08, 0x41, 0x08, 0x41, 0x08, 0x41, 0x08, 0x20, 0x00, 0x20, 0x00, 0x20, 0x00,
    0x20, 0x00, 0x20, 0x00, 0x41, 0x08, 0x00, 0x00, 0x49, 0x4A, 0xDF, 0xFF, 0xFF, 0xFF, 0xFF, 0xFF,
    0xFF, 0xFF, 0xFF, 0xFF, 0xFF, 0xFF, 0xFF, 0xFF, 0xFF, 0xFF, 0xFF, 0xFF, 0xFF, 0xFF, 0xFF, 0xFF,
    0xFF, 0xFF, 0xFF, 0xFF, 0xFF, 0xFF, 0xFF, 0xFF, 0xFF, 0xFF, 0xFF, 0xFF, 0xFF, 0xFF, 0xFF, 0xFF,
    0x59, 0xCE, 0x24, 0x21, 0x00, 0x00, 0x41, 0x08, 0x00, 0x00, 0x82, 0x10, 0x75, 0xAD, 0xFF, 0xFF,
    0xFF, 0xFF, 0xDF, 0xFF, 0xFF, 0xFF, 0x9E, 0xF7, 0x2C, 0x63, 0x00, 0x00, 0x00, 0x00, 0x00, 0x00,
    0x00, 0x00, 0x00, 0x00, 0x00, 0x00, 0x00, 0x00, 0x00, 0x00, 0x00, 0x00, 0x00, 0x00, 0x00, 0x00,
    0x00, 0x00, 0x00, 0x00, 0x00, 0x00, 0x00, 0x00, 0x00, 0x00, 0x00, 0x00, 0x00, 0x00, 0x00, 0x00,
    0x00, 0x00, 0x00, 0x00, 0x00, 0x00, 0x00, 0x00, 0x00, 0x00, 0x00, 0x00, 0x00, 0x00, 0x00, 0x00,
    0x00, 0x00, 0x00, 0x00, 0x00, 0x00, 0x00, 0x00, 0x00, 0x00, 0x00, 0x00, 0x00, 0x00, 0xBE, 0xF7,
    0x5D, 0xEF, 0x61, 0x08, 0x00, 0x00, 0x00, 0x00, 0x00, 0x00, 0x00, 0x00, 0x00, 0x00, 0x00, 0x00,
    0x00, 0x00, 0x00, 0x00, 0x00, 0x00, 0x00, 0x00, 0x00, 0x00, 0x00, 0x00, 0x00, 0x00, 0x00, 0x00,
    0x00, 0x00, 0x00, 0x00, 0x00, 0x00, 0x00, 0x00, 0x00, 0x00, 0x00, 0x00, 0x82, 0x10, 0xBE, 0xF7,
    0xFF, 0xFF, 0x65, 0x29, 0x00, 0x00, 0x00, 0x00, 0x00, 0x00, 0x00, 0x00, 0x00, 0x00, 0x00, 0x00,
    0x00, 0x00, 0x00, 0x00, 0x00, 0x00, 0x00, 0x00, 0x00, 0x00, 0x00, 0x00, 0x00, 0x00, 0x00, 0x00,
    0x00, 0x00, 0x20, 0x00, 0x00, 0x00, 0x08, 0x42, 0xBE, 0xF7, 0xFF, 0xFF, 0xFF, 0xFF, 0xFF, 0xFF,
    0xFF, 0xFF, 0xFF, 0xFF, 0xFF, 0xFF, 0xFF, 0xFF, 0xFF, 0xFF, 0xFF, 0xFF, 0xFF, 0xFF, 0xFF, 0xFF,
    0xFF, 0xFF, 0xFF, 0xFF, 0xFF, 0xFF, 0xFF, 0xFF, 0xFF, 0xFF, 0xFF, 0xFF, 0xFF, 0xFF, 0xF3, 0x9C,
    0x41, 0x08, 0x00, 0x00, 0x41, 0x08, 0x00, 0x00, 0x86, 0x31, 0xBA, 0xD6, 0xFF, 0xFF, 0xDF, 0xFF,
    0xDF, 0xFF, 0xFF, 0xFF, 0x1C, 0xE7, 0xF3, 0x9C, 0x8E, 0x73, 0xEF, 0x7B, 0xEF, 0x7B, 0xEF, 0x7B,
    0xEF, 0x7B, 0x10, 0x84, 0x10, 0x84, 0xEF, 0x7B, 0xEF, 0x7B, 0xEF, 0x7B, 0x10, 0x84, 0xAA, 0x52,
    0x00, 0x00, 0x61, 0x08, 0xCF, 0x7B, 0xEF, 0x7B, 0xEF, 0x7B, 0xEF, 0x7B, 0xEF, 0x7B, 0xEF, 0x7B,
    0xEF, 0x7B, 0xEF, 0x7B, 0xEF, 0x7B, 0xCB, 0x5A, 0x20, 0x00, 0x00, 0x00, 0x41, 0x08, 0xEB, 0x5A,
    0xEF, 0x7B, 0xCF, 0x7B, 0xEF, 0x7B, 0xEF, 0x7B, 0xEF, 0x7B, 0xCF, 0x7B, 0x10, 0x84, 0xBE, 0xF7,
    0x5D, 0xEF, 0x61, 0x08, 0x00, 0x00, 0xAA, 0x52, 0xEF, 0x7B, 0xEF, 0x7B, 0xEF, 0x7B, 0xEF, 0x7B,
    0xEF, 0x7B, 0xEF, 0x7B, 0xEF, 0x7B, 0x4D, 0x6B, 0x61, 0x08, 0x20, 0x00, 0x92, 0x94, 0x14, 0xA5,
    0xE3, 0x18, 0x00, 0x00, 0x20, 0x00, 0x00, 0x00, 0x20, 0x00, 0x00, 0x00, 0xE3, 0x18, 0xBE, 0xF7,
    0xFF, 0xFF, 0x24, 0x21, 0xE3, 0x18, 0xEF, 0x7B, 0xCF, 0x7B, 0xCF, 0x7B, 0xEF, 0x7B, 0xEF, 0x7B,
    0xEF, 0x7B, 0xEF, 0x7B, 0xEF, 0x7B, 0xCF, 0x7B, 0x30, 0x84, 0x69, 0x4A, 0x00, 0x00, 0x00, 0x00,
    0x00, 0x00, 0x00, 0x00, 0xE7, 0x39, 0x9E, 0xF7, 0xFF, 0xFF, 0xFF, 0xFF, 0xFF, 0xFF, 0xFF, 0xFF,
    0xFF, 0xFF, 0xFF, 0xFF, 0xFF, 0xFF, 0xFF, 0xFF, 0xFF, 0xFF, 0xFF, 0xFF, 0xFF, 0xFF, 0xFF, 0xFF,
    0xFF, 0xFF, 0xFF, 0xFF, 0xFF, 0xFF, 0xFF, 0xFF, 0xFF, 0xFF, 0xDF, 0xFF, 0x6D, 0x6B, 0x00, 0x00,
    0x00, 0x00, 0x00, 0x00, 0x00, 0x00, 0xEB, 0x5A, 0xBE, 0xF7, 0xFF, 0xFF, 0xDF, 0xFF, 0xFF, 0xFF,
    0xFF, 0xFF, 0x38, 0xC6, 0xC3, 0x18, 0x75, 0xAD, 0xFF, 0xFF, 0xFF, 0xFF, 0xFF, 0xFF, 0xFF, 0xFF,
    0xFF, 0xFF, 0xFF, 0xFF, 0xFF, 0xFF, 0xFF, 0xFF, 0xFF, 0xFF, 0xFF, 0xFF, 0xFF, 0xFF, 0xFF, 0xFF,
    0x51, 0x8C, 0x82, 0x10, 0xFF, 0xFF, 0xFF, 0xFF, 0xFF, 0xFF, 0xFF, 0xFF, 0xFF, 0xFF, 0xFF, 0xFF,
    0xFF, 0xFF, 0xFF, 0xFF, 0xFF, 0xFF, 0xFF, 0xFF, 0xD3, 0x9C, 0x20, 0x00, 0x75, 0xAD, 0xFF, 0xFF,
    0xFF, 0xFF, 0xFF, 0xFF, 0xFF, 0xFF, 0xFF, 0xFF, 0xFF, 0xFF, 0xFF, 0xFF, 0xFF, 0xFF, 0xFF, 0xFF,
    0x5D, 0xEF, 0x00, 0x00, 0x30, 0x84, 0xFF, 0xFF, 0xFF, 0xFF, 0xFF, 0xFF, 0xFF, 0xFF, 0xFF, 0xFF,
    0xFF, 0xFF, 0xFF, 0xFF, 0xFF, 0xFF, 0xFF, 0xFF, 0x18, 0xC6, 0x82, 0x10, 0xBE, 0xF7, 0xFF, 0xFF,
    0x65, 0x29, 0x00, 0x00, 0x00, 0x00, 0x00, 0x00, 0x00, 0x00, 0x00, 0x00, 0xC3, 0x18, 0xBE, 0xF7,
    0xFF, 0xFF, 0x45, 0x29, 0xB6, 0xB5, 0xFF, 0xFF, 0xFF, 0xFF, 0xFF, 0xFF, 0xFF, 0xFF, 0xFF, 0xFF,
    0xFF, 0xFF, 0xFF, 0xFF, 0xFF, 0xFF, 0xFF, 0xFF, 0x1C, 0xE7, 0x24, 0x21, 0x00, 0x00, 0x20, 0x00,
    0x00, 0x00, 0xA6, 0x31, 0x9E, 0xF7, 0xFF, 0xFF, 0xFF, 0xFF, 0xFF, 0xFF, 0xFF, 0xFF, 0xFF, 0xFF,
    0xFF, 0xFF, 0xFF, 0xFF, 0xFF, 0xFF, 0xFF, 0xFF, 0xFF, 0xFF, 0xFF, 0xFF, 0xFF, 0xFF, 0xFF, 0xFF,
    0xFF, 0xFF, 0xFF, 0xFF, 0xDF, 0xFF, 0xFF, 0xFF, 0x1C, 0xE7, 0x08, 0x42, 0x00, 0x00, 0x41, 0x08,
    0x00, 0x00, 0x00, 0x00, 0x71, 0x8C, 0xFF, 0xFF, 0xFF, 0xFF, 0xDF, 0xFF, 0xFF, 0xFF, 0xFF, 0xFF,
    0xD3, 0x9C, 0x41, 0x08, 0x00, 0x00, 0x75, 0xAD, 0xDF, 0xFF, 0x55, 0xAD, 0x4D, 0x6B, 0x4D, 0x6B,
    0x10, 0x84, 0xDF, 0xFF, 0x9E, 0xF7, 0xAE, 0x73, 0x4D, 0x6B, 0x6D, 0x6B, 0x79, 0xCE, 0xFF, 0xFF,
    0x1C, 0xE7, 0x82, 0x10, 0x2C, 0x63, 0x2C, 0x63, 0x0C, 0x63, 0x0C, 0x63, 0x0C, 0x63, 0x0C, 0x63,
    0x2C, 0x63, 0x0C, 0x63, 0x34, 0xA5, 0xFF, 0xFF, 0x1C, 0xE7, 0x04, 0x21, 0xBE, 0xF7, 0xFF, 0xFF,
    0x14, 0xA5, 0x4D, 0x6B, 0x4D, 0x6B, 0x4D, 0x6B, 0x4D, 0x6B, 0x4D, 0x6B, 0x8E, 0x73, 0xBE, 0xF7,
    0x5D, 0xEF, 0x61, 0x08, 0xBA, 0xD6, 0xFF, 0xFF, 0x55, 0xAD, 0x6D, 0x6B, 0x6D, 0x6B, 0x6D, 0x6B,
    0x6D, 0x6B, 0x6D, 0x6B, 0x92, 0x94, 0xDF, 0xFF, 0xFF, 0xFF, 0xA6, 0x31, 0xDB, 0xDE, 0xDF, 0xFF,
    0x45, 0x29, 0x00, 0x00, 0x00, 0x00, 0x00, 0x00, 0x00, 0x00, 0x00, 0x00, 0xC3, 0x18, 0xBE, 0xF7,
    0xFF, 0xFF, 0x65, 0x29, 0xBA, 0xD6, 0x5D, 0xEF, 0x0C, 0x63, 0x0C, 0x63, 0x0C, 0x63, 0x0C, 0x63,
    0x0C, 0x63, 0x0C, 0x63, 0x0C, 0x63, 0x0C, 0x63, 0xA2, 0x10, 0x00, 0x00, 0x00, 0x00, 0x00, 0x00,
    0xE3, 0x18, 0x7D, 0xEF, 0xFF, 0xFF, 0xFF, 0xFF, 0xFF, 0xFF, 0xFF, 0xFF, 0xFF, 0xFF, 0xFF, 0xFF,
    0xFF, 0xFF, 0xFF, 0xFF, 0xFF, 0xFF, 0xFF, 0xFF, 0xFF, 0xFF, 0xFF, 0xFF, 0xFF, 0xFF, 0xFF, 0xFF,
    0xFF, 0xFF, 0xFF, 0xFF, 0xFF, 0xFF, 0xF7, 0xBD, 0xC3, 0x18, 0x00, 0x00, 0x41, 0x08, 0x00, 0x00,
    0xE3, 0x18, 0xF7, 0xBD, 0xFF, 0xFF, 0xFF, 0xFF, 0xDF, 0xFF, 0xFF, 0xFF, 0xDF, 0xFF, 0x4D, 0x6B,
    0x00, 0x00, 0x00, 0x00, 0x00, 0x00, 0x55, 0xAD, 0xFF, 0xFF, 0x2C, 0x63, 0x00, 0x00, 0x00, 0x00,
    0xE3, 0x18, 0xFF, 0xFF, 0x7D, 0xEF, 0x20, 0x00, 0x00, 0x00, 0x00, 0x00, 0x6D, 0x6B, 0xFF, 0xFF,
    0xFB, 0xDE, 0x20, 0x00, 0x00, 0x00, 0x20, 0x00, 0x61, 0x08, 0x41, 0x08, 0x41, 0x08, 0x41, 0x08,
    0x61, 0x08, 0x41, 0x08, 0x08, 0x42, 0xFF, 0xFF, 0xDB, 0xDE, 0x24, 0x21, 0x9E, 0xF7, 0xFF, 0xFF,
    0xC3, 0x18, 0x00, 0x00, 0x00, 0x00, 0x00, 0x00, 0x00, 0x00, 0x00, 0x00, 0x00, 0x00, 0x9E, 0xF7,
    0x7D, 0xEF, 0x61, 0x08, 0x9A, 0xD6, 0xFF, 0xFF, 0x82, 0x10, 0x00, 0x00, 0x00, 0x00, 0x00, 0x00,
    0x00, 0x00, 0x00, 0x00, 0x00, 0x00, 0x3C, 0xE7, 0xFF, 0xFF, 0xA6, 0x31, 0xFB, 0xDE, 0xFF, 0xFF,
    0x45, 0x29, 0x00, 0x00, 0x00, 0x00, 0x00, 0x00, 0x00, 0x00, 0x00, 0x00, 0xC3, 0x18, 0xBE, 0xF7,
    0xFF, 0xFF, 0x65, 0x29, 0xBA, 0xD6, 0xDB, 0xDE, 0x00, 0x00, 0x00, 0x00, 0x00, 0x00, 0x00, 0x00,
    0x00, 0x00, 0x00, 0x00, 0x00, 0x00, 0x00, 0x00, 0x00, 0x00, 0x00, 0x00, 0x00, 0x00, 0x00, 0x00,
    0xC7, 0x39, 0xFF, 0xFF, 0xFF, 0xFF, 0xFF, 0xFF, 0xFF, 0xFF, 0xFF, 0xFF, 0xFF, 0xFF, 0xFF, 0xFF,
    0xFF, 0xFF, 0xFF, 0xFF, 0xFF, 0xFF, 0xFF, 0xFF, 0xFF, 0xFF, 0xFF, 0xFF, 0xFF, 0xFF, 0xFF, 0xFF,
    0xFF, 0xFF, 0xFF, 0xFF, 0x71, 0x8C, 0x00, 0x00, 0x00, 0x00, 0x41, 0x08, 0x00, 0x00, 0x08, 0x42,
    0x1C, 0xE7, 0xFF, 0xFF, 0xDF, 0xFF, 0xDF, 0xFF, 0xFF, 0xFF, 0xFB, 0xDE, 0xC7, 0x39, 0x00, 0x00,
    0x20, 0x00, 0x20, 0x00, 0x00, 0x00, 0x55, 0xAD, 0xFF, 0xFF, 0x8E, 0x73, 0x20, 0x00, 0x20, 0x00,
    0x86, 0x31, 0xFF, 0xFF, 0x7D, 0xEF, 0xC3, 0x18, 0x20, 0x00, 0x20, 0x00, 0x8E, 0x73, 0xFF, 0xFF,
    0xFB, 0xDE, 0x20, 0x00, 0x92, 0x94, 0xBE, 0xF7, 0xFF, 0xFF, 0xFF, 0xFF, 0xFF, 0xFF, 0xFF, 0xFF,
    0xFF, 0xFF, 0xFF, 0xFF, 0xFF, 0xFF, 0xFF, 0xFF, 0xFB, 0xDE, 0x24, 0x21, 0xBE, 0xF7, 0xFF, 0xFF,
    0x04, 0x21, 0x20, 0x00, 0x20, 0x00, 0x20, 0x00, 0x20, 0x00, 0x20, 0x00, 0x82, 0x10, 0x9E, 0xF7,
    0x7D, 0xEF, 0x61, 0x08, 0xBA, 0xD6, 0xFF, 0xFF, 0x75, 0xAD, 0x14, 0xA5, 0x14, 0xA5, 0x14, 0xA5,
    0x14, 0xA5, 0x14, 0xA5, 0x14, 0xA5, 0xBE, 0xF7, 0xFF, 0xFF, 0xA6, 0x31, 0xFB, 0xDE, 0xFF, 0xFF,
    0x45, 0x29, 0x00, 0x00, 0x00, 0x00, 0x00, 0x00, 0x00, 0x00, 0x00, 0x00, 0xC3, 0x18, 0xBE, 0xF7,
    0xFF, 0xFF, 0x65, 0x29, 0xBA, 0xD6, 0xFF, 0xFF, 0xBA, 0xD6, 0xBA, 0xD6, 0xBA, 0xD6, 0xBA, 0xD6,
    0xBA, 0xD6, 0xBA, 0xD6, 0xBA, 0xD6, 0x9A, 0xD6, 0x2C, 0x63, 0x00, 0x00, 0x20, 0x00, 0x00, 0x00,
    0xA6, 0x31, 0xFF, 0xFF, 0xFF, 0xFF, 0xFF, 0xFF, 0xFF, 0xFF, 0xFF, 0xFF, 0xFF, 0xFF, 0xFF, 0xFF,
    0xFF, 0xFF, 0xFF, 0xFF, 0xFF, 0xFF, 0xFF, 0xFF, 0xFF, 0xFF, 0xFF, 0xFF, 0xDF, 0xFF, 0xFF, 0xFF,
    0xBE, 0xF7, 0xEB, 0x5A, 0x00, 0x00, 0x20, 0x00, 0x00, 0x00, 0x00, 0x00, 0x6D, 0x6B, 0xDF, 0xFF,
    0xFF, 0xFF, 0xDF, 0xFF, 0xFF, 0xFF, 0xFF, 0xFF, 0xD7, 0xBD, 0xC3, 0x18, 0x00, 0x00, 0x20, 0x00,
    0x00, 0x00, 0x20, 0x00, 0x00, 0x00, 0x55, 0xAD, 0xFF, 0xFF, 0x8E, 0x73, 0x00, 0x00, 0x00, 0x00,
    0x65, 0x29, 0xFF, 0xFF, 0x7D, 0xEF, 0xA2, 0x10, 0x00, 0x00, 0x00, 0x00, 0x8E, 0x73, 0xFF, 0xFF,
    0xBA, 0xD6, 0x45, 0x29, 0xFF, 0xFF, 0xFF, 0xFF, 0xB6, 0xB5, 0x55, 0xAD, 0x55, 0xAD, 0x55, 0xAD,
    0x55, 0xAD, 0x55, 0xAD, 0xD7, 0xBD, 0xFF, 0xFF, 0xFB, 0xDE, 0x24, 0x21, 0xBE, 0xF7, 0xFF, 0xFF,
    0x04, 0x21, 0x00, 0x00, 0x00, 0x00, 0x00, 0x00, 0x00, 0x00, 0x00, 0x00, 0x82, 0x10, 0x9E, 0xF7,
    0x7D, 0xEF, 0x61, 0x08, 0xBA, 0xD6, 0xFF, 0xFF, 0xFF, 0xFF, 0xFF, 0xFF, 0xFF, 0xFF, 0xFF, 0xFF,
    0xFF, 0xFF, 0xFF, 0xFF, 0xFF, 0xFF, 0xFF, 0xFF, 0xDF, 0xFF, 0xA6, 0x31, 0xFB, 0xDE, 0xFF, 0xFF,
    0x45, 0x29, 0x00, 0x00, 0x00, 0x00, 0x00, 0x00, 0x00, 0x00, 0x00, 0x00, 0xE3, 0x18, 0xBE, 0xF7,
    0xFF, 0xFF, 0x04, 0x21, 0x8E, 0x73, 0xDF, 0xFF, 0xFF, 0xFF, 0xFF, 0xFF, 0xFF, 0xFF, 0xFF, 0xFF,
    0xFF, 0xFF, 0xFF, 0xFF, 0xFF, 0xFF, 0xFF, 0xFF, 0xDB, 0xDE, 0x00, 0x00, 0x00, 0x00, 0x00, 0x00,
    0xA6, 0x31, 0xFF, 0xFF, 0xFF, 0xFF, 0xFF, 0xFF, 0xFF, 0xFF, 0xFF, 0xFF, 0xFF, 0xFF, 0xFF, 0xFF,
    0xFF, 0xFF, 0xFF, 0xFF, 0xFF, 0xFF, 0xFF, 0xFF, 0xFF, 0xFF, 0xDF, 0xFF, 0xFF, 0xFF, 0xBA, 0xD6,
    0x86, 0x31, 0x00, 0x00, 0x20, 0x00, 0x00, 0x00, 0x41, 0x08, 0xF3, 0x9C, 0xFF, 0xFF, 0xFF, 0xFF,
    0xFF, 0xFF, 0xFF, 0xFF, 0xFF, 0xFF, 0x30, 0x84, 0x00, 0x00, 0x00, 0x00, 0x00, 0x00, 0x00, 0x00,
    0x00, 0x00, 0x00, 0x00, 0x00, 0x00, 0x55, 0xAD, 0xFF, 0xFF, 0x8E, 0x73, 0x00, 0x00, 0x00, 0x00,
    0x65, 0x29, 0xFF, 0xFF, 0x7D, 0xEF, 0xA2, 0x10, 0x00, 0x00, 0x00, 0x00, 0x8E, 0x73, 0xFF, 0xFF,
    0x9A, 0xD6, 0x86, 0x31, 0xFF, 0xFF, 0x9A, 0xD6, 0x00, 0x00, 0x00, 0x00, 0x00, 0x00, 0x00, 0x00,
    0x00, 0x00, 0x00, 0x00, 0x24, 0x21, 0xFF, 0xFF, 0xFB, 0xDE, 0x24, 0x21, 0xBE, 0xF7, 0xFF, 0xFF,
    0xC3, 0x18, 0x00, 0x00, 0x00, 0x00, 0x00, 0x00, 0x00, 0x00, 0x00, 0x00, 0x41, 0x08, 0x9E, 0xF7,
    0x7D, 0xEF, 0x61, 0x08, 0x9A, 0xD6, 0xFF, 0xFF, 0x08, 0x42, 0x04, 0x21, 0x04, 0x21, 0x04, 0x21,
    0x04, 0x21, 0x04, 0x21, 0x04, 0x21, 0x24, 0x21, 0x45, 0x29, 0x82, 0x10, 0x3C, 0xE7, 0xFF, 0xFF,
    0x04, 0x21, 0x00, 0x00, 0x00, 0x00, 0x00, 0x00, 0x00, 0x00, 0x00, 0x00, 0xA2, 0x10, 0xBE, 0xF7,
    0xFF, 0xFF, 0x65, 0x29, 0x00, 0x00, 0xE3, 0x18, 0x04, 0x21, 0x04, 0x21, 0x04, 0x21, 0x04, 0x21,
    0x04, 0x21, 0x04, 0x21, 0x24, 0x21, 0xDB, 0xDE, 0xFB, 0xDE, 0x00, 0x00, 0x00, 0x00, 0x00, 0x00,
    0xA6, 0x31, 0xFF, 0xFF, 0xFF, 0xFF, 0xFF, 0xFF, 0xFF, 0xFF, 0xFF, 0xFF, 0xFF, 0xFF, 0xFF, 0xFF,
    0xFF, 0xFF, 0xFF, 0xFF, 0xFF, 0xFF, 0xFF, 0xFF, 0xFF, 0xFF, 0xFF, 0xFF, 0x75, 0xAD, 0x82, 0x10,
    0x00, 0x00, 0x20, 0x00, 0x00, 0x00, 0x24, 0x21, 0x59, 0xCE, 0xFF, 0xFF, 0xDF, 0xFF, 0xFF, 0xFF,
    0xFF, 0xFF, 0x7D, 0xEF, 0x0C, 0x63, 0x00, 0x00, 0x41, 0x08, 0x41, 0x08, 0x41, 0x08, 0x41, 0x08,
    0x41, 0x08, 0x61, 0x08, 0x20, 0x00, 0x75, 0xAD, 0xFF, 0xFF, 0x8E, 0x73, 0x00, 0x00, 0x00, 0x00,
    0x65, 0x29, 0xFF, 0xFF, 0x7D, 0xEF, 0xA2, 0x10, 0x00, 0x00, 0x00, 0x00, 0x8E, 0x73, 0xFF, 0xFF,
    0x9A, 0xD6, 0xA6, 0x31, 0xFF, 0xFF, 0xDB, 0xDE, 0xA2, 0x10, 0x41, 0x08, 0x61, 0x08, 0x61, 0x08,
    0x61, 0x08, 0x61, 0x08, 0x28, 0x42, 0xFF, 0xFF, 0xFB, 0xDE, 0x24, 0x21, 0x9E, 0xF7, 0xFF, 0xFF,
    0xAA, 0x52, 0x61, 0x08, 0x82, 0x10, 0x61, 0x08, 0x61, 0x08, 0x61, 0x08, 0xE3, 0x18, 0x9E, 0xF7,
    0x5D, 0xEF, 0x61, 0x08, 0xBA, 0xD6, 0xFF, 0xFF, 0xE7, 0x39, 0x20, 0x00, 0x41, 0x08, 0x20, 0x00,
    0x20, 0x00, 0x20, 0x00, 0x20, 0x00, 0x20, 0x00, 0x00, 0x00, 0x61, 0x08, 0x3C, 0xE7, 0xFF, 0xFF,
    0x8A, 0x52, 0x41, 0x08, 0x61, 0x08, 0x61, 0x08, 0x61, 0x08, 0x41, 0x08, 0x08, 0x42, 0xDF, 0xFF,
    0xFF, 0xFF, 0x65, 0x29, 0x00, 0x00, 0x00, 0x00, 0x00, 0x00, 0x00, 0x00, 0x00, 0x00, 0x00, 0x00,
    0x00, 0x00, 0x00, 0x00, 0x00, 0x00, 0x9A, 0xD6, 0xFB, 0xDE, 0x00, 0x00, 0x00, 0x00, 0x00, 0x00,
    0xA6, 0x31, 0xFF, 0xFF, 0xFF, 0xFF, 0xFF, 0xFF, 0xFF, 0xFF, 0xFF, 0xFF, 0xFF, 0xFF, 0xFF, 0xFF,
    0xFF, 0xFF, 0xFF, 0xFF, 0xFF, 0xFF, 0xFF, 0xFF, 0xFF, 0xFF, 0xEF, 0x7B, 0x00, 0x00, 0x00, 0x00,
    0x20, 0x00, 0x00, 0x00, 0x8A, 0x52, 0x7D, 0xEF, 0xFF, 0xFF, 0xFF, 0xFF, 0xFF, 0xFF, 0xFF, 0xFF,
    0xFF, 0xFF, 0xBE, 0xF7, 0xDB, 0xDE, 0x5D, 0xEF, 0x3C, 0xE7, 0x3C, 0xE7, 0x3C, 0xE7, 0x3C, 0xE7,
    0x3C, 0xE7, 0x3C, 0xE7, 0x3C, 0xE7, 0xBE, 0xF7, 0xFF, 0xFF, 0xAE, 0x73, 0x00, 0x00, 0x00, 0x00,
    0x65, 0x29, 0xFF, 0xFF, 0x9E, 0xF7, 0xA2, 0x10, 0x00, 0x00, 0x00, 0x00, 0x8E, 0x73, 0xFF, 0xFF,
    0xBA, 0xD6, 0x24, 0x21, 0xFF, 0xFF, 0xFF, 0xFF, 0x7D, 0xEF, 0x3C, 0xE7, 0x3C, 0xE7, 0x3C, 0xE7,
    0x3C, 0xE7, 0x1C, 0xE7, 0xCF, 0x7B, 0xFF, 0xFF, 0x3C, 0xE7, 0xA2, 0x10, 0x5D, 0xEF, 0xFF, 0xFF,
    0xFF, 0xFF, 0x7D, 0xEF, 0x7D, 0xEF, 0x7D, 0xEF, 0x7D, 0xEF, 0x7D, 0xEF, 0x7D, 0xEF, 0xFF, 0xFF,
    0x7D, 0xEF, 0x20, 0x00, 0xF7, 0xBD, 0xFF, 0xFF, 0xDF, 0xFF, 0x7D, 0xEF, 0x9E, 0xF7, 0x9E, 0xF7,
    0x9E, 0xF7, 0x7D, 0xEF, 0x7D, 0xEF, 0x7D, 0xEF, 0x6D, 0x6B, 0x00, 0x00, 0x1C, 0xE7, 0xFF, 0xFF,
    0xDF, 0xFF, 0x5D, 0xEF, 0x5D, 0xEF, 0x5D, 0xEF, 0x5D, 0xEF, 0x5D, 0xEF, 0xDF, 0xFF, 0xFF, 0xFF,
    0xFF, 0xFF, 0xE3, 0x18, 0xD3, 0x9C, 0x3C, 0xE7, 0x3C, 0xE7, 0x3C, 0xE7, 0x3C, 0xE7, 0x3C, 0xE7,
    0x3C, 0xE7, 0x3C, 0xE7, 0x5D, 0xEF, 0xFF, 0xFF, 0xDB, 0xDE, 0x00, 0x00, 0x00, 0x00, 0x00, 0x00,
    0xC7, 0x39, 0xFF, 0xFF, 0xFF, 0xFF, 0xFF, 0xFF, 0xFF, 0xFF, 0xFF, 0xFF, 0xFF, 0xFF, 0xFF, 0xFF,
    0xFF, 0xFF, 0xDF, 0xFF, 0xFF, 0xFF, 0x7D, 0xEF, 0x8A, 0x52, 0x00, 0x00, 0x20, 0x00, 0x20, 0x00,
    0x20, 0x00, 0x8E, 0x73, 0xBE, 0xF7, 0xBE, 0xF7, 0x9E, 0xF7, 0x9E, 0xF7, 0x9E, 0xF7, 0x9E, 0xF7,
    0x9E, 0xF7, 0xBE, 0xF7, 0xFF, 0xFF, 0xDF, 0xFF, 0xDF, 0xFF, 0xDF, 0xFF, 0xDF, 0xFF, 0xDF, 0xFF,
    0xDF, 0xFF, 0xDF, 0xFF, 0xDF, 0xFF, 0x9E, 0xF7, 0xBE, 0xF7, 0x6D, 0x6B, 0x00, 0x00, 0x00, 0x00,
    0x45, 0x29, 0x9E, 0xF7, 0x1C, 0xE7, 0x82, 0x10, 0x00, 0x00, 0x00, 0x00, 0x8E, 0x73, 0xFF, 0xFF,
    0xFB, 0xDE, 0x20, 0x00, 0xEF, 0x7B, 0x7D, 0xEF, 0xDF, 0xFF, 0xFF, 0xFF, 0xFF, 0xFF, 0xDF, 0xFF,
    0xDF, 0xFF, 0x2C, 0x63, 0x45, 0x29, 0xBE, 0xF7, 0xFB, 0xDE, 0x20, 0x00, 0xCB, 0x5A, 0x1C, 0xE7,
    0xBE, 0xF7, 0xDF, 0xFF, 0xDF, 0xFF, 0xDF, 0xFF, 0xDF, 0xFF, 0xDF, 0xFF, 0xDF, 0xFF, 0xBE, 0xF7,
    0x1C, 0xE7, 0x41, 0x08, 0x24, 0x21, 0xD7, 0xBD, 0xBE, 0xF7, 0xFF, 0xFF, 0xFF, 0xFF, 0xFF, 0xFF,
    0xFF, 0xFF, 0xFF, 0xFF, 0xFF, 0xFF, 0xFF, 0xFF, 0xFF, 0xFF, 0x6D, 0x6B, 0x49, 0x4A, 0x1C, 0xE7,
    0xDF, 0xFF, 0xFF, 0xFF, 0xFF, 0xFF, 0xFF, 0xFF, 0xFF, 0xFF, 0xFF, 0xFF, 0xDF, 0xFF, 0x5D, 0xEF,
    0x6D, 0x6B, 0x71, 0x8C, 0xBE, 0xF7, 0x9E, 0xF7, 0x9E, 0xF7, 0x9E, 0xF7, 0x9E, 0xF7, 0x9E, 0xF7,
    0x9E, 0xF7, 0x9E, 0xF7, 0x7D, 0xEF, 0x3C, 0xE7, 0x8E, 0x73, 0x00, 0x00, 0x41, 0x08, 0x00, 0x00,
    0xAE, 0x73, 0xFF, 0xFF, 0xDF, 0xFF, 0xFF, 0xFF, 0xFF, 0xFF, 0xFF, 0xFF, 0xFF, 0xFF, 0xFF, 0xFF,
    0xFF, 0xFF, 0xFF, 0xFF, 0x79, 0xCE, 0x45, 0x29, 0x00, 0x00, 0x41, 0x08, 0x20, 0x00, 0x00, 0x00,
    0x20, 0x00, 0x24, 0x21, 0xE3, 0x18, 0xC3, 0x18, 0xE3, 0x18, 0xE3, 0x18, 0xE3, 0x18, 0xE3, 0x18,
    0xE3, 0x18, 0xE3, 0x18, 0xC3, 0x18, 0xC3, 0x18, 0xC3, 0x18, 0xC3, 0x18, 0xC3, 0x18, 0xC3, 0x18,
    0xC3, 0x18, 0xC3, 0x18, 0xC3, 0x18, 0xC3, 0x18, 0xE3, 0x18, 0x61, 0x08, 0x00, 0x00, 0x00, 0x00,
    0x41, 0x08, 0xE3, 0x18, 0xC3, 0x18, 0x20, 0x00, 0x20, 0x00, 0x00, 0x00, 0x8E, 0x73, 0xFF, 0xFF,
    0xFB, 0xDE, 0x00, 0x00, 0x00, 0x00, 0x20, 0x00, 0x41, 0x08, 0x41, 0x08, 0x41, 0x08, 0x41, 0x08,
    0x20, 0x00, 0x00, 0x00, 0x00, 0x00, 0x61, 0x08, 0x41, 0x08, 0x00, 0x00, 0x00, 0x00, 0x00, 0x00,
    0x61, 0x08, 0x41, 0x08, 0x41, 0x08, 0x41, 0x08, 0x41, 0x08, 0x41, 0x08, 0x41, 0x08, 0x41, 0x08,
    0x41, 0x08, 0x00, 0x00, 0x00, 0x00, 0x00, 0x00, 0x41, 0x08, 0x61, 0x08, 0x61, 0x08, 0x61, 0x08,
    0x61, 0x08, 0x61, 0x08, 0x61, 0x08, 0x61, 0x08, 0x61, 0x08, 0xC3, 0x18, 0x00, 0x00, 0x61, 0x08,
    0x04, 0x21, 0x04, 0x21, 0x04, 0x21, 0x04, 0x21, 0x04, 0x21, 0x04, 0x21, 0x24, 0x21, 0xA2, 0x10,
    0x00, 0x00, 0x04, 0x21, 0x82, 0x10, 0x82, 0x10, 0x82, 0x10, 0x82, 0x10, 0x82, 0x10, 0x82, 0x10,
    0x82, 0x10, 0x82, 0x10, 0xA2, 0x10, 0x82, 0x10, 0x00, 0x00, 0x20, 0x00, 0x00, 0x00, 0x61, 0x08,
    0x1C, 0xE7, 0xFF, 0xFF, 0xFF, 0xFF, 0xFF, 0xFF, 0xFF, 0xFF, 0xFF, 0xFF, 0xFF, 0xFF, 0xFF, 0xFF,
    0xDF, 0xFF, 0x92, 0x94, 0x00, 0x00, 0x00, 0x00, 0x00, 0x00, 0x00, 0x00, 0x00, 0x00, 0x00, 0x00,
    0x00, 0x00, 0x00, 0x00, 0x00, 0x00, 0x00, 0x00, 0x00, 0x00, 0x00, 0x00, 0x00, 0x00, 0x00, 0x00,
    0x00, 0x00, 0x00, 0x00, 0x00, 0x00, 0x00, 0x00, 0x00, 0x00, 0x00, 0x00, 0x00, 0x00, 0x00, 0x00,
    0x00, 0x00, 0x00, 0x00, 0x00, 0x00, 0x00, 0x00, 0x00, 0x00, 0x00, 0x00, 0x00, 0x00, 0x00, 0x00,
    0x00, 0x00, 0x00, 0x00, 0x00, 0x00, 0x00, 0x00, 0x00, 0x00, 0x00, 0x00, 0x8E, 0x73, 0xFF, 0xFF,
    0x1C, 0xE7, 0x08, 0x42, 0xE7, 0x39, 0xC7, 0x39, 0xA6, 0x31, 0xA6, 0x31, 0xA6, 0x31, 0xA6, 0x31,
    0xA6, 0x31, 0xE7, 0x39, 0xE7, 0x39, 0xA6, 0x31, 0xC7, 0x39, 0xE7, 0x39, 0x08, 0x42, 0xC7, 0x39,
    0xA6, 0x31, 0xA6, 0x31, 0xA6, 0x31, 0xA6, 0x31, 0xA6, 0x31, 0xA6, 0x31, 0xA6, 0x31, 0xA6, 0x31,
    0xA6, 0x31, 0xE7, 0x39, 0x08, 0x42, 0x08, 0x42, 0xE7, 0x39, 0xC7, 0x39, 0xC7, 0x39, 0xC7, 0x39,
    0xC7, 0x39, 0xC7, 0x39, 0xC7, 0x39, 0xC7, 0x39, 0xC7, 0x39, 0xC7, 0x39, 0x20, 0x00, 0x00, 0x00,
    0x00, 0x00, 0x00, 0x00, 0x00, 0x00, 0x00, 0x00, 0x00, 0x00, 0x00, 0x00, 0x00, 0x00, 0x00, 0x00,
    0x00, 0x00, 0x00, 0x00, 0x00, 0x00, 0x00, 0x00, 0x00, 0x00, 0x00, 0x00, 0x00, 0x00, 0x00, 0x00,
    0x00, 0x00, 0x00, 0x00, 0x00, 0x00, 0x00, 0x00, 0x00, 0x00, 0x00, 0x00, 0xC3, 0x18, 0xF7, 0xBD,
    0xFF, 0xFF, 0xFF, 0xFF, 0xFF, 0xFF, 0xFF, 0xFF, 0xFF, 0xFF, 0xFF, 0xFF, 0xFF, 0xFF, 0xFF, 0xFF,
    0xD7, 0xBD, 0x69, 0x4A, 0x8A, 0x52, 0xAA, 0x52, 0x8A, 0x52, 0x8A, 0x52, 0x8A, 0x52, 0x8A, 0x52,
    0x8A, 0x52, 0xAA, 0x52, 0xAA, 0x52, 0xAA, 0x52, 0xAA, 0x52, 0xAA, 0x52, 0xAA, 0x52, 0xAA, 0x52,
    0xAA, 0x52, 0xAA, 0x52, 0xAA, 0x52, 0xAA, 0x52, 0xAA, 0x52, 0xAA, 0x52, 0xAA, 0x52, 0xAA, 0x52,
    0xAA, 0x52, 0xAA, 0x52, 0xAA, 0x52, 0xAA, 0x52, 0xAA, 0x52, 0x8A, 0x52, 0x8A, 0x52, 0x8A, 0x52,
    0x8A, 0x52, 0xAA, 0x52, 0x8A, 0x52, 0xAA, 0x52, 0x04, 0x21, 0x00, 0x00, 0xEF, 0x7B, 0xFF, 0xFF,
    0xFF, 0xFF, 0xFF, 0xFF, 0xFF, 0xFF, 0xFF, 0xFF, 0xFF, 0xFF, 0xFF, 0xFF, 0xFF, 0xFF, 0xFF, 0xFF,
    0xFF, 0xFF, 0xFF, 0xFF, 0xFF, 0xFF, 0xFF, 0xFF, 0xFF, 0xFF, 0xFF, 0xFF, 0xFF, 0xFF, 0xFF, 0xFF,
    0xFF, 0xFF, 0xFF, 0xFF, 0xFF, 0xFF, 0xFF, 0xFF, 0xFF, 0xFF, 0xFF, 0xFF, 0xFF, 0xFF, 0xFF, 0xFF,
    0xFF, 0xFF, 0xFF, 0xFF, 0xFF, 0xFF, 0xFF, 0xFF, 0xFF, 0xFF, 0xFF, 0xFF, 0xFF, 0xFF, 0xFF, 0xFF,
    0xFF, 0xFF, 0xFF, 0xFF, 0xFF, 0xFF, 0xFF, 0xFF, 0xFF, 0xFF, 0x8E, 0x73, 0x00, 0x00, 0x20, 0x00,
    0x00, 0x00, 0x41, 0x08, 0x8A, 0x52, 0xAA, 0x52, 0xAA, 0x52, 0xAA, 0x52, 0xAA, 0x52, 0xAA, 0x52,
    0x8A, 0x52, 0xAA, 0x52, 0xAA, 0x52, 0xAA, 0x52, 0xAA, 0x52, 0xAA, 0x52, 0xAA, 0x52, 0xAA, 0x52,
    0xAA, 0x52, 0xAA, 0x52, 0xAA, 0x52, 0xAA, 0x52, 0xCB, 0x5A, 0x51, 0x8C, 0x3C, 0xE7, 0xFF, 0xFF,
    0xFF, 0xFF, 0xFF, 0xFF, 0xFF, 0xFF, 0xFF, 0xFF, 0xFF, 0xFF, 0xFF, 0xFF, 0xFF, 0xFF, 0xFF, 0xFF,
    0xFF, 0xFF, 0xFF, 0xFF, 0xFF, 0xFF, 0xFF, 0xFF, 0xFF, 0xFF, 0xFF, 0xFF, 0xFF, 0xFF, 0xFF, 0xFF,
    0xFF, 0xFF, 0xFF, 0xFF, 0xFF, 0xFF, 0xFF, 0xFF, 0xFF, 0xFF, 0xFF, 0xFF, 0xFF, 0xFF, 0xFF, 0xFF,
    0xFF, 0xFF, 0xFF, 0xFF, 0xFF, 0xFF, 0xFF, 0xFF, 0xFF, 0xFF, 0xFF, 0xFF, 0xFF, 0xFF, 0xFF, 0xFF,
    0xFF, 0xFF, 0xFF, 0xFF, 0xFF, 0xFF, 0xFF, 0xFF, 0xFF, 0xFF, 0xFF, 0xFF, 0xFF, 0xFF, 0xFF, 0xFF,
    0xFF, 0xFF, 0xFF, 0xFF, 0xFF, 0xFF, 0xFF, 0xFF, 0xEB, 0x5A, 0x00, 0x00, 0xAA, 0x52, 0xB6, 0xB5,
    0x96, 0xB5, 0x96, 0xB5, 0x96, 0xB5, 0x96, 0xB5, 0x96, 0xB5, 0x96, 0xB5, 0x96, 0xB5, 0x96, 0xB5,
    0x96, 0xB5, 0x96, 0xB5, 0x96, 0xB5, 0x96, 0xB5, 0x96, 0xB5, 0x96, 0xB5, 0x96, 0xB5, 0x96, 0xB5,
    0x96, 0xB5, 0x96, 0xB5, 0x96, 0xB5, 0x96, 0xB5, 0x96, 0xB5, 0x96, 0xB5, 0x96, 0xB5, 0x96, 0xB5,
    0x96, 0xB5, 0xB6, 0xB5, 0x75, 0xAD, 0x18, 0xC6, 0xFF, 0xFF, 0xFF, 0xFF, 0xFF, 0xFF, 0xFF, 0xFF,
    0xFF, 0xFF, 0xFF, 0xFF, 0xDF, 0xFF, 0xFF, 0xFF, 0x4D, 0x6B, 0x00, 0x00, 0x20, 0x00, 0x00, 0x00,
    0x20, 0x00, 0xB6, 0xB5, 0xFF, 0xFF, 0xFF, 0xFF, 0xFF, 0xFF, 0xFF, 0xFF, 0xFF, 0xFF, 0xFF, 0xFF,
    0xFF, 0xFF, 0xFF, 0xFF, 0xFF, 0xFF, 0xFF, 0xFF, 0xFF, 0xFF, 0xFF, 0xFF, 0xFF, 0xFF, 0xFF, 0xFF,
    0xFF, 0xFF, 0xFF, 0xFF, 0xFF, 0xFF, 0xFF, 0xFF, 0xFF, 0xFF, 0xFF, 0xFF, 0xFF, 0xFF, 0xFF, 0xFF,
    0xFF, 0xFF, 0xFF, 0xFF, 0xFF, 0xFF, 0xFF, 0xFF, 0xFF, 0xFF, 0xFF, 0xFF, 0xFF, 0xFF, 0xFF, 0xFF,
    0xFF, 0xFF, 0xFF, 0xFF, 0xFF, 0xFF, 0xFF, 0xFF, 0xFF, 0xFF, 0xFF, 0xFF, 0xFF, 0xFF, 0xFF, 0xFF,
    0xFF, 0xFF, 0xFF, 0xFF, 0xFF, 0xFF, 0xFF, 0xFF, 0xFF, 0xFF, 0xFF, 0xFF, 0xFF, 0xFF, 0xFF, 0xFF,
    0xFF, 0xFF, 0xFF, 0xFF, 0xFF, 0xFF, 0xFF, 0xFF, 0xFF, 0xFF, 0xFF, 0xFF, 0xFF, 0xFF, 0xFF, 0xFF,
    0xFF, 0xFF, 0xFF, 0xFF, 0xFF, 0xFF, 0xFF, 0xFF, 0xFF, 0xFF, 0xFF, 0xFF, 0xFF, 0xFF, 0xFF, 0xFF,
    0xFF, 0xFF, 0xFF, 0xFF, 0xDF, 0xFF, 0xFF, 0xFF, 0xAA, 0x52, 0x00, 0x00, 0x00, 0x00, 0x00, 0x00,
    0x00, 0x00, 0x00, 0x00, 0x00, 0x00, 0x00, 0x00, 0x00, 0x00, 0x00, 0x00, 0x00, 0x00, 0x00, 0x00,
    0x00, 0x00, 0x00, 0x00, 0x00, 0x00, 0x00, 0x00, 0x00, 0x00, 0x00, 0x00, 0x00, 0x00, 0x00, 0x00,
    0x00, 0x00, 0x00, 0x00, 0x00, 0x00, 0x00, 0x00, 0x00, 0x00, 0x00, 0x00, 0x00, 0x00, 0x00, 0x00,
    0x00, 0x00, 0x00, 0x00, 0x00, 0x00, 0xD7, 0xBD, 0xFF, 0xFF, 0xFF, 0xFF, 0xFF, 0xFF, 0xFF, 0xFF,
    0xFF, 0xFF, 0xDF, 0xFF, 0xFF, 0xFF, 0x4D, 0x6B, 0x00, 0x00, 0x20, 0x00, 0x00, 0x00, 0x20, 0x00,
    0xB6, 0xB5, 0xFF, 0xFF, 0xDF, 0xFF, 0xFF, 0xFF, 0xFF, 0xFF, 0xFF, 0xFF, 0xFF, 0xFF, 0xFF, 0xFF,
    0xFF, 0xFF, 0xFF, 0xFF, 0xFF, 0xFF, 0xFF, 0xFF, 0xFF, 0xFF, 0xFF, 0xFF, 0xFF, 0xFF, 0xFF, 0xFF,
    0xFF, 0xFF, 0xFF, 0xFF, 0xFF, 0xFF, 0xFF, 0xFF, 0xFF, 0xFF, 0xDF, 0xFF, 0xFF, 0xFF, 0xFF, 0xFF,
    0xFF, 0xFF, 0xFF, 0xFF, 0xFF, 0xFF, 0xFF, 0xFF, 0xFF, 0xFF, 0xFF, 0xFF, 0xFF, 0xFF, 0xFF, 0xFF,
    0xFF, 0xFF, 0xFF, 0xFF, 0xFF, 0xFF, 0xFF, 0xFF, 0xFF, 0xFF, 0xFF, 0xFF, 0xFF, 0xFF, 0xFF, 0xFF,
    0xFF, 0xFF, 0xFF, 0xFF, 0xFF, 0xFF, 0xFF, 0xFF, 0xFF, 0xFF, 0xFF, 0xFF, 0xFF, 0xFF, 0xFF, 0xFF,
    0xFF, 0xFF, 0xFF, 0xFF, 0xFF, 0xFF, 0xFF, 0xFF, 0xFF, 0xFF, 0xFF, 0xFF, 0xFF, 0xFF, 0xFF, 0xFF,
    0xFF, 0xFF, 0xFF, 0xFF, 0xFF, 0xFF, 0xFF, 0xFF, 0xFF, 0xFF, 0xFF, 0xFF, 0xFF, 0xFF, 0xFF, 0xFF,
    0xFF, 0xFF, 0xFF, 0xFF, 0xFF, 0xFF, 0xFF, 0xFF, 0x69, 0x4A, 0x00, 0x00, 0x00, 0x00, 0x00, 0x00,
    0x00, 0x00, 0x00, 0x00, 0x00, 0x00, 0x00, 0x00, 0x00, 0x00, 0x00, 0x00, 0x00, 0x00, 0x00, 0x00,
    0x00, 0x00, 0x00, 0x00, 0x00, 0x00, 0x00, 0x00, 0x00, 0x00, 0x00, 0x00, 0x00, 0x00, 0x00, 0x00,
    0x00, 0x00, 0x00, 0x00, 0x00, 0x00, 0x00, 0x00, 0x00, 0x00, 0x00, 0x00, 0x00, 0x00, 0x00, 0x00,
    0x20, 0x00, 0x82, 0x10, 0x38, 0xC6, 0xFF, 0xFF, 0xFF, 0xFF, 0xFF, 0xFF, 0xFF, 0xFF, 0xFF, 0xFF,
    0xDF, 0xFF, 0xFF, 0xFF, 0x8E, 0x73, 0x00, 0x00, 0x20, 0x00, 0x00, 0x00, 0x20, 0x00, 0x96, 0xB5,
    0xFF, 0xFF, 0xDF, 0xFF, 0xFF, 0xFF, 0xFF, 0xFF, 0xFF, 0xFF, 0xFF, 0xFF, 0xFF, 0xFF, 0xFF, 0xFF,
    0xFF, 0xFF, 0xFF, 0xFF, 0xFF, 0xFF, 0xFF, 0xFF, 0xFF, 0xFF, 0xFF, 0xFF, 0xFF, 0xFF, 0xFF, 0xFF,
    0xFF, 0xFF, 0xFF, 0xFF, 0xFF, 0xFF, 0xFF, 0xFF, 0xFF, 0xFF, 0xFF, 0xFF, 0xFF, 0xFF, 0xFF, 0xFF,
    0xFF, 0xFF, 0xFF, 0xFF, 0xFF, 0xFF, 0xFF, 0xFF, 0xFF, 0xFF, 0xFF, 0xFF, 0xFF, 0xFF, 0xFF, 0xFF,
    0xFF, 0xFF, 0xFF, 0xFF, 0xFF, 0xFF, 0xFF, 0xFF, 0xFF, 0xFF, 0xFF, 0xFF, 0xFF, 0xFF, 0xFF, 0xFF,
    0xFF, 0xFF, 0xFF, 0xFF, 0xFF, 0xFF, 0xFF, 0xFF, 0xFF, 0xFF, 0xFF, 0xFF, 0xFF, 0xFF, 0xFF, 0xFF,
    0xFF, 0xFF, 0xFF, 0xFF, 0xFF, 0xFF, 0xFF, 0xFF, 0xFF, 0xFF, 0xFF, 0xFF, 0xFF, 0xFF, 0xFF, 0xFF,
    0xFF, 0xFF, 0xFF, 0xFF, 0xFF, 0xFF, 0xFF, 0xFF, 0xFF, 0xFF, 0xFF, 0xFF, 0xFF, 0xFF, 0xFF, 0xFF,
    0xFF, 0xFF, 0xFF, 0xFF, 0xFF, 0xFF, 0xFF, 0xFF, 0x79, 0xCE, 0xB6, 0xB5, 0xB6, 0xB5, 0xB6, 0xB5,
    0xB6, 0xB5, 0xB6, 0xB5, 0xB6, 0xB5, 0xB6, 0xB5, 0xB6, 0xB5, 0xB6, 0xB5, 0xB6, 0xB5, 0xB6, 0xB5,
    0xB6, 0xB5, 0xB6, 0xB5, 0xB6, 0xB5, 0xB6, 0xB5, 0xB6, 0xB5, 0xB6, 0xB5, 0xB6, 0xB5, 0xB6, 0xB5,
    0xB6, 0xB5, 0xB6, 0xB5, 0xB6, 0xB5, 0xB6, 0xB5, 0xB6, 0xB5, 0x96, 0xB5, 0xB6, 0xB5, 0xAA, 0x52,
    0x00, 0x00, 0x86, 0x31, 0xFF, 0xFF, 0xFF, 0xFF, 0xFF, 0xFF, 0xFF, 0xFF, 0xFF, 0xFF, 0xDF, 0xFF,
    0xFF, 0xFF, 0xAE, 0x73, 0x00, 0x00, 0x20, 0x00, 0x00, 0x00, 0x20, 0x00, 0x75, 0xAD, 0xFF, 0xFF,
    0xDF, 0xFF, 0xFF, 0xFF, 0xFF, 0xFF, 0xFF, 0xFF, 0xFF, 0xFF, 0xFF, 0xFF, 0xFF, 0xFF, 0xFF, 0xFF,
    0xFF, 0xFF, 0xFF, 0xFF, 0xFF, 0xFF, 0xFF, 0xFF, 0xFF, 0xFF, 0xFF, 0xFF, 0xFF, 0xFF, 0xFF, 0xFF,
    0xFF, 0xFF, 0xFF, 0xFF, 0xFF, 0xFF, 0xFF, 0xFF, 0xFF, 0xFF, 0xFF, 0xFF, 0xFF, 0xFF, 0xFF, 0xFF,
    0xFF, 0xFF, 0xFF, 0xFF, 0xFF, 0xFF, 0xFF, 0xFF, 0xFF, 0xFF, 0xFF, 0xFF, 0xFF, 0xFF, 0xFF, 0xFF,
    0xFF, 0xFF, 0xFF, 0xFF, 0xFF, 0xFF, 0xFF, 0xFF, 0xFF, 0xFF, 0xFF, 0xFF, 0xFF, 0xFF, 0xFF, 0xFF,
    0xFF, 0xFF, 0xFF, 0xFF, 0xFF, 0xFF, 0xFF, 0xFF, 0xFF, 0xFF, 0xFF, 0xFF, 0xFF, 0xFF, 0xFF, 0xFF,
    0xFF, 0xFF, 0xFF, 0xFF, 0xFF, 0xFF, 0xFF, 0xFF, 0xFF, 0xFF, 0xFF, 0xFF, 0xFF, 0xFF, 0xFF, 0xFF,
    0xFF, 0xFF, 0xFF, 0xFF, 0xFF, 0xFF, 0xFF, 0xFF, 0xFF, 0xFF, 0xFF, 0xFF, 0xFF, 0xFF, 0xFF, 0xFF,
    0xFF, 0xFF, 0xFF, 0xFF, 0xFF, 0xFF, 0xFF, 0xFF, 0xFF, 0xFF, 0xFF, 0xFF, 0xFF, 0xFF, 0xFF, 0xFF,
    0xFF, 0xFF, 0xFF, 0xFF, 0xFF, 0xFF, 0xFF, 0xFF, 0xFF, 0xFF, 0xFF, 0xFF, 0xFF, 0xFF, 0xFF, 0xFF,
    0xFF, 0xFF, 0xFF, 0xFF, 0xFF, 0xFF, 0xFF, 0xFF, 0xFF, 0xFF, 0xFF, 0xFF, 0xFF, 0xFF, 0xFF, 0xFF,
    0xFF, 0xFF, 0xFF, 0xFF, 0xFF, 0xFF, 0xFF, 0xFF, 0xFF, 0xFF, 0xFF, 0xFF, 0xFF, 0xFF, 0xCF, 0x7B,
    0x00, 0x00, 0x86, 0x31, 0xFF, 0xFF, 0xFF, 0xFF, 0xFF, 0xFF, 0xFF, 0xFF, 0xDF, 0xFF, 0xFF, 0xFF,
    0xCF, 0x7B, 0x00, 0x00, 0x20, 0x00, 0x00, 0x00, 0x00, 0x00, 0x75, 0xAD, 0xFF, 0xFF, 0xDF, 0xFF,
    0xFF, 0xFF, 0xFF, 0xFF, 0xFF, 0xFF, 0xFF, 0xFF, 0xFF, 0xFF, 0xFF, 0xFF, 0xFF, 0xFF, 0xFF, 0xFF,
    0xFF, 0xFF, 0xFF, 0xFF, 0xFF, 0xFF, 0xFF, 0xFF, 0xFF, 0xFF, 0xFF, 0xFF, 0xFF, 0xFF, 0xFF, 0xFF,
    0xFF, 0xFF, 0xFF, 0xFF, 0xFF, 0xFF, 0xFF, 0xFF, 0xFF, 0xFF, 0xFF, 0xFF, 0xFF, 0xFF, 0xFF, 0xFF,
    0xFF, 0xFF, 0xFF, 0xFF, 0xFF, 0xFF, 0xFF, 0xFF, 0xFF, 0xFF, 0xFF, 0xFF, 0xFF, 0xFF, 0xFF, 0xFF,
    0xFF, 0xFF, 0xFF, 0xFF, 0xFF, 0xFF, 0xFF, 0xFF, 0xFF, 0xFF, 0xFF, 0xFF, 0xFF, 0xFF, 0xFF, 0xFF,
    0xFF, 0xFF, 0xFF, 0xFF, 0xFF, 0xFF, 0xFF, 0xFF, 0xFF, 0xFF, 0xFF, 0xFF, 0xFF, 0xFF, 0xFF, 0xFF,
    0xFF, 0xFF, 0xFF, 0xFF, 0xFF, 0xFF, 0xFF, 0xFF, 0xFF, 0xFF, 0xFF, 0xFF, 0xFF, 0xFF, 0xFF, 0xFF,
    0xFF, 0xFF, 0xFF, 0xFF, 0xFF, 0xFF, 0xFF, 0xFF, 0xFF, 0xFF, 0xFF, 0xFF, 0xFF, 0xFF, 0xFF, 0xFF,
    0xFF, 0xFF, 0xFF, 0xFF, 0xFF, 0xFF, 0xFF, 0xFF, 0xFF, 0xFF, 0xFF, 0xFF, 0xFF, 0xFF, 0xFF, 0xFF,
    0xFF, 0xFF, 0xFF, 0xFF, 0xFF, 0xFF, 0xFF, 0xFF, 0xFF, 0xFF, 0xFF, 0xFF, 0xFF, 0xFF, 0xFF, 0xFF,
    0xFF, 0xFF, 0xFF, 0xFF, 0xFF, 0xFF, 0xFF, 0xFF, 0xFF, 0xFF, 0xFF, 0xFF, 0xFF, 0xFF, 0xFF, 0xFF,
    0xFF, 0xFF, 0xFF, 0xFF, 0xFF, 0xFF, 0xFF, 0xFF, 0xFF, 0xFF, 0xDF, 0xFF, 0xFF, 0xFF, 0xAE, 0x73,
    0x00, 0x00, 0x86, 0x31, 0xFF, 0xFF, 0xFF, 0xFF, 0xFF, 0xFF, 0xDF, 0xFF, 0xFF, 0xFF, 0xEF, 0x7B,
    0x00, 0x00, 0x20, 0x00, 0x00, 0x00, 0x00, 0x00, 0x34, 0xA5, 0xFF, 0xFF, 0xDF, 0xFF, 0xFF, 0xFF,
    0xFF, 0xFF, 0xFF, 0xFF, 0xFF, 0xFF, 0xFF, 0xFF, 0xFF, 0xFF, 0xFF, 0xFF, 0xFF, 0xFF, 0xFF, 0xFF,
    0xFF, 0xFF, 0xFF, 0xFF, 0xFF, 0xFF, 0xFF, 0xFF, 0xFF, 0xFF, 0xFF, 0xFF, 0xFF, 0xFF, 0xFF, 0xFF,
    0xFF, 0xFF, 0xFF, 0xFF, 0xFF, 0xFF, 0xFF, 0xFF, 0xFF, 0xFF, 0xFF, 0xFF, 0xFF, 0xFF, 0xFF, 0xFF,
    0xFF, 0xFF, 0xFF, 0xFF, 0xFF, 0xFF, 0xFF, 0xFF, 0xFF, 0xFF, 0xFF, 0xFF, 0xFF, 0xFF, 0xFF, 0xFF,
    0xFF, 0xFF, 0xFF, 0xFF, 0xFF, 0xFF, 0xFF, 0xFF, 0xFF, 0xFF, 0xFF, 0xFF, 0xFF, 0xFF, 0xFF, 0xFF,
    0xFF, 0xFF, 0xFF, 0xFF, 0xFF, 0xFF, 0xFF, 0xFF, 0xFF, 0xFF, 0xFF, 0xFF, 0xFF, 0xFF, 0xFF, 0xFF,
    0xFF, 0xFF, 0xFF, 0xFF, 0xFF, 0xFF, 0xFF, 0xFF, 0xFF, 0xFF, 0xFF, 0xFF, 0xFF, 0xFF, 0xFF, 0xFF,
    0xFF, 0xFF, 0xFF, 0xFF, 0xFF, 0xFF, 0xFF, 0xFF, 0xFF, 0xFF, 0xFF, 0xFF, 0xFF, 0xFF, 0xFF, 0xFF,
    0xFF, 0xFF, 0xFF, 0xFF, 0xFF, 0xFF, 0xFF, 0xFF, 0xFF, 0xFF, 0xFF, 0xFF, 0xFF, 0xFF, 0xFF, 0xFF,
    0xFF, 0xFF, 0xFF, 0xFF, 0xFF, 0xFF, 0xFF, 0xFF, 0xFF, 0xFF, 0xFF, 0xFF, 0xFF, 0xFF, 0xFF, 0xFF,
    0xFF, 0xFF, 0xFF, 0xFF, 0xFF, 0xFF, 0xFF, 0xFF, 0xFF, 0xFF, 0xFF, 0xFF, 0xFF, 0xFF, 0xFF, 0xFF,
    0xFF, 0xFF, 0xFF, 0xFF, 0xFF, 0xFF, 0xFF, 0xFF, 0xFF, 0xFF, 0xDF, 0xFF, 0xFF, 0xFF, 0xAE, 0x73,
    0x00, 0x00, 0x86, 0x31, 0xFF, 0xFF, 0xFF, 0xFF, 0xDF, 0xFF, 0xFF, 0xFF, 0xEF, 0x7B, 0x00, 0x00,
    0x20, 0x00, 0x20, 0x00, 0x00, 0x00, 0x14, 0xA5, 0xFF, 0xFF, 0xDF, 0xFF, 0xFF, 0xFF, 0xFF, 0xFF,
    0xFF, 0xFF, 0xFF, 0xFF, 0xFF, 0xFF, 0xFF, 0xFF, 0xFF, 0xFF, 0xFF, 0xFF, 0xFF, 0xFF, 0xFF, 0xFF,
    0xFF, 0xFF, 0xFF, 0xFF, 0xFF, 0xFF, 0xFF, 0xFF, 0xFF, 0xFF, 0xFF, 0xFF, 0xFF, 0xFF, 0xFF, 0xFF,
    0xFF, 0xFF, 0xFF, 0xFF, 0xFF, 0xFF, 0xFF, 0xFF, 0xFF, 0xFF, 0xFF, 0xFF, 0xFF, 0xFF, 0xFF, 0xFF,
    0xFF, 0xFF, 0xFF, 0xFF, 0xFF, 0xFF, 0xFF, 0xFF, 0xFF, 0xFF, 0xFF, 0xFF, 0xFF, 0xFF, 0xFF, 0xFF,
    0xFF, 0xFF, 0xFF, 0xFF, 0xFF, 0xFF, 0xFF, 0xFF, 0xFF, 0xFF, 0xFF, 0xFF, 0xFF, 0xFF, 0xFF, 0xFF,
    0xFF, 0xFF, 0xFF, 0xFF, 0xFF, 0xFF, 0xFF, 0xFF, 0xFF, 0xFF, 0xFF, 0xFF, 0xFF, 0xFF, 0xFF, 0xFF,
    0xFF, 0xFF, 0xFF, 0xFF, 0xFF, 0xFF, 0xFF, 0xFF, 0xFF, 0xFF, 0xFF, 0xFF, 0xFF, 0xFF, 0xFF, 0xFF,
    0xFF, 0xFF, 0xFF, 0xFF, 0xFF, 0xFF, 0xFF, 0xFF, 0xFF, 0xFF, 0xFF, 0xFF, 0xFF, 0xFF, 0xFF, 0xFF,
    0xFF, 0xFF, 0xFF, 0xFF, 0xFF, 0xFF, 0xFF, 0xFF, 0xFF, 0xFF, 0xFF, 0xFF, 0xFF, 0xFF, 0xFF, 0xFF,
    0xFF, 0xFF, 0xFF, 0xFF, 0xFF, 0xFF, 0xFF, 0xFF, 0xFF, 0xFF, 0xFF, 0xFF, 0xFF, 0xFF, 0xFF, 0xFF,
    0xFF, 0xFF, 0xFF, 0xFF, 0xFF, 0xFF, 0xFF, 0xFF, 0xFF, 0xFF, 0xFF, 0xFF, 0xFF, 0xFF, 0xFF, 0xFF,
    0xFF, 0xFF, 0xFF, 0xFF, 0xFF, 0xFF, 0xFF, 0xFF, 0xFF, 0xFF, 0xDF, 0xFF, 0xFF, 0xFF, 0xAE, 0x73,
    0x00, 0x00, 0x86, 0x31, 0xFF, 0xFF, 0xDF, 0xFF, 0xFF, 0xFF, 0x10, 0x84, 0x00, 0x00, 0x20, 0x00,
    0x20, 0x00, 0x00, 0x00, 0xF3, 0x9C, 0xFF, 0xFF, 0xDF, 0xFF, 0xFF, 0xFF, 0xFF, 0xFF, 0xFF, 0xFF,
    0xFF, 0xFF, 0xFF, 0xFF, 0xFF, 0xFF, 0xFF, 0xFF, 0xFF, 0xFF, 0xFF, 0xFF, 0xFF, 0xFF, 0xFF, 0xFF,
    0xFF, 0xFF, 0xFF, 0xFF, 0xFF, 0xFF, 0xFF, 0xFF, 0xFF, 0xFF, 0xFF, 0xFF, 0xFF, 0xFF, 0xFF, 0xFF,
    0xFF, 0xFF, 0xFF, 0xFF, 0xFF, 0xFF, 0xFF, 0xFF, 0xFF, 0xFF, 0xFF, 0xFF, 0xFF, 0xFF, 0xFF, 0xFF,
    0xFF, 0xFF, 0xFF, 0xFF, 0xFF, 0xFF, 0xFF, 0xFF, 0xFF, 0xFF, 0xFF, 0xFF, 0xFF, 0xFF, 0xFF, 0xFF,
    0xFF, 0xFF, 0xFF, 0xFF, 0xFF, 0xFF, 0xFF, 0xFF, 0xFF, 0xFF, 0xFF, 0xFF, 0xFF, 0xFF, 0xFF, 0xFF,
    0xFF, 0xFF, 0xFF, 0xFF, 0xFF, 0xFF, 0xFF, 0xFF, 0xFF, 0xFF, 0xFF, 0xFF, 0xFF, 0xFF, 0xFF, 0xFF,
    0xFF, 0xFF, 0xFF, 0xFF, 0xFF, 0xFF, 0xFF, 0xFF, 0xFF, 0xFF, 0xFF, 0xFF, 0xFF, 0xFF, 0xFF, 0xFF,
    0xFF, 0xFF, 0xFF, 0xFF, 0xFF, 0xFF, 0xFF, 0xFF, 0xFF, 0xFF, 0xFF, 0xFF, 0xFF, 0xFF, 0xFF, 0xFF,
    0xFF, 0xFF, 0xFF, 0xFF, 0xFF, 0xFF, 0xFF, 0xFF, 0xFF, 0xFF, 0xFF, 0xFF, 0xFF, 0xFF, 0xFF, 0xFF,
    0xFF, 0xFF, 0xFF, 0xFF, 0xFF, 0xFF, 0xFF, 0xFF, 0xFF, 0xFF, 0xFF, 0xFF, 0xFF, 0xFF, 0xFF, 0xFF,
    0xFF, 0xFF, 0xFF, 0xFF, 0xFF, 0xFF, 0xFF, 0xFF, 0xFF, 0xFF, 0xFF, 0xFF, 0xFF, 0xFF, 0xFF, 0xFF,
    0xFF, 0xFF, 0xFF, 0xFF, 0xFF, 0xFF, 0xFF, 0xFF, 0xFF, 0xFF, 0xDF, 0xFF, 0xFF, 0xFF, 0xAE, 0x73,
    0x00, 0x00, 0x86, 0x31, 0xFF, 0xFF, 0xFF, 0xFF, 0x30, 0x84, 0x00, 0x00, 0x20, 0x00, 0x20, 0x00,
    0x00, 0x00, 0xD3, 0x9C, 0xFF, 0xFF, 0xDF, 0xFF, 0xFF, 0xFF, 0xFF, 0xFF, 0xFF, 0xFF, 0xFF, 0xFF,
    0xFF, 0xFF, 0xFF, 0xFF, 0xFF, 0xFF, 0xFF, 0xFF, 0xFF, 0xFF, 0xFF, 0xFF, 0xFF, 0xFF, 0xFF, 0xFF,
    0xFF, 0xFF, 0xFF, 0xFF, 0xFF, 0xFF, 0xFF, 0xFF, 0xFF, 0xFF, 0xFF, 0xFF, 0xFF, 0xFF, 0xFF, 0xFF,
    0xFF, 0xFF, 0xFF, 0xFF, 0xFF, 0xFF, 0xFF, 0xFF, 0xFF, 0xFF, 0xFF, 0xFF, 0xFF, 0xFF, 0xFF, 0xFF,
    0xFF, 0xFF, 0xFF, 0xFF, 0xFF, 0xFF, 0xFF, 0xFF, 0xFF, 0xFF, 0xFF, 0xFF, 0xFF, 0xFF, 0xFF, 0xFF,
    0xFF, 0xFF, 0xFF, 0xFF, 0xFF, 0xFF, 0xFF, 0xFF, 0xFF, 0xFF, 0xFF, 0xFF, 0xFF, 0xFF, 0xFF, 0xFF,
    0xFF, 0xFF, 0xFF, 0xFF, 0xFF, 0xFF, 0xFF, 0xFF, 0xFF, 0xFF, 0xFF, 0xFF, 0xFF, 0xFF, 0xFF, 0xFF,
    0xFF, 0xFF, 0xFF, 0xFF, 0xFF, 0xFF, 0xFF, 0xFF, 0xFF, 0xFF, 0xFF, 0xFF, 0xFF, 0xFF, 0xFF, 0xFF,
    0xFF, 0xFF, 0xFF, 0xFF, 0xFF, 0xFF, 0xFF, 0xFF, 0xFF, 0xFF, 0xFF, 0xFF, 0xFF, 0xFF, 0xFF, 0xFF,
    0xFF, 0xFF, 0xFF, 0xFF, 0xFF, 0xFF, 0xFF, 0xFF, 0xFF, 0xFF, 0xFF, 0xFF, 0xFF, 0xFF, 0xFF, 0xFF,
    0xFF, 0xFF, 0xFF, 0xFF, 0xFF, 0xFF, 0xFF, 0xFF, 0xFF, 0xFF, 0xFF, 0xFF, 0xFF, 0xFF, 0xFF, 0xFF,
    0xFF, 0xFF, 0xFF, 0xFF, 0xFF, 0xFF, 0xFF, 0xFF, 0xFF, 0xFF, 0xFF, 0xFF, 0xFF, 0xFF, 0xFF, 0xFF,
    0xFF, 0xFF, 0xFF, 0xFF, 0xFF, 0xFF, 0xFF, 0xFF, 0xFF, 0xFF, 0xDF, 0xFF, 0xFF, 0xFF, 0xAE, 0x73,
    0x00, 0x00, 0x86, 0x31, 0xFF, 0xFF, 0x31, 0x8C, 0x00, 0x00, 0x20, 0x00, 0x20, 0x00, 0x00, 0x00,
    0xB2, 0x94, 0xFF, 0xFF, 0xDF, 0xFF, 0xFF, 0xFF, 0xFF, 0xFF, 0xFF, 0xFF, 0xFF, 0xFF, 0xFF, 0xFF,
    0xFF, 0xFF, 0xFF, 0xFF, 0xFF, 0xFF, 0xFF, 0xFF, 0xFF, 0xFF, 0xFF, 0xFF, 0xFF, 0xFF, 0xFF, 0xFF,
    0xFF, 0xFF, 0xFF, 0xFF, 0xFF, 0xFF, 0xFF, 0xFF, 0xFF, 0xFF, 0xFF, 0xFF, 0xFF, 0xFF, 0xFF, 0xFF,
    0xFF, 0xFF, 0xFF, 0xFF, 0xFF, 0xFF, 0xFF, 0xFF, 0xFF, 0xFF, 0xFF, 0xFF, 0xFF, 0xFF, 0xFF, 0xFF,
    0xFF, 0xFF, 0xFF, 0xFF, 0xFF, 0xFF, 0xFF, 0xFF, 0xFF, 0xFF, 0xFF, 0xFF, 0xFF, 0xFF, 0xFF, 0xFF,
    0xFF, 0xFF, 0xFF, 0xFF, 0xFF, 0xFF, 0xFF, 0xFF, 0xFF, 0xFF, 0xFF, 0xFF, 0xFF, 0xFF, 0xFF, 0xFF,
    0xFF, 0xFF, 0xFF, 0xFF, 0xFF, 0xFF, 0xFF, 0xFF, 0xFF, 0xFF, 0xFF, 0xFF, 0xFF, 0xFF, 0xFF, 0xFF,
    0xFF, 0xFF, 0xFF, 0xFF, 0xFF, 0xFF, 0xFF, 0xFF, 0xFF, 0xFF, 0xFF, 0xFF, 0xFF, 0xFF, 0xFF, 0xFF,
    0xFF, 0xFF, 0xFF, 0xFF, 0xFF, 0xFF, 0xFF, 0xFF, 0xFF, 0xFF, 0xFF, 0xFF, 0xFF, 0xFF, 0xFF, 0xFF,
    0xFF, 0xFF, 0xFF, 0xFF, 0xFF, 0xFF, 0xFF, 0xFF, 0xFF, 0xFF, 0xFF, 0xFF, 0xFF, 0xFF, 0xFF, 0xFF,
    0xFF, 0xFF, 0xFF, 0xFF, 0xFF, 0xFF, 0xFF, 0xFF, 0xFF, 0xFF, 0xFF, 0xFF, 0xFF, 0xFF, 0xFF, 0xFF,
    0xFF, 0xFF, 0xFF, 0xFF, 0xFF, 0xFF, 0xFF, 0xFF, 0xFF, 0xFF, 0xFF, 0xFF, 0xFF, 0xFF, 0xFF, 0xFF,
    0xFF, 0xFF, 0xFF, 0xFF, 0xFF, 0xFF, 0xFF, 0xFF, 0xFF, 0xFF, 0xDF, 0xFF, 0xFF, 0xFF, 0xAE, 0x73,
    0x00, 0x00, 0xC7, 0x39, 0x51, 0x8C, 0x00, 0x00, 0x20, 0x00, 0x20, 0x00, 0x00, 0x00, 0x92, 0x94,
    0xFF, 0xFF, 0xDF, 0xFF, 0xFF, 0xFF, 0xFF, 0xFF, 0xFF, 0xFF, 0xFF, 0xFF, 0xFF, 0xFF, 0xFF, 0xFF,
    0xFF, 0xFF, 0xFF, 0xFF, 0xFF, 0xFF, 0xFF, 0xFF, 0xFF, 0xFF, 0xFF, 0xFF, 0xFF, 0xFF, 0xFF, 0xFF,
    0xFF, 0xFF, 0xFF, 0xFF, 0xFF, 0xFF, 0xFF, 0xFF, 0xFF, 0xFF, 0xFF, 0xFF, 0xFF, 0xFF, 0xFF, 0xFF,
    0xFF, 0xFF, 0xFF, 0xFF, 0xFF, 0xFF, 0xFF, 0xFF, 0xFF, 0xFF, 0xFF, 0xFF, 0xFF, 0xFF, 0xFF, 0xFF,
    0xFF, 0xFF, 0xFF, 0xFF, 0xFF, 0xFF, 0xFF, 0xFF, 0xFF, 0xFF, 0xFF, 0xFF, 0xFF, 0xFF, 0xFF, 0xFF,
    0xFF, 0xFF, 0xFF, 0xFF, 0xFF, 0xFF, 0xFF, 0xFF, 0xFF, 0xFF, 0xFF, 0xFF, 0xFF, 0xFF, 0xFF, 0xFF,
    0xFF, 0xFF, 0xFF, 0xFF, 0xFF, 0xFF, 0xFF, 0xFF, 0xFF, 0xFF, 0xFF, 0xFF, 0xFF, 0xFF, 0xFF, 0xFF,
    0xFF, 0xFF, 0xFF, 0xFF, 0xFF, 0xFF, 0xFF, 0xFF, 0xFF, 0xFF, 0xFF, 0xFF, 0xFF, 0xFF, 0xFF, 0xFF,
    0xFF, 0xFF, 0xFF, 0xFF, 0xFF, 0xFF, 0xFF, 0xFF, 0xFF, 0xFF, 0xFF, 0xFF, 0xFF, 0xFF, 0xFF, 0xFF,
    0xFF, 0xFF, 0xFF, 0xFF, 0xFF, 0xFF, 0xFF, 0xFF, 0xFF, 0xFF, 0xFF, 0xFF, 0xFF, 0xFF, 0xFF, 0xFF,
    0xFF, 0xFF, 0xFF, 0xFF, 0xFF, 0xFF, 0xFF, 0xFF, 0xFF, 0xFF, 0xFF, 0xFF, 0xFF, 0xFF, 0xFF, 0xFF,
    0xFF, 0xFF, 0xFF, 0xFF, 0xFF, 0xFF, 0xFF, 0xFF, 0xFF, 0xFF, 0xFF, 0xFF, 0xFF, 0xFF, 0xFF, 0xFF,
    0xFF, 0xFF, 0xFF, 0xFF, 0xFF, 0xFF, 0xFF, 0xFF, 0xFF, 0xFF, 0xDF, 0xFF, 0xFF, 0xFF, 0x8E, 0x73,
    0x00, 0x00, 0x41, 0x08, 0x00, 0x00, 0x20, 0x00, 0x20, 0x00, 0x00, 0x00, 0x71, 0x8C, 0xFF, 0xFF,
    0xDF, 0xFF, 0xFF, 0xFF, 0xFF, 0xFF, 0xFF, 0xFF, 0xFF, 0xFF, 0xFF, 0xFF, 0xFF, 0xFF, 0xFF, 0xFF,
    0xFF, 0xFF, 0xFF, 0xFF, 0xFF, 0xFF, 0xFF, 0xFF, 0xFF, 0xFF, 0xFF, 0xFF, 0xFF, 0xFF, 0xFF, 0xFF,
    0xFF, 0xFF, 0xFF, 0xFF, 0xFF, 0xFF, 0xFF, 0xFF, 0xFF, 0xFF, 0xFF, 0xFF, 0xFF, 0xFF, 0xFF, 0xFF,
    0xFF, 0xFF, 0xFF, 0xFF, 0xFF, 0xFF, 0xFF, 0xFF, 0xFF, 0xFF, 0xFF, 0xFF, 0xFF, 0xFF, 0xFF, 0xFF,
    0xFF, 0xFF, 0xFF, 0xFF, 0xFF, 0xFF, 0xFF, 0xFF, 0xFF, 0xFF, 0xFF, 0xFF, 0xFF, 0xFF, 0xFF, 0xFF,
    0xFF, 0xFF, 0xFF, 0xFF, 0xFF, 0xFF, 0xFF, 0xFF, 0xFF, 0xFF, 0xFF, 0xFF, 0xFF, 0xFF, 0xFF, 0xFF,
    0xFF, 0xFF, 0xFF, 0xFF, 0xFF, 0xFF, 0xFF, 0xFF, 0xFF, 0xFF, 0xFF, 0xFF, 0xFF, 0xFF, 0xFF, 0xFF,
    0xFF, 0xFF, 0xFF, 0xFF, 0xFF, 0xFF, 0xFF, 0xFF, 0xFF, 0xFF, 0xFF, 0xFF, 0xFF, 0xFF, 0xFF, 0xFF,
    0xFF, 0xFF, 0xFF, 0xFF, 0xFF, 0xFF, 0xFF, 0xFF, 0xFF, 0xFF, 0xFF, 0xFF, 0xFF, 0xFF, 0xFF, 0xFF,
    0xFF, 0xFF, 0xFF, 0xFF, 0xFF, 0xFF, 0xFF, 0xFF, 0xFF, 0xFF, 0xFF, 0xFF, 0xFF, 0xFF, 0xFF, 0xFF,
    0xFF, 0xFF, 0xFF, 0xFF, 0xFF, 0xFF, 0xFF, 0xFF, 0xFF, 0xFF, 0xFF, 0xFF, 0xFF, 0xFF, 0xFF, 0xFF,
    0xFF, 0xFF, 0xFF, 0xFF, 0xFF, 0xFF, 0xFF, 0xFF, 0xFF, 0xFF, 0xFF, 0xFF, 0xFF, 0xFF, 0xFF, 0xFF,
    0xFF, 0xFF, 0xFF, 0xFF, 0xFF, 0xFF, 0xFF, 0xFF, 0xFF, 0xFF, 0xDF, 0xFF, 0xFF, 0xFF, 0x8E, 0x73,
    0x00, 0x00, 0x00, 0x00, 0x00, 0x00, 0x20, 0x00, 0x00, 0x00, 0x51, 0x8C, 0xFF, 0xFF, 0xDF, 0xFF,
    0xFF, 0xFF, 0xFF, 0xFF, 0xFF, 0xFF, 0xFF, 0xFF, 0xFF, 0xFF, 0xFF, 0xFF, 0xFF, 0xFF, 0xFF, 0xFF,
    0xFF, 0xFF, 0xFF, 0xFF, 0xFF, 0xFF, 0xFF, 0xFF, 0xFF, 0xFF, 0xFF, 0xFF, 0xFF, 0xFF, 0xFF, 0xFF,
    0xFF, 0xFF, 0xFF, 0xFF, 0xFF, 0xFF, 0xFF, 0xFF, 0xFF, 0xFF, 0xFF, 0xFF, 0xFF, 0xFF, 0xFF, 0xFF,
    0xFF, 0xFF, 0xFF, 0xFF, 0xFF, 0xFF, 0xFF, 0xFF, 0xFF, 0xFF, 0xFF, 0xFF, 0xFF, 0xFF, 0xFF, 0xFF,
    0xFF, 0xFF, 0xFF, 0xFF, 0xFF, 0xFF, 0xFF, 0xFF, 0xFF, 0xFF, 0xFF, 0xFF, 0xFF, 0xFF, 0xFF, 0xFF,
    0xFF, 0xFF, 0xFF, 0xFF, 0xFF, 0xFF, 0xFF, 0xFF, 0xFF, 0xFF, 0xFF, 0xFF, 0xFF, 0xFF, 0xFF, 0xFF,
    0xFF, 0xFF, 0xFF, 0xFF, 0xFF, 0xFF, 0xFF, 0xFF, 0xFF, 0xFF, 0xFF, 0xFF, 0xFF, 0xFF, 0xFF, 0xFF,
    0xFF, 0xFF, 0xFF, 0xFF, 0xFF, 0xFF, 0xFF, 0xFF, 0xFF, 0xFF, 0xFF, 0xFF, 0xFF, 0xFF, 0xFF, 0xFF,
    0xFF, 0xFF, 0xFF, 0xFF, 0xFF, 0xFF, 0xFF, 0xFF, 0xFF, 0xFF, 0xFF, 0xFF, 0xFF, 0xFF, 0xFF, 0xFF,
    0xFF, 0xFF, 0xFF, 0xFF, 0xFF, 0xFF, 0xFF, 0xFF, 0xFF, 0xFF, 0xFF, 0xFF, 0xFF, 0xFF, 0xFF, 0xFF,
    0xFF, 0xFF, 0xFF, 0xFF, 0xFF, 0xFF, 0xFF, 0xFF, 0xFF, 0xFF, 0xFF, 0xFF, 0xFF, 0xFF, 0xFF, 0xFF,
    0xFF, 0xFF, 0xFF, 0xFF, 0xFF, 0xFF, 0xFF, 0xFF, 0xFF, 0xFF, 0xFF, 0xFF, 0xFF, 0xFF, 0xFF, 0xFF,
    0xFF, 0xFF, 0xFF, 0xFF, 0xFF, 0xFF, 0xFF, 0xFF, 0xFF, 0xFF, 0xDF, 0xFF, 0xFF, 0xFF, 0x8E, 0x73,
    0x00, 0x00, 0x20, 0x00, 0x20, 0x00, 0x00, 0x00, 0x30, 0x84, 0xFF, 0xFF, 0xDF, 0xFF, 0xFF, 0xFF,
    0xFF, 0xFF, 0xFF, 0xFF, 0xFF, 0xFF, 0xFF, 0xFF, 0xFF, 0xFF, 0xFF, 0xFF, 0xFF, 0xFF, 0xFF, 0xFF,
    0xFF, 0xFF, 0xFF, 0xFF, 0xFF, 0xFF, 0xFF, 0xFF, 0xFF, 0xFF, 0xFF, 0xFF, 0xFF, 0xFF, 0xFF, 0xFF,
    0xFF, 0xFF, 0xFF, 0xFF, 0xFF, 0xFF, 0xFF, 0xFF, 0xFF, 0xFF, 0xFF, 0xFF, 0xFF, 0xFF, 0xFF, 0xFF,
    0xFF, 0xFF, 0xFF, 0xFF, 0xFF, 0xFF, 0xFF, 0xFF, 0xFF, 0xFF, 0xFF, 0xFF, 0xFF, 0xFF, 0xFF, 0xFF,
    0xFF, 0xFF, 0xFF, 0xFF, 0xFF, 0xFF, 0xFF, 0xFF, 0xFF, 0xFF, 0xFF, 0xFF, 0xFF, 0xFF, 0xFF, 0xFF,
    0xFF, 0xFF, 0xFF, 0xFF, 0xFF, 0xFF, 0xFF, 0xFF, 0xFF, 0xFF, 0xFF, 0xFF, 0xFF, 0xFF, 0xFF, 0xFF,
    0xFF, 0xFF, 0xFF, 0xFF, 0xFF, 0xFF, 0xFF, 0xFF, 0xFF, 0xFF, 0xFF, 0xFF, 0xFF, 0xFF, 0xFF, 0xFF,
    0xFF, 0xFF, 0xFF, 0xFF, 0xFF, 0xFF, 0xFF, 0xFF, 0xFF, 0xFF, 0xFF, 0xFF, 0xFF, 0xFF, 0xFF, 0xFF,
    0xFF, 0xFF, 0xFF, 0xFF, 0xFF, 0xFF, 0xFF, 0xFF, 0xFF, 0xFF, 0xFF, 0xFF, 0xFF, 0xFF, 0xFF, 0xFF,
    0xFF, 0xFF, 0xFF, 0xFF, 0xFF, 0xFF, 0xFF, 0xFF, 0xFF, 0xFF, 0xFF, 0xFF, 0xFF, 0xFF, 0xFF, 0xFF,
    0xFF, 0xFF, 0xFF, 0xFF, 0xFF, 0xFF, 0xFF, 0xFF, 0xFF, 0xFF, 0xFF, 0xFF, 0xFF, 0xFF, 0xFF, 0xFF,
    0xFF, 0xFF, 0xFF, 0xFF, 0xFF, 0xFF, 0xFF, 0xFF, 0xFF, 0xFF, 0xFF, 0xFF, 0xFF, 0xFF, 0xFF, 0xFF,
    0xFF, 0xFF, 0xFF, 0xFF, 0xFF, 0xFF, 0xFF, 0xFF, 0xFF, 0xFF, 0xDF, 0xFF, 0xFF, 0xFF, 0x8E, 0x73,
    0x00, 0x00, 0x20, 0x00, 0x00, 0x00, 0x10, 0x84, 0xFF, 0xFF, 0xDF, 0xFF, 0xFF, 0xFF, 0xFF, 0xFF,
    0xFF, 0xFF, 0xFF, 0xFF, 0xFF, 0xFF, 0xFF, 0xFF, 0xFF, 0xFF, 0xFF, 0xFF, 0xFF, 0xFF, 0xFF, 0xFF,
    0xFF, 0xFF, 0xFF, 0xFF, 0xFF, 0xFF, 0xFF, 0xFF, 0xFF, 0xFF, 0xFF, 0xFF, 0xFF, 0xFF, 0xFF, 0xFF,
    0xFF, 0xFF, 0xFF, 0xFF, 0xFF, 0xFF, 0xFF, 0xFF, 0xFF, 0xFF, 0xFF, 0xFF, 0xFF, 0xFF, 0xFF, 0xFF,
    0xFF, 0xFF, 0xFF, 0xFF, 0xFF, 0xFF, 0xFF, 0xFF, 0xFF, 0xFF, 0xFF, 0xFF, 0xFF, 0xFF, 0xFF, 0xFF,
    0xFF, 0xFF, 0xFF, 0xFF, 0xFF, 0xFF, 0xFF, 0xFF, 0xFF, 0xFF, 0xFF, 0xFF, 0xFF, 0xFF, 0xFF, 0xFF,
    0xFF, 0xFF, 0xFF, 0xFF, 0xFF, 0xFF, 0xFF, 0xFF, 0xFF, 0xFF, 0xFF, 0xFF, 0xFF, 0xFF, 0xFF, 0xFF,
    0xFF, 0xFF, 0xFF, 0xFF, 0xFF, 0xFF, 0xFF, 0xFF, 0xFF, 0xFF, 0xFF, 0xFF, 0xFF, 0xFF, 0xFF, 0xFF,
    0xFF, 0xFF, 0xFF, 0xFF, 0xFF, 0xFF, 0xFF, 0xFF, 0xFF, 0xFF, 0xFF, 0xFF, 0xFF, 0xFF, 0xFF, 0xFF,
    0xFF, 0xFF, 0xFF, 0xFF, 0xFF, 0xFF, 0xFF, 0xFF, 0xFF, 0xFF, 0xFF, 0xFF, 0xFF, 0xFF, 0xFF, 0xFF,
    0xFF, 0xFF, 0xFF, 0xFF, 0xFF, 0xFF, 0xFF, 0xFF, 0xFF, 0xFF, 0xFF, 0xFF, 0xFF, 0xFF, 0xFF, 0xFF,
    0xFF, 0xFF, 0xFF, 0xFF, 0xFF, 0xFF, 0xFF, 0xFF, 0xFF, 0xFF, 0xFF, 0xFF, 0xFF, 0xFF, 0xFF, 0xFF,
    0xFF, 0xFF, 0xFF, 0xFF, 0xFF, 0xFF, 0xFF, 0xFF, 0xFF, 0xFF, 0xFF, 0xFF, 0xFF, 0xFF, 0xFF, 0xFF,
    0xFF, 0xFF, 0xFF, 0xFF, 0xFF, 0xFF, 0xFF, 0xFF, 0xFF, 0xFF, 0xDF, 0xFF, 0xFF, 0xFF, 0x8E, 0x73,
    0x00, 0x00, 0x00, 0x00, 0xEF, 0x7B, 0xFF, 0xFF, 0xDF, 0xFF, 0xFF, 0xFF, 0xFF, 0xFF, 0xFF, 0xFF,
    0xFF, 0xFF, 0xFF, 0xFF, 0xFF, 0xFF, 0xFF, 0xFF, 0xFF, 0xFF, 0xFF, 0xFF, 0xFF, 0xFF, 0xFF, 0xFF,
    0xFF, 0xFF, 0xFF, 0xFF, 0xFF, 0xFF, 0xFF, 0xFF, 0xFF, 0xFF, 0xFF, 0xFF, 0xFF, 0xFF, 0xFF, 0xFF,
    0xFF, 0xFF, 0xFF, 0xFF, 0xFF, 0xFF, 0xFF, 0xFF, 0xFF, 0xFF, 0xFF, 0xFF, 0xFF, 0xFF, 0xFF, 0xFF,
    0xFF, 0xFF, 0xFF, 0xFF, 0xFF, 0xFF, 0xFF, 0xFF, 0xFF, 0xFF, 0xFF, 0xFF, 0xFF, 0xFF, 0xFF, 0xFF,
    0xFF, 0xFF, 0xFF, 0xFF, 0xFF, 0xFF, 0xFF, 0xFF, 0xFF, 0xFF, 0xFF, 0xFF, 0xFF, 0xFF, 0xFF, 0xFF,
    0xFF, 0xFF, 0xFF, 0xFF, 0xFF, 0xFF, 0xFF, 0xFF, 0xFF, 0xFF, 0xFF, 0xFF, 0xFF, 0xFF, 0xFF, 0xFF,
    0xFF, 0xFF, 0xFF, 0xFF, 0xFF, 0xFF, 0xFF, 0xFF, 0xFF, 0xFF, 0xFF, 0xFF, 0xFF, 0xFF, 0xFF, 0xFF,
    0xFF, 0xFF, 0xFF, 0xFF, 0xFF, 0xFF, 0xFF, 0xFF, 0xFF, 0xFF, 0xFF, 0xFF, 0xFF, 0xFF, 0xFF, 0xFF,
    0xFF, 0xFF, 0xFF, 0xFF, 0xFF, 0xFF, 0xFF, 0xFF, 0xFF, 0xFF, 0xFF, 0xFF, 0xFF, 0xFF, 0xFF, 0xFF,
    0xFF, 0xFF, 0xFF, 0xFF, 0xFF, 0xFF, 0xFF, 0xFF, 0xFF, 0xFF, 0xFF, 0xFF, 0xFF, 0xFF, 0xFF, 0xFF,
    0xFF, 0xFF, 0xFF, 0xFF, 0xFF, 0xFF, 0xFF, 0xFF, 0xFF, 0xFF, 0xFF, 0xFF, 0xFF, 0xFF, 0xFF, 0xFF,
    0xFF, 0xFF, 0xFF, 0xFF, 0xFF, 0xFF, 0xFF, 0xFF, 0xFF, 0xFF, 0xFF, 0xFF, 0xFF, 0xFF, 0xFF, 0xFF,
    0xFF, 0xFF, 0xFF, 0xFF, 0xFF, 0xFF, 0xFF, 0xFF, 0xFF, 0xFF, 0xDF, 0xFF, 0xFF, 0xFF, 0xAE, 0x73,
    0x00, 0x00, 0xEF, 0x7B, 0xFF, 0xFF, 0xDF, 0xFF, 0xFF, 0xFF, 0xFF, 0xFF, 0xFF, 0xFF, 0xFF, 0xFF,
    0xFF, 0xFF, 0xFF, 0xFF, 0xFF, 0xFF, 0xFF, 0xFF, 0xFF, 0xFF, 0xFF, 0xFF, 0xFF, 0xFF, 0xFF, 0xFF,
    0xFF, 0xFF, 0xFF, 0xFF, 0xFF, 0xFF, 0xFF, 0xFF, 0xFF, 0xFF, 0xFF, 0xFF, 0xFF, 0xFF, 0xFF, 0xFF,
    0xFF, 0xFF, 0xFF, 0xFF, 0xFF, 0xFF, 0xFF, 0xFF, 0xFF, 0xFF, 0xFF, 0xFF, 0xFF, 0xFF, 0xFF, 0xFF,
    0xFF, 0xFF, 0xFF, 0xFF, 0xFF, 0xFF, 0xFF, 0xFF, 0xFF, 0xFF, 0xFF, 0xFF, 0xFF, 0xFF, 0xFF, 0xFF,
    0xFF, 0xFF, 0xFF, 0xFF, 0xFF, 0xFF, 0xFF, 0xFF, 0xFF, 0xFF, 0xFF, 0xFF, 0xFF, 0xFF, 0xFF, 0xFF,
    0xFF, 0xFF, 0xFF, 0xFF, 0xFF, 0xFF, 0xFF, 0xFF, 0xFF, 0xFF, 0xFF, 0xFF, 0xFF, 0xFF, 0xFF, 0xFF,
    0xFF, 0xFF, 0xFF, 0xFF, 0xFF, 0xFF, 0xFF, 0xFF, 0xFF, 0xFF, 0xFF, 0xFF, 0xFF, 0xFF, 0xFF, 0xFF,
    0xFF, 0xFF, 0xFF, 0xFF, 0xFF, 0xFF, 0xFF, 0xFF, 0xFF, 0xFF, 0xFF, 0xFF, 0xFF, 0xFF, 0xFF, 0xFF,
    0xFF, 0xFF, 0xFF, 0xFF, 0xFF, 0xFF, 0xFF, 0xFF, 0xFF, 0xFF, 0xFF, 0xFF, 0xFF, 0xFF, 0xFF, 0xFF,
    0xFF, 0xFF, 0xFF, 0xFF, 0xFF, 0xFF, 0xFF, 0xFF, 0xFF, 0xFF, 0xFF, 0xFF, 0xFF, 0xFF, 0xFF, 0xFF,
    0xFF, 0xFF, 0xFF, 0xFF, 0xFF, 0xFF, 0xFF, 0xFF, 0xFF, 0xFF, 0xFF, 0xFF, 0xFF, 0xFF, 0xFF, 0xFF,
    0xFF, 0xFF, 0xFF, 0xFF, 0xFF, 0xFF, 0xFF, 0xFF, 0xFF, 0xFF, 0xFF, 0xFF, 0xFF, 0xFF, 0xFF, 0xFF,
    0xFF, 0xFF, 0xFF, 0xFF, 0xFF, 0xFF, 0xFF, 0xFF, 0xFF, 0xFF, 0xDF, 0xFF, 0xFF, 0xFF, 0x0C, 0x63,
    0xEB, 0x5A, 0xFF, 0xFF, 0xDF, 0xFF, 0xFF, 0xFF, 0xFF, 0xFF, 0xFF, 0xFF, 0xFF, 0xFF, 0xFF, 0xFF,
    0xFF, 0xFF, 0xFF, 0xFF, 0xFF, 0xFF, 0xFF, 0xFF, 0xFF, 0xFF, 0xFF, 0xFF, 0xFF, 0xFF, 0xFF, 0xFF,
    0xFF, 0xFF, 0xFF, 0xFF, 0xFF, 0xFF, 0xFF, 0xFF, 0xFF, 0xFF, 0xFF, 0xFF, 0xFF, 0xFF, 0xFF, 0xFF,
    0xFF, 0xFF, 0xFF, 0xFF, 0xFF, 0xFF, 0xFF, 0xFF, 0xFF, 0xFF, 0xFF, 0xFF, 0xFF, 0xFF, 0xFF, 0xFF,
    0xFF, 0xFF, 0xFF, 0xFF, 0xFF, 0xFF, 0xFF, 0xFF, 0xFF, 0xFF, 0xFF, 0xFF, 0xFF, 0xFF, 0xFF, 0xFF,
    0xFF, 0xFF, 0xFF, 0xFF, 0xFF, 0xFF, 0xFF, 0xFF, 0xFF, 0xFF, 0xFF, 0xFF, 0xFF, 0xFF, 0xFF, 0xFF,
    0xFF, 0xFF, 0xFF, 0xFF, 0xFF, 0xFF, 0xFF, 0xFF, 0xFF, 0xFF, 0xFF, 0xFF, 0xFF, 0xFF, 0xFF, 0xFF,
    0xFF, 0xFF, 0xFF, 0xFF, 0xFF, 0xFF, 0xFF, 0xFF, 0xFF, 0xFF, 0xFF, 0xFF, 0xFF, 0xFF, 0xFF, 0xFF,
    0xFF, 0xFF, 0xFF, 0xFF, 0xFF, 0xFF, 0xFF, 0xFF, 0xFF, 0xFF, 0xFF, 0xFF, 0xFF, 0xFF, 0xFF, 0xFF,
    0xFF, 0xFF, 0xFF, 0xFF, 0xFF, 0xFF, 0xFF, 0xFF, 0xFF, 0xFF, 0xFF, 0xFF, 0xFF, 0xFF, 0xFF, 0xFF,
    0xFF, 0xFF, 0xFF, 0xFF, 0xFF, 0xFF, 0xFF, 0xFF, 0xFF, 0xFF, 0xFF, 0xFF, 0xFF, 0xFF, 0xFF, 0xFF,
    0xFF, 0xFF, 0xFF, 0xFF, 0xFF, 0xFF, 0xFF, 0xFF, 0xFF, 0xFF, 0xFF, 0xFF, 0xFF, 0xFF, 0xFF, 0xFF,
    0xFF, 0xFF, 0xFF, 0xFF, 0xFF, 0xFF, 0xFF, 0xFF, 0xFF, 0xFF, 0xFF, 0xFF, 0xFF, 0xFF, 0xFF, 0xFF,
    0xFF, 0xFF, 0xFF, 0xFF, 0xFF, 0xFF, 0xFF, 0xFF, 0xFF, 0xFF, 0xFF, 0xFF, 0xFF, 0xFF, 0x79, 0xCE,
    0xFF, 0xFF, 0xFF, 0xFF, 0xFF, 0xFF, 0xFF, 0xFF, 0xFF, 0xFF, 0xFF, 0xFF, 0xFF, 0xFF, 0xFF, 0xFF,
    0xFF, 0xFF, 0xFF, 0xFF, 0xFF, 0xFF, 0xFF, 0xFF, 0xFF, 0xFF, 0xFF, 0xFF, 0xFF, 0xFF, 0xFF, 0xFF,
    0xFF, 0xFF, 0xFF, 0xFF, 0xFF, 0xFF, 0xFF, 0xFF, 0xFF, 0xFF, 0xFF, 0xFF, 0xFF, 0xFF, 0xFF, 0xFF,
    0xFF, 0xFF, 0xFF, 0xFF, 0xFF, 0xFF, 0xFF, 0xFF, 0xFF, 0xFF, 0xFF, 0xFF, 0xFF, 0xFF, 0xFF, 0xFF,
    0xFF, 0xFF, 0xFF, 0xFF, 0xFF, 0xFF, 0xFF, 0xFF, 0xFF, 0xFF, 0xFF, 0xFF, 0xFF, 0xFF, 0xFF, 0xFF,
    0xFF, 0xFF, 0xFF, 0xFF, 0xFF, 0xFF, 0xFF, 0xFF, 0xFF, 0xFF, 0xFF, 0xFF, 0xFF, 0xFF, 0xFF, 0xFF,
    0xFF, 0xFF, 0xFF, 0xFF, 0xFF, 0xFF, 0xFF, 0xFF, 0xFF, 0xFF, 0xFF, 0xFF, 0xFF, 0xFF, 0xFF, 0xFF,
    0xFF, 0xFF, 0xFF, 0xFF, 0xFF, 0xFF, 0xFF, 0xFF, 0xFF, 0xFF, 0xFF, 0xFF, 0xFF, 0xFF, 0xFF, 0xFF,
    0xFF, 0xFF, 0xFF, 0xFF, 0xFF, 0xFF, 0xFF, 0xFF, 0xFF, 0xFF, 0xFF, 0xFF, 0xFF, 0xFF, 0xFF, 0xFF,
    0xFF, 0xFF, 0xFF, 0xFF, 0xFF, 0xFF, 0xFF, 0xFF, 0xFF, 0xFF, 0xFF, 0xFF, 0xFF, 0xFF, 0xFF, 0xFF,
    0xFF, 0xFF, 0xFF, 0xFF, 0xFF, 0xFF, 0xFF, 0xFF, 0xFF, 0xFF, 0xFF, 0xFF, 0xFF, 0xFF, 0xFF, 0xFF,
    0xFF, 0xFF, 0xFF, 0xFF, 0xFF, 0xFF, 0xFF, 0xFF, 0xFF, 0xFF, 0xFF, 0xFF, 0xFF, 0xFF, 0xFF, 0xFF,
    0xFF, 0xFF, 0xFF, 0xFF, 0xFF, 0xFF, 0xFF, 0xFF, 0xFF, 0xFF, 0xFF, 0xFF, 0xFF, 0xFF, 0xFF, 0xFF,
    0xFF, 0xFF, 0xFF, 0xFF, 0xFF, 0xFF, 0xFF, 0xFF, 0xFF, 0xFF, 0xFF, 0xFF, 0xFF, 0xFF, 0xFF, 0xFF,
    0xFF, 0xFF, 0xFF, 0xFF, 0xFF, 0xFF, 0xFF, 0xFF, 0xFF, 0xFF, 0xFF, 0xFF, 0xFF, 0xFF, 0xFF, 0xFF,
    0xFF, 0xFF, 0xFF, 0xFF, 0xFF, 0xFF, 0xFF, 0xFF, 0xFF, 0xFF, 0xFF, 0xFF, 0xFF, 0xFF, 0xFF, 0xFF,
    0xFF, 0xFF, 0xFF, 0xFF, 0xFF, 0xFF, 0xFF, 0xFF, 0xFF, 0xFF, 0xFF, 0xFF, 0xFF, 0xFF, 0xFF, 0xFF,
    0xFF, 0xFF, 0xFF, 0xFF, 0xFF, 0xFF, 0xFF, 0xFF, 0xFF, 0xFF, 0xFF, 0xFF, 0xFF, 0xFF, 0xFF, 0xFF,
    0xFF, 0xFF, 0xFF, 0xFF, 0xFF, 0xFF, 0xFF, 0xFF, 0xFF, 0xFF, 0xFF, 0xFF, 0xFF, 0xFF, 0xFF, 0xFF,
    0xFF, 0xFF, 0xFF, 0xFF, 0xFF, 0xFF, 0xFF, 0xFF, 0xFF, 0xFF, 0xFF, 0xFF, 0xFF, 0xFF, 0xFF, 0xFF,
    0xFF, 0xFF, 0xFF, 0xFF, 0xFF, 0xFF, 0xFF, 0xFF, 0xFF, 0xFF, 0xFF, 0xFF, 0xFF, 0xFF, 0xFF, 0xFF,
    0xFF, 0xFF, 0xFF, 0xFF, 0xFF, 0xFF, 0xFF, 0xFF, 0xFF, 0xFF, 0xFF, 0xFF, 0xFF, 0xFF, 0xFF, 0xFF,
    0xFF, 0xFF, 0xFF, 0xFF, 0xFF, 0xFF, 0xFF, 0xFF, 0xFF, 0xFF, 0xFF, 0xFF, 0xFF, 0xFF, 0xFF, 0xFF,
    0xFF, 0xFF, 0xFF, 0xFF, 0xFF, 0xFF, 0xFF, 0xFF, 0xFF, 0xFF, 0xFF, 0xFF, 0xFF, 0xFF, 0xFF, 0xFF,
    0xFF, 0xFF, 0xFF, 0xFF, 0xFF, 0xFF, 0xFF, 0xFF, 0xFF, 0xFF, 0xFF, 0xFF, 0xFF, 0xFF, 0xFF, 0xFF,
    0xFF, 0xFF, 0xFF, 0xFF, 0xFF, 0xFF, 0xFF, 0xFF, 0xFF, 0xFF, 0xFF, 0xFF, 0xFF, 0xFF, 0xFF, 0xFF,
    0xFF, 0xFF, 0xFF, 0xFF, 0xFF, 0xFF, 0xFF, 0xFF, 0xFF, 0xFF, 0xFF, 0xFF, 0xFF, 0xFF, 0xFF, 0xFF,
    0xFF, 0xFF, 0xFF, 0xFF, 0xFF, 0xFF, 0xFF, 0xFF, 0xFF, 0xFF, 0xFF, 0xFF, 0xFF, 0xFF, 0xFF, 0xFF,
    0xFF, 0xFF, 0xFF, 0xFF, 0xFF, 0xFF, 0xFF, 0xFF, 0xFF, 0xFF, 0xFF, 0xFF, 0xFF, 0xFF, 0xFF, 0xFF,
    0xFF, 0xFF, 0xFF, 0xFF, 0xFF, 0xFF, 0xFF, 0xFF, 0xFF, 0xFF, 0xFF, 0xFF, 0xFF, 0xFF, 0xFF, 0xFF,
    0xFF, 0xFF, 0xFF, 0xFF, 0xFF, 0xFF, 0xFF, 0xFF, 0xFF, 0xFF, 0xFF, 0xFF, 0xFF, 0xFF, 0xFF, 0xFF,
    0xFF, 0xFF, 0xFF, 0xFF, 0xFF, 0xFF, 0xFF, 0xFF, 0xFF, 0xFF, 0xFF, 0xFF, 0xFF, 0xFF, 0xFF, 0xFF,
    0xFF, 0xFF, 0xFF, 0xFF, 0xFF, 0xFF, 0xFF, 0xFF, 0xFF, 0xFF, 0xFF, 0xFF, 0xFF, 0xFF, 0xFF, 0xFF,
    0xFF, 0xFF, 0xFF, 0xFF, 0xFF, 0xFF, 0xFF, 0xFF, 0xFF, 0xFF, 0xFF, 0xFF, 0xFF, 0xFF, 0xFF, 0xFF,
    0xFF, 0xFF, 0xFF, 0xFF, 0xFF, 0xFF, 0xFF, 0xFF, 0xFF, 0xFF, 0xFF, 0xFF, 0xFF, 0xFF, 0xFF, 0xFF,
    0xFF, 0xFF, 0xFF, 0xFF, 0xFF, 0xFF, 0xFF, 0xFF, 0xFF, 0xFF, 0xFF, 0xFF, 0xFF, 0xFF, 0xFF, 0xFF,
    0xFF, 0xFF, 0xFF, 0xFF, 0xFF, 0xFF, 0xFF, 0xFF, 0xFF, 0xFF, 0xFF, 0xFF, 0xFF, 0xFF, 0xFF, 0xFF,
    0xFF, 0xFF, 0xFF, 0xFF, 0xFF, 0xFF, 0xFF, 0xFF, 0xFF, 0xFF, 0xFF, 0xFF, 0xFF, 0xFF, 0xFF, 0xFF,
    0xFF, 0xFF, 0xFF, 0xFF, 0xFF, 0xFF, 0xFF, 0xFF, 0xFF, 0xFF, 0xFF, 0xFF, 0xFF, 0xFF, 0xFF, 0xFF,
    0xFF, 0xFF, 0xFF, 0xFF, 0xFF, 0xFF, 0xFF, 0xFF, 0xFF, 0xFF, 0xFF, 0xFF, 0xFF, 0xFF, 0xFF, 0xFF,
    0xFF, 0xFF, 0xFF, 0xFF, 0xFF, 0xFF, 0xFF, 0xFF, 0xFF, 0xFF, 0xFF, 0xFF, 0xFF, 0xFF, 0xFF, 0xFF,
    0xFF, 0xFF, 0xFF, 0xFF, 0xFF, 0xFF, 0xFF, 0xFF, 0xFF, 0xFF, 0xFF, 0xFF, 0xFF, 0xFF, 0xFF, 0xFF,
    0xFF, 0xFF, 0xFF, 0xFF, 0xFF, 0xFF, 0xFF, 0xFF, 0xFF, 0xFF, 0xFF, 0xFF, 0xFF, 0xFF, 0xFF, 0xFF,
    0xFF, 0xFF, 0xFF, 0xFF, 0xFF, 0xFF, 0xFF, 0xFF, 0xFF, 0xFF, 0xFF, 0xFF, 0xFF, 0xFF, 0xFF, 0xFF,
    0xFF, 0xFF, 0xFF, 0xFF, 0xFF, 0xFF, 0xFF, 0xFF, 0xFF, 0xFF, 0xFF, 0xFF, 0xFF, 0xFF, 0xFF, 0xFF,
    0xFF, 0xFF, 0xFF, 0xFF, 0xFF, 0xFF, 0xFF, 0xFF, 0xFF, 0xFF, 0xFF, 0xFF, 0xFF, 0xFF, 0xFF, 0xFF,
    0xFF, 0xFF, 0xFF, 0xFF, 0xFF, 0xFF, 0xFF, 0xFF, 0xFF, 0xFF, 0xFF, 0xFF, 0xFF, 0xFF, 0xFF, 0xFF,
    0xFF, 0xFF, 0xFF, 0xFF, 0xFF, 0xFF, 0xFF, 0xFF, 0xFF, 0xFF, 0xFF, 0xFF, 0xFF, 0xFF, 0xFF, 0xFF,
    0xFF, 0xFF, 0xFF, 0xFF, 0xFF, 0xFF, 0xFF, 0xFF, 0xFF, 0xFF, 0xFF, 0xFF, 0xFF, 0xFF, 0xFF, 0xFF,
    0xFF, 0xFF, 0xFF, 0xFF, 0xFF, 0xFF, 0xFF, 0xFF, 0xFF, 0xFF, 0xFF, 0xFF, 0xFF, 0xFF, 0xFF, 0xFF,
    0xFF, 0xFF, 0xFF, 0xFF, 0xFF, 0xFF, 0xFF, 0xFF, 0xFF, 0xFF, 0xFF, 0xFF, 0xFF, 0xFF, 0xFF, 0xFF,
    0xFF, 0xFF, 0xFF, 0xFF, 0xFF, 0xFF, 0xFF, 0xFF, 0xFF, 0xFF, 0xFF, 0xFF, 0xFF, 0xFF, 0xFF, 0xFF,
    0xFF, 0xFF, 0xFF, 0xFF, 0xFF, 0xFF, 0xFF, 0xFF, 0xFF, 0xFF, 0xFF, 0xFF, 0xFF, 0xFF, 0xFF, 0xFF,
    0xFF, 0xFF, 0xFF, 0xFF, 0xFF, 0xFF, 0xFF, 0xFF, 0xFF, 0xFF, 0xFF, 0xFF, 0xFF, 0xFF, 0xFF, 0xFF,
    0xFF, 0xFF, 0xFF, 0xFF, 0xFF, 0xFF, 0xFF, 0xFF, 0xFF, 0xFF, 0xFF, 0xFF, 0xFF, 0xFF, 0xFF, 0xFF,
    0xFF, 0xFF, 0xFF, 0xFF, 0xFF, 0xFF, 0xFF, 0xFF, 0xFF, 0xFF, 0xFF, 0xFF, 0xFF, 0xFF, 0xFF, 0xFF,
    0xFF, 0xFF, 0xFF, 0xFF, 0xFF, 0xFF, 0xFF, 0xFF, 0xFF, 0xFF, 0xFF, 0xFF, 0xFF, 0xFF, 0xFF, 0xFF,
    0xFF, 0xFF, 0xFF, 0xFF, 0xFF, 0xFF, 0xFF, 0xFF, 0xFF, 0xFF, 0xFF, 0xFF, 0xFF, 0xFF, 0xFF, 0xFF,
    0xFF, 0xFF, 0xFF, 0xFF, 0xFF, 0xFF, 0xFF, 0xFF, 0xFF, 0xFF, 0xFF, 0xFF, 0xFF, 0xFF, 0xFF, 0xFF,
    0xFF, 0xFF, 0xFF, 0xFF, 0xFF, 0xFF, 0xFF, 0xFF, 0xFF, 0xFF, 0xFF, 0xFF, 0xFF, 0xFF, 0xFF, 0xFF,
    0xFF, 0xFF, 0xFF, 0xFF, 0xFF, 0xFF, 0xFF, 0xFF, 0xFF, 0xFF, 0xFF, 0xFF, 0xFF, 0xFF, 0xFF, 0xFF,
    0xFF, 0xFF, 0xFF, 0xFF, 0xFF, 0xFF, 0xFF, 0xFF, 0xFF, 0xFF, 0xFF, 0xFF, 0xFF, 0xFF, 0xFF, 0xFF,
    0xFF, 0xFF, 0xFF, 0xFF, 0xFF, 0xFF, 0xFF, 0xFF, 0xFF, 0xFF, 0xFF, 0xFF, 0xFF, 0xFF, 0xFF, 0xFF,
    0xFF, 0xFF, 0xFF, 0xFF, 0xFF, 0xFF, 0xFF, 0xFF, 0xFF, 0xFF, 0xFF, 0xFF, 0xFF, 0xFF, 0xFF, 0xFF,
    0xFF, 0xFF, 0xFF, 0xFF, 0xFF, 0xFF, 0xFF, 0xFF, 0xFF, 0xFF, 0xFF, 0xFF, 0xFF, 0xFF, 0xFF, 0xFF,
    0xFF, 0xFF, 0xFF, 0xFF, 0xFF, 0xFF, 0xFF, 0xFF, 0xFF, 0xFF, 0xFF, 0xFF, 0xFF, 0xFF, 0xFF, 0xFF,
    0xFF, 0xFF, 0xFF, 0xFF, 0xFF, 0xFF, 0xFF, 0xFF, 0xFF, 0xFF, 0xFF, 0xFF, 0xFF, 0xFF, 0xFF, 0xFF,
    0xFF, 0xFF, 0xFF, 0xFF, 0xFF, 0xFF, 0xFF, 0xFF, 0xFF, 0xFF, 0xFF, 0xFF, 0xFF, 0xFF, 0xFF, 0xFF,
    0xFF, 0xFF, 0xFF, 0xFF, 0xFF, 0xFF, 0xFF, 0xFF, 0xFF, 0xFF, 0xFF, 0xFF, 0xFF, 0xFF, 0xFF, 0xFF,
    0xFF, 0xFF, 0xFF, 0xFF, 0xFF, 0xFF, 0xFF, 0xFF, 0xFF, 0xFF, 0xFF, 0xFF, 0xFF, 0xFF, 0xFF, 0xFF,
    0xFF, 0xFF, 0xFF, 0xFF, 0xFF, 0xFF, 0xFF, 0xFF, 0xFF, 0xFF, 0xFF, 0xFF, 0xFF, 0xFF, 0xFF, 0xFF,
    0xFF, 0xFF, 0xFF, 0xFF, 0xFF, 0xFF, 0xFF, 0xFF, 0xFF, 0xFF, 0xFF, 0xFF, 0xFF, 0xFF, 0xFF, 0xFF,
    0xFF, 0xFF, 0xFF, 0xFF, 0xFF, 0xFF, 0xFF, 0xFF, 0xFF, 0xFF, 0xFF, 0xFF, 0xFF, 0xFF, 0xFF, 0xFF,
    0xFF, 0xFF, 0xFF, 0xFF, 0xFF, 0xFF, 0xFF, 0xFF, 0xFF, 0xFF, 0xFF, 0xFF, 0xFF, 0xFF, 0xFF, 0xFF,
    0xFF, 0xFF, 0xFF, 0xFF, 0xFF, 0xFF, 0xFF, 0xFF, 0xFF, 0xFF, 0xFF, 0xFF, 0xFF, 0xFF, 0xFF, 0xFF,
    0xFF, 0xFF, 0xFF, 0xFF, 0xFF, 0xFF, 0xFF, 0xFF, 0xFF, 0xFF, 0xFF, 0xFF, 0xFF, 0xFF, 0xFF, 0xFF,
    0xFF, 0xFF, 0xFF, 0xFF, 0xFF, 0xFF, 0xFF, 0xFF, 0xFF, 0xFF, 0xFF, 0xFF, 0xFF, 0xFF, 0xFF, 0xFF,
    0xFF, 0xFF, 0xFF, 0xFF, 0xFF, 0xFF, 0xFF, 0xFF, 0xFF, 0xFF, 0xFF, 0xFF, 0xFF, 0xFF, 0xFF, 0xFF,
    0xFF, 0xFF, 0xFF, 0xFF, 0xFF, 0xFF, 0xFF, 0xFF, 0xFF, 0xFF, 0xFF, 0xFF, 0xFF, 0xFF, 0xFF, 0xFF,
    0xFF, 0xFF, 0xFF, 0xFF, 0xFF, 0xFF, 0xFF, 0xFF, 0xFF, 0xFF, 0xFF, 0xFF, 0xFF, 0xFF, 0xFF, 0xFF,
    0xFF, 0xFF, 0xFF, 0xFF, 0xFF, 0xFF, 0xFF, 0xFF, 0xFF, 0xFF, 0xFF, 0xFF, 0xFF, 0xFF, 0xFF, 0xFF,
    0xFF, 0xFF, 0xFF, 0xFF, 0xFF, 0xFF, 0xFF, 0xFF, 0xFF, 0xFF, 0xFF, 0xFF, 0xFF, 0xFF, 0xFF, 0xFF,
    0xFF, 0xFF, 0xFF, 0xFF, 0xFF, 0xFF, 0xFF, 0xFF, 0xFF, 0xFF, 0xFF, 0xFF, 0xFF, 0xFF, 0xFF, 0xFF,
    0xFF, 0xFF, 0xFF, 0xFF, 0xFF, 0xFF, 0xFF, 0xFF, 0xFF, 0xFF, 0xFF, 0xFF, 0xFF, 0xFF, 0xFF, 0xFF,
    0xFF, 0xFF, 0xFF, 0xFF, 0xFF, 0xFF, 0xFF, 0xFF, 0xFF, 0xFF, 0xFF, 0xFF, 0xFF, 0xFF, 0xFF, 0xFF,
    0xFF, 0xFF, 0xFF, 0xFF, 0xFF, 0xFF, 0xFF, 0xFF, 0xFF, 0xFF, 0xFF, 0xFF, 0xFF, 0xFF, 0xFF, 0xFF,
    0xFF, 0xFF, 0xFF, 0xFF, 0xFF, 0xFF, 0xFF, 0xFF, 0xFF, 0xFF, 0xFF, 0xFF, 0xFF, 0xFF, 0xFF, 0xFF,
    0xFF, 0xFF, 0xFF, 0xFF, 0xFF, 0xFF, 0xFF, 0xFF, 0xFF, 0xFF, 0xFF, 0xFF, 0xFF, 0xFF, 0xFF, 0xFF,
    0xFF, 0xFF, 0xFF, 0xFF, 0xFF, 0xFF, 0xFF, 0xFF, 0xFF, 0xFF, 0xFF, 0xFF, 0xFF, 0xFF, 0xFF, 0xFF,
    0xFF, 0xFF, 0xFF, 0xFF, 0xFF, 0xFF, 0xFF, 0xFF, 0xFF, 0xFF, 0xFF, 0xFF, 0xFF, 0xFF, 0xFF, 0xFF,
    0xFF, 0xFF, 0xFF, 0xFF, 0xFF, 0xFF, 0xFF, 0xFF, 0xFF, 0xFF, 0xFF, 0xFF, 0xFF, 0xFF, 0xFF, 0xFF,
    0xFF, 0xFF, 0xFF, 0xFF, 0xFF, 0xFF, 0xFF, 0xFF, 0xFF, 0xFF, 0xFF, 0xFF, 0xFF, 0xFF, 0xFF, 0xFF,
    0xFF, 0xFF, 0xFF, 0xFF, 0xFF, 0xFF, 0xFF, 0xFF, 0xFF, 0xFF, 0xFF, 0xFF, 0xFF, 0xFF, 0xFF, 0xFF,
    0xFF, 0xFF, 0xFF, 0xFF, 0xFF, 0xFF, 0xFF, 0xFF, 0xFF, 0xFF, 0xFF, 0xFF, 0xFF, 0xFF, 0xFF, 0xFF,
    0xFF, 0xFF, 0xFF, 0xFF, 0xFF, 0xFF, 0xFF, 0xFF, 0xFF, 0xFF, 0xFF, 0xFF, 0xFF, 0xFF, 0xFF, 0xFF,
    0xFF, 0xFF, 0xFF, 0xFF, 0xFF, 0xFF, 0xFF, 0xFF, 0xFF, 0xFF, 0xFF, 0xFF, 0xFF, 0xFF, 0xFF, 0xFF,
    0xFF, 0xFF, 0xFF, 0xFF, 0xFF, 0xFF, 0xFF, 0xFF, 0xFF, 0xFF, 0xFF, 0xFF, 0xFF, 0xFF, 0xFF, 0xFF,
    0xFF, 0xFF, 0xFF, 0xFF, 0xFF, 0xFF, 0xFF, 0xFF, 0xFF, 0xFF, 0xFF, 0xFF, 0xFF, 0xFF, 0xFF, 0xFF,
    0xFF, 0xFF, 0xFF, 0xFF, 0xFF, 0xFF, 0xFF, 0xFF, 0xFF, 0xFF, 0xFF, 0xFF, 0xFF, 0xFF, 0xFF, 0xFF,
    0xFF, 0xFF, 0xFF, 0xFF, 0xFF, 0xFF, 0xFF, 0xFF, 0xFF, 0xFF, 0xFF, 0xFF, 0xFF, 0xFF, 0xFF, 0xFF,
    0xFF, 0xFF, 0xFF, 0xFF, 0xFF, 0xFF, 0xFF, 0xFF, 0xFF, 0xFF, 0xFF, 0xFF, 0xFF, 0xFF, 0xFF, 0xFF,
    0xFF, 0xFF, 0xFF, 0xFF, 0xFF, 0xFF, 0xFF, 0xFF, 0xFF, 0xFF, 0xFF, 0xFF, 0xFF, 0xFF, 0xFF, 0xFF,
    0xFF, 0xFF, 0xFF, 0xFF, 0xFF, 0xFF, 0xFF, 0xFF, 0xFF, 0xFF, 0xFF, 0xFF, 0xFF, 0xFF, 0xFF, 0xFF,
    0xFF, 0xFF, 0xFF, 0xFF, 0xFF, 0xFF, 0xFF, 0xFF, 0xFF, 0xFF, 0xFF, 0xFF, 0xFF, 0xFF, 0xFF, 0xFF,
    0xFF, 0xFF, 0xFF, 0xFF, 0xFF, 0xFF, 0xFF, 0xFF, 0xFF, 0xFF, 0xFF, 0xFF, 0xFF, 0xFF, 0xFF, 0xFF,
    0xFF, 0xFF, 0xFF, 0xFF, 0xFF, 0xFF, 0xFF, 0xFF, 0xFF, 0xFF, 0xFF, 0xFF, 0xFF, 0xFF, 0xFF, 0xFF,
    0xFF, 0xFF, 0xFF, 0xFF, 0xFF, 0xFF, 0xFF, 0xFF, 0xFF, 0xFF, 0xFF, 0xFF, 0xFF, 0xFF, 0xFF, 0xFF,
    0xFF, 0xFF, 0xFF, 0xFF, 0xFF, 0xFF, 0xFF, 0xFF, 0xFF, 0xFF, 0xFF, 0xFF, 0xFF, 0xFF, 0xFF, 0xFF,
    0xFF, 0xFF, 0xFF, 0xFF, 0xFF, 0xFF, 0xFF, 0xFF, 0xFF, 0xFF, 0xFF, 0xFF, 0xFF, 0xFF, 0xFF, 0xFF,
    0xFF, 0xFF, 0xFF, 0xFF, 0xFF, 0xFF, 0xFF, 0xFF, 0xFF, 0xFF, 0xFF, 0xFF, 0xFF, 0xFF, 0xFF, 0xFF,
    0xFF, 0xFF, 0xFF, 0xFF, 0xFF, 0xFF, 0xFF, 0xFF, 0xFF, 0xFF, 0xFF, 0xFF, 0xFF, 0xFF, 0xFF, 0xFF,
    0xFF, 0xFF, 0xFF, 0xFF, 0xFF, 0xFF, 0xFF, 0xFF, 0xFF, 0xFF, 0xFF, 0xFF, 0xFF, 0xFF, 0xFF, 0xFF,
    0xFF, 0xFF, 0xFF, 0xFF, 0xFF, 0xFF, 0xFF, 0xFF, 0xFF, 0xFF, 0xFF, 0xFF, 0xFF, 0xFF, 0xFF, 0xFF,
    0xFF, 0xFF, 0xFF, 0xFF, 0xFF, 0xFF, 0xFF, 0xFF, 0xFF, 0xFF, 0xFF, 0xFF, 0xFF, 0xFF, 0xFF, 0xFF,
    0xFF, 0xFF, 0xFF, 0xFF, 0xFF, 0xFF, 0xFF, 0xFF, 0xFF, 0xFF, 0xFF, 0xFF, 0xFF, 0xFF, 0xFF, 0xFF,
    0xFF, 0xFF, 0xFF, 0xFF, 0xFF, 0xFF, 0xFF, 0xFF, 0xFF, 0xFF, 0xFF, 0xFF, 0xFF, 0xFF, 0xFF, 0xFF,
    0xFF, 0xFF, 0xFF, 0xFF, 0xFF, 0xFF, 0xFF, 0xFF, 0xFF, 0xFF, 0xFF, 0xFF, 0xFF, 0xFF, 0xFF, 0xFF,
    0xFF, 0xFF, 0xFF, 0xFF, 0xFF, 0xFF, 0xFF, 0xFF, 0xFF, 0xFF, 0xFF, 0xFF, 0xFF, 0xFF, 0xFF, 0xFF,
    0xFF, 0xFF, 0xFF, 0xFF, 0xFF, 0xFF, 0xFF, 0xFF, 0xFF, 0xFF, 0xFF, 0xFF, 0xFF, 0xFF, 0xFF, 0xFF,
    0xFF, 0xFF, 0xFF, 0xFF, 0xFF, 0xFF, 0xFF, 0xFF, 0xFF, 0xFF, 0xFF, 0xFF, 0xFF, 0xFF, 0xFF, 0xFF,
    0xFF, 0xFF, 0xFF, 0xFF, 0xFF, 0xFF, 0xFF, 0xFF, 0xFF, 0xFF, 0xFF, 0xFF, 0xFF, 0xFF, 0xFF, 0xFF,
    0xFF, 0xFF, 0xFF, 0xFF, 0xFF, 0xFF, 0xFF, 0xFF, 0xFF, 0xFF, 0xFF, 0xFF, 0xFF, 0xFF, 0xFF, 0xFF,
    0xFF, 0xFF, 0xFF, 0xFF, 0xFF, 0xFF, 0xFF, 0xFF, 0xFF, 0xFF, 0xFF, 0xFF, 0xFF, 0xFF, 0xFF, 0xFF,
    0xFF, 0xFF, 0xFF, 0xFF, 0xFF, 0xFF, 0xFF, 0xFF, 0xFF, 0xFF, 0xFF, 0xFF, 0xFF, 0xFF, 0xFF, 0xFF,
    0xFF, 0xFF, 0xFF, 0xFF, 0xFF, 0xFF, 0xFF, 0xFF, 0xFF, 0xFF, 0xFF, 0xFF, 0xFF, 0xFF, 0xFF, 0xFF,
    0xFF, 0xFF, 0xFF, 0xFF, 0xFF, 0xFF, 0xFF, 0xFF, 0xFF, 0xFF, 0xFF, 0xFF, 0xFF, 0xFF, 0xFF, 0xFF,
    0xFF, 0xFF, 0xFF, 0xFF, 0xFF, 0xFF, 0xFF, 0xFF, 0xFF, 0xFF, 0xFF, 0xFF, 0xFF, 0xFF, 0xFF, 0xFF,
    0xFF, 0xFF, 0xFF, 0xFF, 0xFF, 0xFF, 0xFF, 0xFF, 0xFF, 0xFF, 0xFF, 0xFF, 0xFF, 0xFF, 0xFF, 0xFF,
    0xFF, 0xFF, 0xFF, 0xFF, 0xFF, 0xFF, 0xFF, 0xFF, 0xFF, 0xFF, 0xFF, 0xFF, 0xFF, 0xFF, 0xFF, 0xFF,
    0xFF, 0xFF, 0xFF, 0xFF, 0xFF, 0xFF, 0xFF, 0xFF, 0xFF, 0xFF, 0xFF, 0xFF, 0xFF, 0xFF, 0xFF, 0xFF,
    0xFF, 0xFF, 0xFF, 0xFF, 0xFF, 0xFF, 0xFF, 0xFF, 0xFF, 0xFF, 0xFF, 0xFF, 0xFF, 0xFF, 0xFF, 0xFF,
    0xFF, 0xFF, 0xFF, 0xFF, 0xFF, 0xFF, 0xFF, 0xFF, 0xFF, 0xFF, 0xFF, 0xFF, 0xFF, 0xFF, 0xFF, 0xFF,
    0xFF, 0xFF, 0xFF, 0xFF, 0xFF, 0xFF, 0xFF, 0xFF, 0xFF, 0xFF, 0xFF, 0xFF, 0xFF, 0xFF, 0xFF, 0xFF,
    0xFF, 0xFF, 0xFF, 0xFF, 0xFF, 0xFF, 0xFF, 0xFF, 0xFF, 0xFF, 0xFF, 0xFF, 0xFF, 0xFF, 0xFF, 0xFF,
    0xFF, 0xFF, 0xFF, 0xFF, 0xFF, 0xFF, 0xFF, 0xFF, 0xFF, 0xFF, 0xFF, 0xFF, 0xFF, 0xFF, 0xFF, 0xFF,
    0xFF, 0xFF, 0xFF, 0xFF, 0xFF, 0xFF, 0xFF, 0xFF, 0xFF, 0xFF, 0xFF, 0xFF, 0xFF, 0xFF, 0xFF, 0xFF,
    0xFF, 0xFF, 0xFF, 0xFF, 0xFF, 0xFF, 0xFF, 0xFF, 0xFF, 0xFF, 0xFF, 0xFF, 0xFF, 0xFF, 0xFF, 0xFF,
    0xFF, 0xFF, 0xFF, 0xFF, 0xFF, 0xFF, 0xFF, 0xFF, 0xFF, 0xFF, 0xFF, 0xFF, 0xFF, 0xFF, 0xFF, 0xFF,
    0xFF, 0xFF, 0xFF, 0xFF, 0xFF, 0xFF, 0xFF, 0xFF, 0xFF, 0xFF, 0xFF, 0xFF, 0xFF, 0xFF, 0xFF, 0xFF,
    0xFF, 0xFF, 0xFF, 0xFF, 0xFF, 0xFF, 0xFF, 0xFF, 0xFF, 0xFF, 0xFF, 0xFF, 0xFF, 0xFF, 0xFF, 0xFF,
    0xFF, 0xFF, 0xFF, 0xFF, 0xFF, 0xFF, 0xFF, 0xFF, 0xFF, 0xFF, 0xFF, 0xFF, 0xFF, 0xFF, 0xFF, 0xFF,
    0xFF, 0xFF, 0xFF, 0xFF, 0xFF, 0xFF, 0xFF, 0xFF, 0xFF, 0xFF, 0xFF, 0xFF, 0xFF, 0xFF, 0xFF, 0xFF,
    0xFF, 0xFF, 0xFF, 0xFF, 0xFF, 0xFF, 0xFF, 0xFF, 0xFF, 0xFF, 0xFF, 0xFF, 0xFF, 0xFF, 0xFF, 0xFF,
    0xFF, 0xFF, 0xFF, 0xFF, 0xFF, 0xFF, 0xFF, 0xFF, 0xFF, 0xFF, 0xFF, 0xFF, 0xFF, 0xFF, 0xFF, 0xFF,
    0xFF, 0xFF, 0xFF, 0xFF, 0xFF, 0xFF, 0xFF, 0xFF, 0xFF, 0xFF, 0xFF, 0xFF, 0xFF, 0xFF, 0xFF, 0xFF,
    0xFF, 0xFF, 0xFF, 0xFF, 0xFF, 0xFF, 0xFF, 0xFF, 0xFF, 0xFF, 0xFF, 0xFF, 0xFF, 0xFF, 0xFF, 0xFF,
    0xFF, 0xFF, 0xFF, 0xFF, 0xFF, 0xFF, 0xFF, 0xFF, 0xFF, 0xFF, 0xFF, 0xFF, 0xFF, 0xFF, 0xFF, 0xFF,
    0xFF, 0xFF, 0xFF, 0xFF, 0xFF, 0xFF, 0xFF, 0xFF, 0xFF, 0xFF, 0xFF, 0xFF, 0xFF, 0xFF, 0xFF, 0xFF,
    0xFF, 0xFF, 0xFF, 0xFF, 0xFF, 0xFF, 0xFF, 0xFF, 0xFF, 0xFF, 0xFF, 0xFF, 0xFF, 0xFF, 0xFF, 0xFF,
    0xFF, 0xFF, 0xFF, 0xFF, 0xFF, 0xFF, 0xFF, 0xFF, 0xFF, 0xFF, 0xFF, 0xFF, 0xFF, 0xFF, 0xFF, 0xFF,
    0xFF, 0xFF, 0xFF, 0xFF, 0xFF, 0xFF, 0xFF, 0xFF, 0xFF, 0xFF, 0xFF, 0xFF, 0xFF, 0xFF, 0xFF, 0xFF,
    0xFF, 0xFF, 0xFF, 0xFF, 0xFF, 0xFF, 0xFF, 0xFF, 0xFF, 0xFF, 0xFF, 0xFF, 0xFF, 0xFF, 0xFF, 0xFF,
    0xFF, 0xFF, 0xFF, 0xFF, 0xFF, 0xFF, 0xFF, 0xFF, 0xFF, 0xFF, 0xFF, 0xFF, 0xFF, 0xFF, 0xFF, 0xFF,
    0xFF, 0xFF, 0xFF, 0xFF, 0xFF, 0xFF, 0xFF, 0xFF, 0xFF, 0xFF, 0xFF, 0xFF, 0xFF, 0xFF, 0xFF, 0xFF,
    0xFF, 0xFF, 0xFF, 0xFF, 0xFF, 0xFF, 0xFF, 0xFF, 0xFF, 0xFF, 0xFF, 0xFF, 0xFF, 0xFF, 0xFF, 0xFF,
    0xFF, 0xFF, 0xFF, 0xFF, 0xFF, 0xFF, 0xFF, 0xFF, 0xFF, 0xFF, 0xFF, 0xFF, 0xFF, 0xFF, 0xFF, 0xFF,
    0xFF, 0xFF, 0xFF, 0xFF, 0xFF, 0xFF, 0xFF, 0xFF, 0xFF, 0xFF, 0xFF, 0xFF, 0xFF, 0xFF, 0xFF, 0xFF,
    0xFF, 0xFF, 0xFF, 0xFF, 0xFF, 0xFF, 0xFF, 0xFF, 0xFF, 0xFF, 0xFF, 0xFF, 0xFF, 0xFF, 0xFF, 0xFF,
    0xFF, 0xFF, 0xFF, 0xFF, 0xFF, 0xFF, 0xFF, 0xFF, 0xFF, 0xFF, 0xFF, 0xFF, 0xFF, 0xFF, 0xFF, 0xFF,
    0xFF, 0xFF, 0xFF, 0xFF, 0xFF, 0xFF, 0xFF, 0xFF, 0xFF, 0xFF, 0xFF, 0xFF, 0xFF, 0xFF, 0xFF, 0xFF,
    0xFF, 0xFF, 0xFF, 0xFF, 0xFF, 0xFF, 0xFF, 0xFF, 0xFF, 0xFF, 0xFF, 0xFF, 0xFF, 0xFF, 0xFF, 0xFF,
    0xFF, 0xFF, 0xFF, 0xFF, 0xFF, 0xFF, 0xFF, 0xFF, 0xFF, 0xFF, 0xFF, 0xFF, 0xFF, 0xFF, 0xFF, 0xFF,
    0xFF, 0xFF, 0xFF, 0xFF, 0xFF, 0xFF, 0xFF, 0xFF, 0xFF, 0xFF, 0xFF, 0xFF, 0xFF, 0xFF, 0xFF, 0xFF,
    0xFF, 0xFF, 0xFF, 0xFF, 0xFF, 0xFF, 0xFF, 0xFF, 0xFF, 0xFF, 0xFF, 0xFF, 0xFF, 0xFF, 0xFF, 0xFF,
    0xFF, 0xFF, 0xFF, 0xFF, 0xFF, 0xFF, 0xFF, 0xFF, 0xFF, 0xFF, 0xFF, 0xFF, 0xFF, 0xFF, 0xFF, 0xFF,
    0xFF, 0xFF, 0xFF, 0xFF, 0xFF, 0xFF, 0xFF, 0xFF, 0xFF, 0xFF, 0xFF, 0xFF, 0xFF, 0xFF, 0xFF, 0xFF,
    0xFF, 0xFF, 0xFF, 0xFF, 0xFF, 0xFF, 0xFF, 0xFF, 0xFF, 0xFF, 0xFF, 0xFF, 0xFF, 0xFF, 0xFF, 0xFF,
    0xFF, 0xFF, 0xFF, 0xFF, 0xFF, 0xFF, 0xFF, 0xFF, 0xFF, 0xFF, 0xFF, 0xFF, 0xFF, 0xFF, 0xFF, 0xFF,
    0xFF, 0xFF, 0xFF, 0xFF, 0xFF, 0xFF, 0xFF, 0xFF, 0xFF, 0xFF, 0xFF, 0xFF, 0xFF, 0xFF, 0xFF, 0xFF,
    0xFF, 0xFF, 0xFF, 0xFF, 0xFF, 0xFF, 0xFF, 0xFF, 0xFF, 0xFF, 0xFF, 0xFF, 0xFF, 0xFF, 0xFF, 0xFF,
    0xFF, 0xFF, 0xFF, 0xFF, 0xFF, 0xFF, 0xFF, 0xFF, 0xFF, 0xFF, 0xFF, 0xFF, 0xFF, 0xFF, 0xFF, 0xFF,
    0xFF, 0xFF, 0xFF, 0xFF, 0xFF, 0xFF, 0xFF, 0xFF, 0xFF, 0xFF, 0xFF, 0xFF, 0xFF, 0xFF, 0xFF, 0xFF,
    0xFF, 0xFF, 0xFF, 0xFF, 0xFF, 0xFF, 0xFF, 0xFF, 0xFF, 0xFF, 0xFF, 0xFF, 0xFF, 0xFF, 0xFF, 0xFF,
    0xFF, 0xFF, 0xFF, 0xFF, 0xFF, 0xFF, 0xFF, 0xFF, 0xFF, 0xFF, 0xFF, 0xFF, 0xFF, 0xFF, 0xFF, 0xFF,
    0xFF, 0xFF, 0xFF, 0xFF, 0xFF, 0xFF, 0xFF, 0xFF, 0xFF, 0xFF, 0xFF, 0xFF, 0xFF, 0xFF, 0xFF, 0xFF,
    0xFF, 0xFF, 0xFF, 0xFF, 0xFF, 0xFF, 0xFF, 0xFF, 0xFF, 0xFF, 0xFF, 0xFF, 0xFF, 0xFF, 0xFF, 0xFF,
    0xFF, 0xFF, 0xFF, 0xFF, 0xFF, 0xFF, 0xFF, 0xFF, 0xFF, 0xFF, 0xFF, 0xFF, 0xFF, 0xFF, 0xFF, 0xFF,
    0xFF, 0xFF, 0xFF, 0xFF, 0xFF, 0xFF, 0xFF, 0xFF, 0xFF, 0xFF, 0xFF, 0xFF, 0xFF, 0xFF, 0xFF, 0xFF,
    0xFF, 0xFF, 0xFF, 0xFF, 0xFF, 0xFF, 0xFF, 0xFF, 0xFF, 0xFF, 0xFF, 0xFF, 0xFF, 0xFF, 0xFF, 0xFF,
    0xFF, 0xFF, 0xFF, 0xFF, 0xFF, 0xFF, 0xFF, 0xFF, 0xFF, 0xFF, 0xFF, 0xFF, 0xFF, 0xFF, 0xFF, 0xFF,
    0xFF, 0xFF, 0xFF, 0xFF, 0xFF, 0xFF, 0xFF, 0xFF, 0xFF, 0xFF, 0xFF, 0xFF, 0xFF, 0xFF, 0xFF, 0xFF,
    0xFF, 0xFF, 0xFF, 0xFF, 0xFF, 0xFF, 0xFF, 0xFF, 0xFF, 0xFF, 0xFF, 0xFF, 0xFF, 0xFF, 0xFF, 0xFF,
    0xFF, 0xFF, 0xFF, 0xFF, 0xFF, 0xFF, 0xFF, 0xFF, 0xFF, 0xFF, 0xFF, 0xFF, 0xFF, 0xFF, 0xFF, 0xFF,
    0xFF, 0xFF, 0xFF, 0xFF, 0xFF, 0xFF, 0xFF, 0xFF, 0xFF, 0xFF, 0xFF, 0xFF, 0xFF, 0xFF, 0xFF, 0xFF,
    0xFF, 0xFF, 0xFF, 0xFF, 0xFF, 0xFF, 0xFF, 0xFF, 0xFF, 0xFF, 0xFF, 0xFF, 0xFF, 0xFF, 0xFF, 0xFF,
    0xFF, 0xFF, 0xFF, 0xFF, 0xFF, 0xFF, 0xFF, 0xFF, 0xFF, 0xFF, 0xFF, 0xFF, 0xFF, 0xFF, 0xFF, 0xFF,
    0xFF, 0xFF, 0xFF, 0xFF, 0xFF, 0xFF, 0xFF, 0xFF, 0xFF, 0xFF, 0xFF, 0xFF, 0xFF, 0xFF, 0xFF, 0xFF,
    0xFF, 0xFF, 0xFF, 0xFF, 0xFF, 0xFF, 0xFF, 0xFF, 0xFF, 0xFF, 0xFF, 0xFF, 0xFF, 0xFF, 0xFF, 0xFF,
    0xFF, 0xFF, 0xFF, 0xFF, 0xFF, 0xFF, 0xFF, 0xFF, 0xFF, 0xFF, 0xFF, 0xFF, 0xFF, 0xFF, 0xFF, 0xFF,
    0xFF, 0xFF, 0xFF, 0xFF, 0xFF, 0xFF, 0xFF, 0xFF, 0xFF, 0xFF, 0xFF, 0xFF, 0xFF, 0xFF, 0xFF, 0xFF,
    0xFF, 0xFF, 0xFF, 0xFF, 0xFF, 0xFF, 0xFF, 0xFF, 0xFF, 0xFF, 0xFF, 0xFF, 0xFF, 0xFF, 0xFF, 0xFF,
    0xFF, 0xFF, 0xFF, 0xFF, 0xFF, 0xFF, 0xFF, 0xFF, 0xFF, 0xFF, 0xFF, 0xFF, 0xFF, 0xFF, 0xFF, 0xFF,
    0xFF, 0xFF, 0xFF, 0xFF, 0xFF, 0xFF, 0xFF, 0xFF, 0xFF, 0xFF, 0xFF, 0xFF, 0xFF, 0xFF, 0xFF, 0xFF,
    0xFF, 0xFF, 0xFF, 0xFF, 0xFF, 0xFF, 0xFF, 0xFF, 0xFF, 0xFF, 0xFF, 0xFF, 0xFF, 0xFF, 0xFF, 0xFF,
    0xFF, 0xFF, 0xFF, 0xFF, 0xFF, 0xFF, 0xFF, 0xFF, 0xFF, 0xFF, 0xFF, 0xFF, 0xFF, 0xFF, 0xFF, 0xFF,
    0xFF, 0xFF, 0xFF, 0xFF, 0xFF, 0xFF, 0xFF, 0xFF, 0xFF, 0xFF, 0xFF, 0xFF, 0xFF, 0xFF, 0xFF, 0xFF,
    0xFF, 0xFF, 0xFF, 0xFF, 0xFF, 0xFF, 0xFF, 0xFF, 0xFF, 0xFF, 0xFF, 0xFF, 0xFF, 0xFF, 0xFF, 0xFF,
    0xFF, 0xFF, 0xFF, 0xFF, 0xFF, 0xFF, 0xFF, 0xFF, 0xFF, 0xFF, 0xFF, 0xFF, 0xFF, 0xFF, 0xFF, 0xFF,
    0xFF, 0xFF, 0xFF, 0xFF, 0xFF, 0xFF, 0xFF, 0xFF, 0xFF, 0xFF, 0xFF, 0xFF, 0xFF, 0xFF, 0xFF, 0xFF,
    0xFF, 0xFF, 0xFF, 0xFF, 0xFF, 0xFF, 0xFF, 0xFF, 0xFF, 0xFF, 0xFF, 0xFF, 0xFF, 0xFF, 0xFF, 0xFF,
    0xFF, 0xFF, 0xFF, 0xFF, 0xFF, 0xFF, 0xFF, 0xFF, 0xFF, 0xFF, 0xFF, 0xFF, 0xFF, 0xFF, 0xFF, 0xFF,
    0xFF, 0xFF, 0xFF, 0xFF, 0xFF, 0xFF, 0xFF, 0xFF, 0xFF, 0xFF, 0xFF, 0xFF, 0xFF, 0xFF, 0xFF, 0xFF,
    0xFF, 0xFF, 0xFF, 0xFF, 0xFF, 0xFF, 0xFF, 0xFF, 0xFF, 0xFF, 0xFF, 0xFF, 0xFF, 0xFF, 0xFF, 0xFF,
    0xFF, 0xFF, 0xFF, 0xFF, 0xFF, 0xFF, 0xFF, 0xFF, 0xFF, 0xFF, 0xFF, 0xFF, 0xFF, 0xFF, 0xFF, 0xFF,
    0xFF, 0xFF, 0xFF, 0xFF, 0xFF, 0xFF, 0xFF, 0xFF, 0xFF, 0xFF, 0xFF, 0xFF, 0xFF, 0xFF, 0xFF, 0xFF,
    0xFF, 0xFF, 0xFF, 0xFF, 0xFF, 0xFF, 0xFF, 0xFF, 0xFF, 0xFF, 0xFF, 0xFF, 0xFF, 0xFF, 0xFF, 0xFF,
    0xFF, 0xFF, 0xFF, 0xFF, 0xFF, 0xFF, 0xFF, 0xFF, 0xFF, 0xFF, 0xFF, 0xFF, 0xFF, 0xFF, 0xFF, 0xFF,
    0xFF, 0xFF, 0xFF, 0xFF, 0xFF, 0xFF, 0xFF, 0xFF, 0xFF, 0xFF, 0xFF, 0xFF, 0xFF, 0xFF, 0xFF, 0xFF,
    0xFF, 0xFF, 0xFF, 0xFF, 0xFF, 0xFF, 0xFF, 0xFF, 0xFF, 0xFF, 0xFF, 0xFF, 0xFF, 0xFF, 0xFF, 0xFF,
    0xFF, 0xFF, 0xFF, 0xFF, 0xFF, 0xFF, 0xFF, 0xFF, 0xFF, 0xFF, 0xFF, 0xFF, 0xFF, 0xFF, 0xFF, 0xFF,
    0xFF, 0xFF, 0xFF, 0xFF, 0xFF, 0xFF, 0xFF, 0xFF, 0xFF, 0xFF, 0xFF, 0xFF, 0xFF, 0xFF, 0xFF, 0xFF,
    0xFF, 0xFF, 0xFF, 0xFF, 0xFF, 0xFF, 0xFF, 0xFF, 0xFF, 0xFF, 0xFF, 0xFF, 0xFF, 0xFF, 0xFF, 0xFF,
    0xFF, 0xFF, 0xFF, 0xFF, 0xFF, 0xFF, 0xFF, 0xFF, 0xFF, 0xFF, 0xFF, 0xFF, 0xFF, 0xFF, 0xFF, 0xFF,
    0xFF, 0xFF, 0xFF, 0xFF, 0xFF, 0xFF, 0xFF, 0xFF, 0xFF, 0xFF, 0xFF, 0xFF, 0xFF, 0xFF, 0xFF, 0xFF,
    0xFF, 0xFF, 0xFF, 0xFF, 0xFF, 0xFF, 0xFF, 0xFF, 0xFF, 0xFF, 0xFF, 0xFF, 0xFF, 0xFF, 0xFF, 0xFF,
    0xFF, 0xFF, 0xFF, 0xFF, 0xFF, 0xFF, 0xFF, 0xFF, 0xFF, 0xFF, 0xFF, 0xFF, 0xFF, 0xFF, 0xFF, 0xFF,
    0xFF, 0xFF, 0xFF, 0xFF, 0xFF, 0xFF, 0xFF, 0xFF, 0xFF, 0xFF, 0xFF, 0xFF, 0xFF, 0xFF, 0xFF, 0xFF,
    0xFF, 0xFF, 0xFF, 0xFF, 0xFF, 0xFF, 0xFF, 0xFF, 0xFF, 0xFF, 0xFF, 0xFF, 0xFF, 0xFF, 0xFF, 0xFF,
    0xFF, 0xFF, 0xFF, 0xFF, 0xFF, 0xFF, 0xFF, 0xFF, 0xFF, 0xFF, 0xFF, 0xFF, 0xFF, 0xFF, 0xFF, 0xFF,
    0xFF, 0xFF, 0xFF, 0xFF, 0xFF, 0xFF, 0xFF, 0xFF, 0xFF, 0xFF, 0xFF, 0xFF, 0xFF, 0xFF, 0xFF, 0xFF,
    0xFF, 0xFF, 0xFF, 0xFF, 0xFF, 0xFF, 0xFF, 0xFF, 0xFF, 0xFF, 0xFF, 0xFF, 0xFF, 0xFF, 0xFF, 0xFF,
    0xFF, 0xFF, 0xFF, 0xFF, 0xFF, 0xFF, 0xFF, 0xFF, 0xFF, 0xFF, 0xFF, 0xFF, 0xFF, 0xFF, 0xFF, 0xFF,
    0xFF, 0xFF, 0xFF, 0xFF, 0xFF, 0xFF, 0xFF, 0xFF, 0xFF, 0xFF, 0xFF, 0xFF, 0xFF, 0xFF, 0xFF, 0xFF,
    0xFF, 0xFF, 0xFF, 0xFF, 0xFF, 0xFF, 0xFF, 0xFF, 0xFF, 0xFF, 0xFF, 0xFF, 0xFF, 0xFF, 0xFF, 0xFF,
    0xFF, 0xFF, 0xFF, 0xFF, 0xFF, 0xFF, 0xFF, 0xFF, 0xFF, 0xFF, 0xFF, 0xFF, 0xFF, 0xFF, 0xFF, 0xFF,
    0xFF, 0xFF, 0xFF, 0xFF, 0xFF, 0xFF, 0xFF, 0xFF, 0xFF, 0xFF, 0xFF, 0xFF, 0xFF, 0xFF, 0xFF, 0xFF,
    0xFF, 0xFF, 0xFF, 0xFF, 0xFF, 0xFF, 0xFF, 0xFF, 0xFF, 0xFF, 0xFF, 0xFF, 0xFF, 0xFF, 0xFF, 0xFF,
    0xFF, 0xFF, 0xFF, 0xFF, 0xFF, 0xFF, 0xFF, 0xFF, 0xFF, 0xFF, 0xFF, 0xFF, 0xFF, 0xFF, 0xFF, 0xFF,
    0xFF, 0xFF, 0xFF, 0xFF, 0xFF, 0xFF, 0xFF, 0xFF, 0xFF, 0xFF, 0xFF, 0xFF, 0xFF, 0xFF, 0xFF, 0xFF,
    0xFF, 0xFF, 0xFF, 0xFF, 0xFF, 0xFF, 0xFF, 0xFF, 0xFF, 0xFF, 0xFF, 0xFF, 0xFF, 0xFF, 0xFF, 0xFF,
};
static const lv_image_dsc_t icon_xiaozhi = {
    .header = { .magic = LV_IMAGE_HEADER_MAGIC, .cf = LV_COLOR_FORMAT_RGB565, .flags = 0, .w = 112, .h = 112, .stride = 224 },
    .data_size = sizeof(_icon_xiaozhi_data),
    .data = _icon_xiaozhi_data,
};
